annotator_id,item_id,label,updated_at
3,2025793587741647204:1,negative,2026-09-15 04:02:21.570852+00:00
3,1849056150580580570:0,positive,2026-09-13 08:51:26.909589+00:00
3,2055948372129771914:0,strongly_positive,2026-09-12 15:13:53.795707+00:00
3,2055948372129771914:1,strongly_positive,2026-09-12 15:13:57.304880+00:00
3,1849056150580580570:1,dont_know,2026-09-13 08:52:09.763560+00:00
3,2051506575588852104:0,negative,2026-09-12 15:25:19.230986+00:00
3,2051506575588852104:1,negative,2026-09-12 15:30:14.040589+00:00
3,2051143466277818515:0,neutral,2026-09-12 15:31:25.151650+00:00
3,2050070598173548852:1,neutral,2026-09-12 15:31:59.462084+00:00
3,2047639055240933617:0,negative,2026-09-12 15:40:02.640205+00:00
3,2047639055240933617:1,positive,2026-09-12 15:43:46.754903+00:00
3,2046603425518137754:0,positive,2026-09-12 15:45:53.024152+00:00
3,2046603425518137754:1,neutral,2026-09-12 15:46:12.406802+00:00
3,2044974129049489875:1,positive,2026-09-12 15:55:25.897730+00:00
3,2044974129049489875:2,positive,2026-09-12 15:55:54.206401+00:00
3,2043861294584046060:0,positive,2026-09-12 15:58:00.781915+00:00
3,2043861294584046060:2,positive,2026-09-12 15:58:11.588927+00:00
3,2043861294584046060:3,positive,2026-09-12 15:59:58.407638+00:00
3,2029522914585047263:0,strongly_positive,2026-09-12 16:03:48.275113+00:00
3,2010381897281765645:0,positive,2026-09-12 16:04:35.621844+00:00
3,2010202831266165244:0,dont_know,2026-09-12 16:06:16.297299+00:00
3,2003318779435217389:0,neutral,2026-09-12 16:07:38.807362+00:00
3,2003318779435217389:1,neutral,2026-09-12 16:07:53.357532+00:00
3,1991353804974121470:0,neutral,2026-09-12 16:08:10.627091+00:00
3,1977347455961170109:0,neutral,2026-09-12 16:08:29.942502+00:00
3,1974709481763409956:0,neutral,2026-09-12 16:13:29.330650+00:00
3,1970102676781445620:0,positive,2026-09-12 16:14:25.615121+00:00
3,1966546094214836536:0,positive,2026-09-12 16:14:57.275891+00:00
3,1966546094214836536:2,positive,2026-09-12 16:15:09.375422+00:00
3,1966546094214836536:4,positive,2026-09-12 16:15:46.896402+00:00
3,1965115818527834588:0,strongly_negative,2026-09-12 16:16:53.330322+00:00
3,1965115818527834588:1,strongly_negative,2026-09-12 16:17:01.997738+00:00
3,1965115818527834588:2,strongly_negative,2026-09-12 16:18:49.650035+00:00
3,1965115818527834588:3,strongly_negative,2026-09-12 16:18:59.525245+00:00
3,1917765232811807024:0,neutral,2026-09-12 16:21:15.424051+00:00
3,1895491822463643997:0,negative,2026-09-12 16:22:22.558067+00:00
3,1895115624688558160:0,neutral,2026-09-12 16:29:14.137823+00:00
3,1892547404110655764:0,neutral,2026-09-12 16:29:45.694047+00:00
3,1889890678760776178:0,neutral,2026-09-12 16:35:34.226156+00:00
3,1884248377074016474:0,positive,2026-09-12 16:38:39.198074+00:00
3,1883087723046793218:0,neutral,2026-09-12 16:40:34.339074+00:00
3,1880611909621411886:1,positive,2026-09-12 16:42:35.077960+00:00
3,1880611909621411886:2,positive,2026-09-12 16:42:43.338698+00:00
3,1880452927481082360:0,neutral,2026-09-12 16:44:02.203829+00:00
3,1880255812146508197:0,neutral,2026-09-12 16:44:20.604886+00:00
3,1880255812146508197:1,neutral,2026-09-12 16:45:32.273901+00:00
3,1880118460937826327:0,neutral,2026-09-12 16:45:56.685311+00:00
3,1880118460937826327:1,neutral,2026-09-12 16:46:08.790420+00:00
2,2079489463831650494:0,neutral,2026-09-12 17:24:55.266157+00:00
2,2055948372129771914:0,positive,2026-09-12 17:28:14.400955+00:00
2,2055948372129771914:1,neutral,2026-09-12 22:52:09.550748+00:00
3,1879907236874703020:0,neutral,2026-09-13 05:53:59.243970+00:00
3,1879907236874703020:1,neutral,2026-09-13 05:54:07.789863+00:00
3,1879465680900411677:0,neutral,2026-09-13 05:54:20.730972+00:00
3,1879465680900411677:1,neutral,2026-09-13 05:54:59.616759+00:00
3,1879465680900411677:2,neutral,2026-09-13 05:55:08.448911+00:00
3,1868534732730020272:1,negative,2026-09-13 06:10:01.509929+00:00
3,1860160179368763886:0,dont_know,2026-09-13 06:11:59.767622+00:00
3,1851725206446109042:0,positive,2026-09-13 06:12:09.061010+00:00
3,1851725206446109042:1,positive,2026-09-13 06:16:46.721444+00:00
3,1851725206446109042:2,dont_know,2026-09-13 07:39:41.181377+00:00
3,1851532064975147310:0,positive,2026-09-13 07:39:46.391019+00:00
3,1851532064975147310:1,neutral,2026-09-13 07:54:32.442807+00:00
3,1849789036174664041:0,dont_know,2026-09-13 08:37:38.845495+00:00
3,1849415147145875689:0,neutral,2026-09-13 08:43:09.554653+00:00
3,1846546571086692623:0,dont_know,2026-09-13 08:57:17.341701+00:00
3,1843210522701033674:0,neutral,2026-09-13 08:58:55.340057+00:00
3,1843210522701033674:1,neutral,2026-09-13 08:59:32.291531+00:00
3,1839890045999952234:0,neutral,2026-09-13 08:59:40.136684+00:00
3,1836772601030643806:0,positive,2026-09-13 09:04:38.077080+00:00
3,1834981891323117763:0,negative,2026-09-13 09:31:59.851098+00:00
3,1818260695835877403:2,neutral,2026-09-13 09:37:29.346066+00:00
3,1817067886973976765:1,neutral,2026-09-13 09:37:57.243868+00:00
3,1812509908472152119:0,neutral,2026-09-13 09:38:18.098088+00:00
3,1812509908472152119:1,neutral,2026-09-13 09:38:28.216850+00:00
3,1807975048130842936:0,dont_know,2026-09-13 09:38:54.378236+00:00
3,1807975048130842936:1,negative,2026-09-13 09:42:08.603664+00:00
3,1801260424232382677:0,negative,2026-09-13 12:46:44.853777+00:00
3,1800383705074049034:0,neutral,2026-09-13 12:47:06.111481+00:00
3,1794028364166308023:1,positive,2026-09-13 12:47:25.689468+00:00
3,1792530008550084622:1,strongly_negative,2026-09-14 05:28:19.438034+00:00
3,1792530008550084622:2,strongly_negative,2026-09-13 12:48:22.758819+00:00
3,2050070598173548852:0,neutral,2026-09-13 15:12:22.892570+00:00
3,2050070598173548852:2,positive,2026-09-13 15:13:31.324245+00:00
3,2050070598173548852:3,positive,2026-09-13 15:14:29.147442+00:00
3,2044974129049489875:0,strongly_positive,2026-09-13 15:15:38.428212+00:00
3,2043861294584046060:1,strongly_positive,2026-09-13 15:16:49.882288+00:00
3,2029380927437324462:0,positive,2026-09-13 15:17:30.534619+00:00
3,2022285493745136086:0,strongly_positive,2026-09-13 15:18:17.163507+00:00
3,1940395410553765898:0,positive,2026-09-13 15:24:15.046070+00:00
3,1889673591777542512:0,positive,2026-09-13 15:25:40.912713+00:00
3,1884248377074016474:1,positive,2026-09-13 15:25:58.706048+00:00
3,1879393665686401347:0,neutral,2026-09-13 15:29:48.964491+00:00
3,1878740450242330708:0,positive,2026-09-13 15:30:22.699662+00:00
3,1877706781675401313:0,positive,2026-09-14 05:14:14.452844+00:00
3,1849279601429885225:0,positive,2026-09-14 05:20:37.661198+00:00
3,1846546571086692623:1,dont_know,2026-09-14 05:22:29.762999+00:00
3,1830938330873397683:0,strongly_negative,2026-09-14 05:23:16.328115+00:00
3,1830938330873397683:1,strongly_negative,2026-09-14 05:23:22.975002+00:00
3,1818260695835877403:0,positive,2026-09-14 05:23:42.736897+00:00
3,1818260695835877403:3,positive,2026-09-14 05:24:54.486753+00:00
3,1817442853704081467:0,positive,2026-09-14 05:25:48.147176+00:00
3,1794028364166308023:0,positive,2026-09-14 05:27:37.929426+00:00
3,1786343893916925997:0,neutral,2026-09-13 12:48:29.036200+00:00
3,1784415335099388123:0,neutral,2026-09-13 12:48:40.047531+00:00
3,1783832428970475527:1,positive,2026-09-13 12:48:59.469384+00:00
3,1782026584381088250:0,neutral,2026-09-13 12:49:10.942762+00:00
3,1782026584381088250:1,neutral,2026-09-13 12:49:21.373924+00:00
3,1781150788062208032:0,neutral,2026-09-13 12:49:34.444497+00:00
3,1780072458999021788:0,positive,2026-09-13 12:49:49.045165+00:00
3,1780072458999021788:2,positive,2026-09-13 12:50:02.847850+00:00
3,1777221030697967806:0,neutral,2026-09-13 12:51:02.242082+00:00
3,1777221030697967806:1,neutral,2026-09-13 12:51:08.653968+00:00
3,1753815875545886776:0,dont_know,2026-09-13 12:51:47.625679+00:00
3,1746943718987579748:0,negative,2026-09-13 12:53:00.779695+00:00
3,1745091582850740654:0,positive,2026-09-13 12:53:09.521171+00:00
3,1740779377884057654:0,negative,2026-09-13 12:54:10.772258+00:00
3,1740779377884057654:1,negative,2026-09-13 12:54:15.606282+00:00
3,1739489075428762075:0,positive,2026-09-13 12:54:20.712650+00:00
3,1737454613178335429:0,neutral,2026-09-13 12:54:40.259172+00:00
3,1737454613178335429:1,neutral,2026-09-13 12:54:56.441409+00:00
3,1736344721679884723:0,neutral,2026-09-13 12:55:10.794237+00:00
3,1727735121615458671:0,dont_know,2026-09-13 12:56:18.830280+00:00
3,1726219165009416223:0,positive,2026-09-13 12:56:28.381540+00:00
3,1726219165009416223:1,positive,2026-09-13 12:56:37.495511+00:00
3,1721475512328212923:0,neutral,2026-09-13 12:56:54.346065+00:00
3,1721356627394412933:0,dont_know,2026-09-13 12:57:30.879134+00:00
3,1721356627394412933:1,neutral,2026-09-13 12:57:35.515789+00:00
3,1711558253820395896:0,neutral,2026-09-13 12:58:01.682554+00:00
3,1711558253820395896:1,neutral,2026-09-13 12:58:08.313392+00:00
3,1711031101169234210:0,neutral,2026-09-13 13:03:49.417469+00:00
3,1711031101169234210:1,neutral,2026-09-13 13:03:55.020460+00:00
3,1704474199015014626:1,negative,2026-09-13 13:05:43.850019+00:00
3,1696755297082335741:0,positive,2026-09-13 13:06:33.214162+00:00
3,1690332267611385856:0,negative,2026-09-13 13:07:48.729396+00:00
3,1690332267611385856:1,negative,2026-09-13 13:07:57.646010+00:00
3,1679101708482527234:1,negative,2026-09-13 13:12:27.853646+00:00
3,1678035549230346241:0,strongly_negative,2026-09-13 13:15:32.281937+00:00
3,1678035549230346241:1,strongly_negative,2026-09-13 13:15:42.817367+00:00
3,1676981139624562688:1,strongly_negative,2026-09-13 13:16:08.426464+00:00
3,1676981139624562688:2,strongly_negative,2026-09-13 13:17:44.992049+00:00
3,1649232255456514050:0,dont_know,2026-09-14 05:49:01.142632+00:00
3,1669339613633351681:1,negative,2026-09-13 13:22:15.996367+00:00
3,1669339613633351681:2,positive,2026-09-13 13:22:22.799163+00:00
3,1663390189014888449:0,negative,2026-09-13 13:22:38.332693+00:00
3,1663390189014888449:1,negative,2026-09-13 13:22:45.291923+00:00
3,1658123543803047941:0,neutral,2026-09-13 13:23:08.286004+00:00
3,1658123543803047941:1,neutral,2026-09-13 13:23:15.377785+00:00
3,1657246619669270528:0,neutral,2026-09-13 13:23:22.606194+00:00
3,1657246619669270528:1,neutral,2026-09-13 13:23:28.761384+00:00
3,1653282851876642816:0,positive,2026-09-13 13:24:14.963461+00:00
3,1651789071772184582:1,negative,2026-09-13 13:24:22.590848+00:00
3,1651789071772184582:2,negative,2026-09-13 13:27:14.294713+00:00
3,1649412648436486148:0,dont_know,2026-09-13 13:27:23.382699+00:00
3,1649412648436486148:2,positive,2026-09-13 13:27:29.870361+00:00
3,1649412648436486148:3,positive,2026-09-13 13:27:41.216555+00:00
3,1649232255456514050:1,positive,2026-09-13 13:28:29.541535+00:00
3,1646404390302138368:0,negative,2026-09-13 13:28:37.968064+00:00
3,1646404390302138368:1,strongly_negative,2026-09-13 13:28:50.820698+00:00
3,1646404390302138368:2,strongly_negative,2026-09-13 13:28:56.714162+00:00
3,1644530625599410176:0,negative,2026-09-13 13:29:04.403762+00:00
3,1644530625599410176:1,strongly_negative,2026-09-13 13:29:13.370325+00:00
3,1643220820117045255:0,dont_know,2026-09-13 13:30:07.970136+00:00
3,1638156188738265089:0,negative,2026-09-13 13:30:15.731466+00:00
3,1638156188738265089:1,negative,2026-09-13 13:30:24.863076+00:00
3,1638156188738265089:2,positive,2026-09-13 13:30:50.242599+00:00
3,1637106693426511872:0,dont_know,2026-09-13 13:31:05.643345+00:00
3,1637106693426511872:2,positive,2026-09-13 13:31:27.703929+00:00
3,1632000726712057857:0,dont_know,2026-09-13 13:32:18.450716+00:00
3,1674370790744281088:0,positive,2026-09-13 14:26:26.312814+00:00
3,1606995014575599618:1,negative,2026-09-13 14:27:43.658054+00:00
3,1606668578375491585:0,negative,2026-09-13 14:29:01.830057+00:00
3,1601588210970173440:0,positive,2026-09-13 14:29:08.015907+00:00
3,1576399633106219009:0,neutral,2026-09-13 14:29:17.066635+00:00
3,1576399633106219009:1,neutral,2026-09-13 14:29:36.549922+00:00
3,1576399633106219009:2,neutral,2026-09-13 14:29:42.497738+00:00
3,1573528372676030464:0,positive,2026-09-13 14:31:22.912416+00:00
3,1572981744026161160:0,dont_know,2026-09-13 14:32:19.867980+00:00
3,1571740107522330627:0,positive,2026-09-13 14:32:31.550259+00:00
3,1571740107522330627:1,positive,2026-09-13 14:32:35.339641+00:00
3,1571486743207227393:0,positive,2026-09-13 14:33:36.470178+00:00
3,1571486743207227393:1,neutral,2026-09-13 14:33:42.854469+00:00
3,1570582295572283393:0,neutral,2026-09-13 14:33:50.741161+00:00
3,1570582295572283393:1,neutral,2026-09-13 14:33:59.606337+00:00
3,1570582295572283393:2,neutral,2026-09-13 14:34:28.881697+00:00
3,1563128813504315399:1,positive,2026-09-13 14:35:27.488483+00:00
3,1563128813504315399:3,neutral,2026-09-13 14:35:38.355958+00:00
3,1780072458999021788:1,positive,2026-09-14 05:30:00.585589+00:00
3,1777679783880720560:0,negative,2026-09-14 05:30:19.465179+00:00
3,1711366542087336217:0,positive,2026-09-14 05:35:01.506125+00:00
3,1704824346450272538:0,negative,2026-09-14 05:37:17.473039+00:00
3,1704474199015014626:0,positive,2026-09-14 05:37:35.197716+00:00
3,1695258991939797071:0,positive,2026-09-14 05:41:16.255607+00:00
3,1695258991939797071:1,positive,2026-09-14 05:41:18.947456+00:00
3,1693803964008219132:0,positive,2026-09-14 05:41:32.504142+00:00
3,1682695899137589249:0,dont_know,2026-09-14 05:42:07.034947+00:00
3,1676981139624562688:0,strongly_negative,2026-09-14 05:43:14.444310+00:00
3,1674370790744281088:1,strongly_negative,2026-09-14 05:43:34.643996+00:00
3,1671850551640985601:0,positive,2026-09-14 05:44:33.781425+00:00
3,1669339613633351681:0,negative,2026-09-14 05:44:45.374779+00:00
3,1637106693426511872:1,dont_know,2026-09-14 05:50:36.570874+00:00
3,1631511866806784002:0,positive,2026-09-14 05:50:58.646280+00:00
3,1631511866806784002:1,positive,2026-09-14 05:51:09.117722+00:00
3,1606995014575599618:0,negative,2026-09-14 05:51:24.193005+00:00
3,1563128813504315399:0,dont_know,2026-09-14 05:55:27.024828+00:00
3,1563128813504315399:2,positive,2026-09-14 05:55:49.587581+00:00
3,1563128813504315399:4,positive,2026-09-14 05:59:50.460006+00:00
3,1562763661084864512:1,neutral,2026-09-13 14:37:14.773852+00:00
3,1562763661084864512:3,negative,2026-09-13 14:37:33.887055+00:00
3,1559543867938316288:0,strongly_negative,2026-09-13 14:41:14.932058+00:00
3,1558379222741434369:0,neutral,2026-09-13 14:41:56.140835+00:00
3,1558379222741434369:1,negative,2026-09-13 14:42:19.362066+00:00
3,1558379222741434369:4,negative,2026-09-13 14:42:24.988672+00:00
3,1547958207662141440:0,dont_know,2026-09-13 14:44:25.960611+00:00
3,1547734048524861440:0,neutral,2026-09-13 14:44:40.625428+00:00
3,1547734048524861440:1,neutral,2026-09-13 14:44:49.164207+00:00
3,1547734048524861440:2,dont_know,2026-09-13 14:45:51.594219+00:00
3,1506083838367178756:0,neutral,2026-09-14 06:32:04.208434+00:00
3,1546455011517153280:0,neutral,2026-09-13 14:47:16.654845+00:00
3,1546455011517153280:1,neutral,2026-09-13 14:47:27.224197+00:00
3,1541444000028454913:0,neutral,2026-09-13 14:48:06.459170+00:00
3,1541444000028454913:1,neutral,2026-09-13 14:48:14.170957+00:00
3,1533636974900555777:0,neutral,2026-09-13 14:48:28.120529+00:00
3,1524086221815029760:1,dont_know,2026-09-13 14:48:34.326675+00:00
3,1524086221815029760:2,dont_know,2026-09-13 14:48:42.962048+00:00
3,1521543862719709184:0,neutral,2026-09-13 14:49:27.695461+00:00
3,1520298164342771712:0,dont_know,2026-09-13 14:53:56.025421+00:00
3,1518583323345375232:0,neutral,2026-09-13 14:54:09.523707+00:00
3,1518583323345375232:1,neutral,2026-09-13 14:54:26.381351+00:00
3,1518403849966419968:0,neutral,2026-09-13 14:54:36.659654+00:00
3,1518403849966419968:4,positive,2026-09-13 14:55:31.148632+00:00
3,1517149782908698624:0,neutral,2026-09-13 14:55:43.984393+00:00
3,1515345006545887238:1,positive,2026-09-13 14:59:24.218373+00:00
3,1514478158652723208:0,strongly_positive,2026-09-13 15:03:16.508313+00:00
3,1514478158652723208:1,positive,2026-09-13 15:06:03.776351+00:00
3,1514430964520263680:0,positive,2026-09-13 15:07:40.138238+00:00
3,1514430964520263680:1,strongly_positive,2026-09-13 15:08:28.821343+00:00
3,2079489463831650494:0,neutral,2026-09-13 15:09:12.600874+00:00
3,2005655453251113287:0,strongly_positive,2026-09-13 15:21:20.438028+00:00
3,1792530008550084622:0,strongly_negative,2026-09-14 05:28:08.310353+00:00
3,1783832428970475527:0,positive,2026-09-14 05:29:03.398115+00:00
3,1679101708482527234:0,negative,2026-09-14 05:42:24.065620+00:00
3,1562763661084864512:0,negative,2026-09-14 06:00:13.058973+00:00
3,1562763661084864512:4,negative,2026-09-14 06:01:36.083526+00:00
3,1548454326884265984:0,negative,2026-09-14 06:02:28.754878+00:00
3,1547960697782665216:0,positive,2026-09-14 06:03:25.636165+00:00
3,1547734048524861440:3,positive,2026-09-14 06:06:01.694378+00:00
3,1523468074779025408:0,positive,2026-09-14 06:07:23.740855+00:00
3,1521543862719709184:1,positive,2026-09-14 06:09:13.454088+00:00
3,1521543862719709184:2,positive,2026-09-14 06:09:23.491387+00:00
3,1520398460259819520:0,positive,2026-09-14 06:09:35.432880+00:00
3,1518403849966419968:1,positive,2026-09-14 06:11:44.123245+00:00
3,1518403849966419968:2,positive,2026-09-14 06:11:50.541249+00:00
3,1518403849966419968:3,positive,2026-09-14 06:11:57.186148+00:00
3,1506083838367178756:1,negative,2026-09-14 06:32:17.393100+00:00
3,1516611736270376962:0,neutral,2026-09-14 06:12:44.213861+00:00
3,1515345006545887238:0,positive,2026-09-14 06:12:56.213191+00:00
3,1514478158652723208:2,dont_know,2026-09-14 06:14:48.898153+00:00
3,1514159368672989184:0,neutral,2026-09-14 06:15:22.344755+00:00
3,1514159368672989184:1,neutral,2026-09-14 06:15:31.852989+00:00
3,1513536325906931712:0,positive,2026-09-14 06:16:03.027636+00:00
3,1513536325906931712:1,positive,2026-09-14 06:16:06.084721+00:00
3,1513536325906931712:2,positive,2026-09-14 06:16:12.595529+00:00
3,1513367768552280064:0,positive,2026-09-14 06:16:24.980645+00:00
3,1510427804617248768:0,dont_know,2026-09-14 06:16:32.383674+00:00
3,1510427804617248768:1,dont_know,2026-09-14 06:17:33.446231+00:00
3,1510232412160098409:0,negative,2026-09-14 06:18:05.542406+00:00
3,1510232412160098409:1,positive,2026-09-14 06:18:21.218414+00:00
3,1509360382485295107:0,neutral,2026-09-14 06:19:48.360980+00:00
3,1509360382485295107:1,neutral,2026-09-14 06:20:09.193315+00:00
3,1509360382485295107:2,neutral,2026-09-14 06:20:13.325065+00:00
3,1509360382485295107:3,neutral,2026-09-14 06:20:19.710115+00:00
3,1509171876190310408:0,negative,2026-09-14 06:20:50.772636+00:00
3,1508995833399705605:0,neutral,2026-09-14 06:21:01.680822+00:00
3,1508995833399705605:1,positive,2026-09-14 06:21:20.411693+00:00
3,1508621103169646593:0,positive,2026-09-14 06:22:39.497026+00:00
3,1508621103169646593:1,positive,2026-09-14 06:22:46.376285+00:00
3,1508621103169646593:2,neutral,2026-09-14 06:23:20.319049+00:00
3,1508621103169646593:3,positive,2026-09-14 06:23:23.241823+00:00
3,1508280677078249477:0,positive,2026-09-14 06:25:19.944290+00:00
3,1508280677078249477:1,dont_know,2026-09-14 06:25:43.047812+00:00
3,1507895866543116290:0,positive,2026-09-14 06:27:25.712928+00:00
3,1507895866543116290:1,positive,2026-09-14 06:27:33.489849+00:00
3,1507518901726302213:0,negative,2026-09-14 06:28:35.708881+00:00
3,1507518901726302213:1,positive,2026-09-14 06:28:50.480956+00:00
3,1507039209034375195:0,positive,2026-09-14 06:29:56.953773+00:00
3,1506816848527966210:0,positive,2026-09-14 06:31:40.409116+00:00
3,1506083838367178756:2,negative,2026-09-14 06:32:26.584739+00:00
3,1505525826082680837:0,positive,2026-09-14 06:33:08.534357+00:00
3,1505143205435650049:0,positive,2026-09-14 06:37:02.745491+00:00
3,1505143205435650049:1,positive,2026-09-14 06:37:12.552473+00:00
3,1504667144558051329:0,positive,2026-09-14 06:37:26.008125+00:00
3,1504667144558051329:1,positive,2026-09-14 06:37:32.165425+00:00
3,1504296764450299905:0,positive,2026-09-14 06:37:36.929308+00:00
3,1504296267672743938:0,dont_know,2026-09-14 06:40:36.531962+00:00
3,1504113659160629261:0,positive,2026-09-14 06:41:29.711104+00:00
2,2051506575588852104:0,strongly_negative,2026-09-14 06:41:55.029616+00:00
3,1503374210458038276:0,positive,2026-09-14 06:41:55.957401+00:00
3,1502814911591710722:0,negative,2026-09-14 06:42:25.841704+00:00
2,2051506575588852104:1,dont_know,2026-09-14 06:42:46.851020+00:00
3,1502814911591710722:1,positive,2026-09-14 06:42:48.703858+00:00
2,2051143466277818515:0,positive,2026-09-14 06:43:09.387015+00:00
3,1502814911591710722:2,negative,2026-09-14 06:43:19.737637+00:00
2,2050070598173548852:0,strongly_positive,2026-09-14 06:43:22.461272+00:00
2,2050070598173548852:1,strongly_positive,2026-09-14 06:43:28.395830+00:00
2,2050070598173548852:2,positive,2026-09-14 06:43:46.627292+00:00
3,1502126561100636169:0,neutral,2026-09-14 06:43:58.453008+00:00
3,1502126561100636169:1,positive,2026-09-14 06:44:24.563470+00:00
3,1502126561100636169:2,dont_know,2026-09-14 06:44:31.794995+00:00
3,1499207174404251649:0,negative,2026-09-14 06:44:47.677231+00:00
2,2050070598173548852:3,positive,2026-09-14 06:45:09.708437+00:00
2,2047639055240933617:0,negative,2026-09-14 06:46:04.593878+00:00
2,2047639055240933617:1,dont_know,2026-09-14 06:46:22.946523+00:00
3,1499207174404251649:1,neutral,2026-09-14 06:47:20.968784+00:00
2,2046603425518137754:1,neutral,2026-09-14 06:47:26.983373+00:00
2,2046603425518137754:0,neutral,2026-09-14 06:47:33.669695+00:00
3,1498496981232091141:0,positive,2026-09-14 06:47:34.881014+00:00
3,1498496981232091141:1,positive,2026-09-14 06:47:48.285340+00:00
2,2044974129049489875:0,neutral,2026-09-14 06:47:56.445885+00:00
2,2044974129049489875:1,neutral,2026-09-14 06:48:15.824160+00:00
3,1497939579285880835:0,positive,2026-09-14 06:48:23.906612+00:00
3,1497044814566617089:0,positive,2026-09-14 06:48:34.243234+00:00
2,2044974129049489875:2,neutral,2026-09-14 06:48:35.778535+00:00
3,1497044814566617089:1,neutral,2026-09-14 06:48:55.549501+00:00
2,2043861294584046060:0,dont_know,2026-09-14 06:49:05.814773+00:00
3,1495008739191001093:0,positive,2026-09-14 06:49:44.054070+00:00
2,2043861294584046060:1,strongly_positive,2026-09-14 06:49:47.630903+00:00
2,2043861294584046060:2,strongly_positive,2026-09-14 06:49:56.223740+00:00
2,2043861294584046060:3,positive,2026-09-14 06:50:05.906873+00:00
3,1495008739191001093:1,positive,2026-09-14 06:50:08.762072+00:00
2,2029522914585047263:0,positive,2026-09-14 06:50:17.321782+00:00
3,1494836432032059393:0,positive,2026-09-14 06:50:20.254673+00:00
2,2029380927437324462:0,neutral,2026-09-14 06:50:24.921572+00:00
2,2022285493745136086:0,positive,2026-09-14 06:50:29.918523+00:00
3,1494304217162412033:0,neutral,2026-09-14 06:50:34.597408+00:00
2,2010381897281765645:0,positive,2026-09-14 06:50:35.736113+00:00
3,1494304217162412033:1,negative,2026-09-14 06:50:46.273562+00:00
2,2010202831266165244:0,negative,2026-09-14 06:50:57.850870+00:00
3,1494304217162412033:2,positive,2026-09-14 06:51:00.240058+00:00
2,2005655453251113287:0,strongly_positive,2026-09-14 06:51:03.374334+00:00
2,2003318779435217389:0,neutral,2026-09-14 06:51:31.345305+00:00
2,2003318779435217389:1,neutral,2026-09-14 06:51:43.804957+00:00
3,1494194637212323841:0,positive,2026-09-14 06:51:55.503914+00:00
2,1991353804974121470:0,neutral,2026-09-14 06:51:56.550474+00:00
3,1493974926075727874:0,dont_know,2026-09-14 06:52:03.391141+00:00
2,1977347455961170109:0,neutral,2026-09-14 06:52:10.272639+00:00
3,1492879674090803204:0,neutral,2026-09-14 06:52:31.991435+00:00
2,1974709481763409956:0,neutral,2026-09-14 06:52:35.432317+00:00
3,1491394692252303361:0,negative,2026-09-14 06:52:39.029815+00:00
2,1970102676781445620:0,neutral,2026-09-14 06:52:44.256190+00:00
3,1491394692252303361:1,negative,2026-09-14 06:52:46.686776+00:00
3,1491394692252303361:2,positive,2026-09-14 06:52:52.204794+00:00
2,1966546094214836536:0,strongly_positive,2026-09-14 06:52:53.390245+00:00
2,1966546094214836536:2,strongly_positive,2026-09-14 06:52:59.792699+00:00
3,2092485427110510649:0,neutral,2026-09-14 06:53:06.346871+00:00
2,1966546094214836536:4,strongly_positive,2026-09-14 06:53:06.431278+00:00
2,1965115818527834588:0,strongly_negative,2026-09-14 06:53:16.592097+00:00
3,2092485427110510649:1,neutral,2026-09-14 06:53:19.887286+00:00
2,1965115818527834588:1,negative,2026-09-14 06:53:24.033719+00:00
2,1965115818527834588:2,negative,2026-09-14 06:53:32.239698+00:00
2,1965115818527834588:3,strongly_negative,2026-09-14 06:53:47.492888+00:00
2,1940395410553765898:0,positive,2026-09-14 06:54:01.902841+00:00
3,2092485427110510649:2,positive,2026-09-14 06:54:06.726424+00:00
2,1917765232811807024:0,neutral,2026-09-14 06:54:16.341033+00:00
2,1895491822463643997:0,strongly_negative,2026-09-14 06:54:36.734295+00:00
2,1895115624688558160:0,neutral,2026-09-14 06:55:00.229618+00:00
3,2091752366966182317:0,neutral,2026-09-14 06:55:06.455660+00:00
3,2091752366966182317:1,neutral,2026-09-14 06:55:16.057323+00:00
2,1892547404110655764:0,neutral,2026-09-14 06:55:19.519453+00:00
2,1889890678760776178:0,neutral,2026-09-14 06:55:31.791981+00:00
3,2091752366966182317:2,negative,2026-09-14 06:55:40.893763+00:00
2,1889673591777542512:0,neutral,2026-09-14 06:55:52.970441+00:00
2,1884248377074016474:0,neutral,2026-09-14 06:56:04.687239+00:00
2,1884248377074016474:1,neutral,2026-09-14 06:56:14.343648+00:00
2,1883087723046793218:0,neutral,2026-09-14 06:56:24.773135+00:00
2,1880611909621411886:1,neutral,2026-09-14 06:56:39.369172+00:00
2,1880611909621411886:2,positive,2026-09-14 06:56:46.119282+00:00
2,1880452927481082360:0,neutral,2026-09-14 06:57:08.398906+00:00
2,1880255812146508197:0,neutral,2026-09-14 06:57:27.677154+00:00
3,2091150913520234579:0,strongly_positive,2026-09-14 07:11:49.546976+00:00
3,2091150913520234579:1,positive,2026-09-14 07:11:53.906423+00:00
3,2090823302034178101:0,positive,2026-09-14 07:14:11.544464+00:00
3,2090823302034178101:1,neutral,2026-09-14 07:15:09.386871+00:00
3,2090797883109048469:0,neutral,2026-09-14 07:15:47.390172+00:00
3,2090797883109048469:1,negative,2026-09-14 07:15:56.242479+00:00
3,2090797883109048469:2,negative,2026-09-14 07:18:39.614134+00:00
3,2090279914897658098:0,positive,2026-09-14 07:20:59.339649+00:00
3,2090279914897658098:1,positive,2026-09-14 07:21:04.474246+00:00
3,2089259918453002243:0,negative,2026-09-14 07:21:19.085113+00:00
3,2089259918453002243:1,neutral,2026-09-14 07:21:41.047711+00:00
3,2089259918453002243:2,positive,2026-09-14 07:22:02.688560+00:00
3,2087047255572553761:0,negative,2026-09-14 07:22:19.212892+00:00
3,2087047255572553761:1,positive,2026-09-14 07:23:22.000414+00:00
3,2087047255572553761:2,negative,2026-09-14 07:23:42.138528+00:00
3,2086320584020095028:0,positive,2026-09-14 07:23:53.782790+00:00
3,2086320584020095028:1,positive,2026-09-14 07:24:07.122730+00:00
3,2083216146178724343:0,neutral,2026-09-14 07:24:57.800016+00:00
3,2082879973795500525:0,negative,2026-09-14 07:25:18.873407+00:00
3,2082131688398967085:0,negative,2026-09-14 07:25:31.168716+00:00
3,2082047973517824070:0,negative,2026-09-14 07:25:42.572188+00:00
3,2082047973517824070:1,positive,2026-09-14 07:30:45.220846+00:00
3,2082033066890158190:0,neutral,2026-09-14 07:31:06.023762+00:00
3,2082033066890158190:1,negative,2026-09-14 07:31:25.050122+00:00
3,2079593884079038752:0,neutral,2026-09-14 07:31:50.462598+00:00
3,2079593884079038752:1,neutral,2026-09-14 07:32:00.286840+00:00
3,2079526394007347589:0,positive,2026-09-14 07:32:10.837640+00:00
3,2079526394007347589:1,negative,2026-09-14 07:32:26.581595+00:00
3,2079526394007347589:2,negative,2026-09-14 07:32:40.340007+00:00
3,2079526394007347589:3,negative,2026-09-14 07:33:14.060935+00:00
3,2079063127002665044:1,positive,2026-09-14 07:33:36.004008+00:00
3,2079063127002665044:2,neutral,2026-09-14 07:33:54.073390+00:00
3,2079063127002665044:3,positive,2026-09-14 07:34:27.828861+00:00
3,2079063127002665044:0,neutral,2026-09-14 07:34:37.222899+00:00
3,2078994832937357383:2,positive,2026-09-14 07:35:04.631286+00:00
3,2078994832937357383:1,strongly_positive,2026-09-14 07:35:19.726440+00:00
3,2078994832937357383:3,negative,2026-09-14 07:35:59.762058+00:00
3,2078994832937357383:4,positive,2026-09-14 07:36:04.108471+00:00
3,2078994832937357383:5,strongly_positive,2026-09-14 07:36:08.136517+00:00
3,2078308233505353907:0,negative,2026-09-14 07:37:02.411703+00:00
3,2076887223463817700:0,negative,2026-09-14 07:42:24.190196+00:00
3,2076887223463817700:1,negative,2026-09-14 07:42:39.700378+00:00
3,2075963380696019162:0,strongly_negative,2026-09-14 07:43:23.836504+00:00
3,2075963380696019162:1,negative,2026-09-14 07:44:24.755903+00:00
3,2075486752509227280:0,negative,2026-09-14 07:45:04.695093+00:00
3,2075486752509227280:1,negative,2026-09-14 07:45:11.951131+00:00
3,2075486752509227280:2,negative,2026-09-14 07:45:20.712833+00:00
3,2075486752509227280:3,neutral,2026-09-14 07:45:31.226447+00:00
3,2072598352563519496:0,negative,2026-09-14 07:51:56.703848+00:00
3,2072598352563519496:1,positive,2026-09-14 07:52:09.900527+00:00
3,2071101942143865198:0,positive,2026-09-14 07:53:02.016961+00:00
3,2068520073439117737:0,positive,2026-09-14 07:54:11.007618+00:00
3,2060224446989041909:0,negative,2026-09-14 07:55:10.719795+00:00
3,2060224446989041909:1,neutral,2026-09-14 07:55:52.388309+00:00
3,2060206479500783739:0,positive,2026-09-14 07:56:18.793190+00:00
3,2060206479500783739:1,positive,2026-09-14 07:56:37.369095+00:00
3,2059965627746681260:0,strongly_positive,2026-09-14 07:57:09.343863+00:00
3,2059965627746681260:1,positive,2026-09-14 07:57:16.399695+00:00
3,2059965627746681260:2,positive,2026-09-14 07:57:34.228862+00:00
3,2059861241099870587:0,strongly_positive,2026-09-14 07:57:46.190286+00:00
3,2059861241099870587:1,strongly_positive,2026-09-14 07:57:55.553467+00:00
3,2059861241099870587:2,positive,2026-09-14 07:58:10.375624+00:00
3,2058143440475390093:0,strongly_positive,2026-09-14 07:58:33.708868+00:00
3,2058143440475390093:1,dont_know,2026-09-14 07:58:46.178429+00:00
3,2055298238383857772:0,positive,2026-09-14 07:59:14.581702+00:00
3,2055298238383857772:1,negative,2026-09-14 07:59:22.462200+00:00
3,2054053239226867796:0,positive,2026-09-14 07:59:34.373063+00:00
3,2054053239226867796:1,positive,2026-09-14 07:59:49.857408+00:00
3,2050768367502721522:0,neutral,2026-09-14 07:59:55.948620+00:00
3,2050768367502721522:1,neutral,2026-09-14 08:00:02.694605+00:00
3,2050768367502721522:2,negative,2026-09-14 08:00:14.867369+00:00
3,2050768367502721522:3,positive,2026-09-14 08:00:32.605373+00:00
3,2050169483994743241:0,negative,2026-09-14 08:03:50.023278+00:00
3,2050169483994743241:1,negative,2026-09-14 08:04:04.916700+00:00
3,2050074847225712666:0,positive,2026-09-14 08:04:14.361011+00:00
3,2050074847225712666:1,positive,2026-09-14 08:04:21.548886+00:00
3,2050059024364929407:0,positive,2026-09-14 08:04:34.291345+00:00
3,2050059024364929407:1,positive,2026-09-14 08:04:43.652080+00:00
3,2050059024364929407:2,positive,2026-09-14 08:04:53.799778+00:00
3,2049815509345120498:1,neutral,2026-09-14 08:08:59.891380+00:00
3,2049815509345120498:2,neutral,2026-09-14 08:09:18.399957+00:00
3,2049763499136647201:0,neutral,2026-09-14 08:09:33.963668+00:00
3,2049763499136647201:1,neutral,2026-09-14 08:09:58.803240+00:00
3,2049763499136647201:2,dont_know,2026-09-14 08:13:07.089768+00:00
3,2049495175463149797:0,positive,2026-09-14 08:13:22.800064+00:00
3,2048608482212131305:0,positive,2026-09-14 08:13:30.644145+00:00
3,2048608482212131305:1,positive,2026-09-14 08:13:37.158516+00:00
3,2048608482212131305:2,positive,2026-09-14 08:13:43.534992+00:00
3,2048053385577087477:0,strongly_positive,2026-09-14 08:14:03.168846+00:00
3,2046548438071001187:0,positive,2026-09-14 08:14:19.294482+00:00
3,2046548438071001187:1,positive,2026-09-14 08:14:35.686487+00:00
3,2045821501262442998:0,positive,2026-09-14 08:15:08.639558+00:00
3,2045375550559257007:0,positive,2026-09-14 08:15:23.735247+00:00
3,2045375550559257007:1,neutral,2026-09-14 08:18:18.984266+00:00
3,2045375550559257007:2,positive,2026-09-14 08:18:59.863052+00:00
3,2044986998474297558:0,positive,2026-09-14 08:19:09.324227+00:00
3,2044986998474297558:1,positive,2026-09-14 08:19:14.683571+00:00
3,2044986998474297558:2,positive,2026-09-14 08:19:19.321502+00:00
3,2043871497991926058:0,positive,2026-09-14 08:19:34.665074+00:00
3,2043871497991926058:1,positive,2026-09-14 08:19:43.516908+00:00
3,2043871497991926058:2,positive,2026-09-14 08:19:47.238206+00:00
3,2043271216518373596:0,positive,2026-09-14 08:20:17.826280+00:00
3,2043271216518373596:1,positive,2026-09-14 08:20:26.473355+00:00
3,2037447141271150907:0,positive,2026-09-14 08:20:48.963464+00:00
3,2037447141271150907:1,positive,2026-09-14 08:21:17.863907+00:00
3,2037350123659997369:0,positive,2026-09-14 08:21:41.417768+00:00
3,2035248225943474322:0,positive,2026-09-14 08:23:57.843176+00:00
3,2032356691808043471:0,negative,2026-09-14 08:24:12.929148+00:00
3,2032356691808043471:1,negative,2026-09-14 08:24:21.834312+00:00
3,2032356691808043471:2,negative,2026-09-14 08:24:52.660133+00:00
3,2030498567123866058:0,positive,2026-09-14 08:25:33.268183+00:00
3,2030498567123866058:1,positive,2026-09-14 08:25:43.369530+00:00
3,2029409830201606569:1,positive,2026-09-14 08:25:51.658483+00:00
3,2029405649487220827:0,dont_know,2026-09-14 08:26:19.283636+00:00
3,2029021029373555061:0,positive,2026-09-14 08:26:39.301000+00:00
3,2029021029373555061:1,strongly_positive,2026-09-14 08:26:53.488834+00:00
3,2029021029373555061:2,positive,2026-09-14 08:29:05.759444+00:00
3,2028828323657478241:0,negative,2026-09-14 08:29:37.376646+00:00
3,2028828323657478241:1,negative,2026-09-14 08:29:49.150409+00:00
3,2028500019557355982:0,positive,2026-09-14 08:30:00.536020+00:00
3,2028500019557355982:1,positive,2026-09-14 08:30:07.048326+00:00
3,2028500019557355982:2,positive,2026-09-14 08:30:22.625698+00:00
3,2028500019557355982:3,dont_know,2026-09-14 08:30:31.370297+00:00
3,2028479885237465486:0,positive,2026-09-14 08:30:44.969717+00:00
3,2028479885237465486:1,positive,2026-09-14 08:30:55.257133+00:00
3,2028479885237465486:2,neutral,2026-09-14 08:31:08.906683+00:00
3,2028479885237465486:3,negative,2026-09-14 08:31:30.810091+00:00
3,2028479885237465486:4,positive,2026-09-14 08:31:41.259906+00:00
3,2028470998300037579:0,positive,2026-09-14 08:31:56.827697+00:00
3,2028466616040931606:0,dont_know,2026-09-14 08:32:15.249026+00:00
3,2028381856467739096:0,neutral,2026-09-14 08:32:37.949067+00:00
3,2028381856467739096:1,neutral,2026-09-14 08:36:24.794836+00:00
3,2028366163986821245:0,positive,2026-09-14 08:37:24.848266+00:00
3,2028366163986821245:1,strongly_positive,2026-09-14 08:37:33.244800+00:00
3,2028366163986821245:2,strongly_positive,2026-09-14 08:37:39.821462+00:00
3,2028343996335243549:0,positive,2026-09-14 08:37:49.374029+00:00
3,2028292112622731472:0,positive,2026-09-14 08:42:12.730236+00:00
3,2028172211216121887:0,positive,2026-09-14 08:42:21.767467+00:00
3,2028148456414740621:2,dont_know,2026-09-14 08:44:06.997093+00:00
3,2028148456414740621:3,positive,2026-09-14 08:44:17.800856+00:00
3,2028144294381621412:0,negative,2026-09-14 08:44:33.310032+00:00
3,2028144294381621412:1,negative,2026-09-14 08:44:39.934877+00:00
3,2028144294381621412:2,positive,2026-09-14 08:44:50.160333+00:00
3,2028114266063274445:0,positive,2026-09-14 08:45:06.950086+00:00
3,2028046241976975755:0,dont_know,2026-09-14 08:45:31.568395+00:00
3,2027782251363414121:0,neutral,2026-09-14 08:45:47.287300+00:00
3,2027782251363414121:1,positive,2026-09-14 08:47:38.501631+00:00
3,2027735742420828390:0,dont_know,2026-09-14 08:47:51.629970+00:00
3,2027722359357247818:0,negative,2026-09-14 08:48:00.124832+00:00
3,2027722359357247818:1,negative,2026-09-14 08:48:08.222104+00:00
3,2027722359357247818:2,negative,2026-09-14 08:48:21.158515+00:00
3,2027630044198355361:0,positive,2026-09-14 08:49:58.403263+00:00
3,2027399612391403856:0,dont_know,2026-09-14 08:50:08.447847+00:00
3,2027395297354350812:0,neutral,2026-09-14 08:50:20.125705+00:00
3,2027377835212714002:0,positive,2026-09-14 08:50:29.148572+00:00
3,2027323239102640409:0,positive,2026-09-14 08:51:49.829747+00:00
3,2027290092197523705:0,positive,2026-09-14 08:52:33.737334+00:00
3,2027290092197523705:1,strongly_positive,2026-09-14 08:52:40.813460+00:00
3,2027021614328766545:0,strongly_positive,2026-09-14 08:53:39.495792+00:00
3,2027017486135378344:0,strongly_positive,2026-09-14 08:53:56.536770+00:00
3,2026974905921892548:0,neutral,2026-09-14 08:54:04.429535+00:00
3,2026935916498206749:0,strongly_positive,2026-09-14 08:54:42.814839+00:00
2,1880255812146508197:1,positive,2026-09-14 08:54:43.545825+00:00
3,2026924341892632750:0,strongly_positive,2026-09-14 08:55:31.681409+00:00
3,2026579532908732870:0,strongly_positive,2026-09-14 08:56:06.402059+00:00
3,2026492334351986769:0,strongly_positive,2026-09-14 08:56:29.619003+00:00
3,2026310913943654480:0,negative,2026-09-14 08:56:39.262154+00:00
3,2026310913943654480:1,positive,2026-09-14 08:56:52.878329+00:00
3,2026310913943654480:2,positive,2026-09-14 08:57:00.114860+00:00
3,2026310913943654480:3,negative,2026-09-14 08:57:06.692248+00:00
3,2026268461132120227:0,positive,2026-09-14 08:58:17.737739+00:00
3,2026262008950301102:0,strongly_positive,2026-09-14 08:58:23.602422+00:00
3,2025928476050747638:0,positive,2026-09-14 08:58:28.141507+00:00
3,2025925113175228467:0,positive,2026-09-14 09:00:56.313454+00:00
3,2025745295536267660:0,negative,2026-09-14 09:01:07.426708+00:00
3,2025745295536267660:1,positive,2026-09-14 09:01:32.770848+00:00
3,2025516266472304857:0,positive,2026-09-14 09:01:43.450263+00:00
3,2025439585141227727:0,strongly_positive,2026-09-14 09:02:01.889267+00:00
2,1880118460937826327:0,positive,2026-09-14 09:02:17.180263+00:00
2,1880118460937826327:1,neutral,2026-09-14 09:02:30.545911+00:00
2,1879907236874703020:0,neutral,2026-09-14 09:02:40.578798+00:00
2,1879907236874703020:1,neutral,2026-09-14 09:02:51.250234+00:00
3,2025148597034225801:0,dont_know,2026-09-14 09:03:05.269370+00:00
3,2024848865497927916:0,dont_know,2026-09-14 09:04:18.391489+00:00
3,2024475746178355618:0,positive,2026-09-14 09:04:39.403125+00:00
3,2024372944001257897:0,strongly_positive,2026-09-14 09:04:43.471618+00:00
3,2024330304111202608:0,strongly_positive,2026-09-14 09:04:54.395491+00:00
3,2024330304111202608:1,negative,2026-09-14 09:05:08.525130+00:00
3,2024330304111202608:2,positive,2026-09-14 09:05:58.457634+00:00
3,2024133909081096587:0,neutral,2026-09-14 09:06:07.698840+00:00
3,2024133909081096587:1,neutral,2026-09-14 09:06:14.882951+00:00
3,2024133909081096587:2,positive,2026-09-14 09:06:20.649084+00:00
3,2024114041577488529:0,neutral,2026-09-14 09:06:27.940247+00:00
3,2024069761903296608:0,positive,2026-09-14 09:06:38.433020+00:00
3,2024069761903296608:2,positive,2026-09-14 09:06:46.084991+00:00
3,2024069761903296608:3,neutral,2026-09-14 09:07:03.115339+00:00
3,2024069761903296608:4,dont_know,2026-09-14 09:07:12.386863+00:00
3,2024030563628146854:0,positive,2026-09-14 09:07:40.502190+00:00
3,2023955339515674694:0,positive,2026-09-14 09:07:50.725593+00:00
3,2023776636836123038:0,positive,2026-09-14 09:08:51.596707+00:00
3,2023401076943380648:0,strongly_positive,2026-09-14 09:09:04.824844+00:00
3,2023219916313329894:0,positive,2026-09-14 09:10:21.805151+00:00
3,2023219916313329894:1,positive,2026-09-14 09:10:32.004237+00:00
3,2022934604450271620:0,strongly_positive,2026-09-14 09:11:55.191795+00:00
3,2022674792110055493:0,neutral,2026-09-14 09:12:36.938586+00:00
3,2022555324654477418:0,dont_know,2026-09-14 09:13:33.803002+00:00
3,2022330539739668634:0,negative,2026-09-14 09:13:47.586837+00:00
3,2022330539739668634:1,negative,2026-09-14 09:15:06.444897+00:00
3,2022278503534829797:0,dont_know,2026-09-14 09:15:18.233472+00:00
3,2021945228119445794:0,dont_know,2026-09-14 09:17:02.610286+00:00
3,2021945228119445794:1,dont_know,2026-09-14 09:17:09.911790+00:00
3,2021858101113368947:0,positive,2026-09-14 09:17:43.389484+00:00
3,2021580403341934996:0,neutral,2026-09-14 09:18:02.773231+00:00
3,2021506561756328141:0,neutral,2026-09-14 09:18:16.843052+00:00
3,2021401447703904732:0,negative,2026-09-14 09:18:33.879084+00:00
3,2021401447703904732:2,dont_know,2026-09-14 09:19:01.130922+00:00
3,2021251774674501680:0,neutral,2026-09-14 09:19:25.710756+00:00
3,2021176015481901087:0,dont_know,2026-09-14 09:19:53.084301+00:00
3,2021140598246474211:0,dont_know,2026-09-14 09:20:10.721392+00:00
3,2020773142638289291:0,positive,2026-09-14 09:20:30.823235+00:00
3,2020773142638289291:1,positive,2026-09-14 09:20:54.392431+00:00
3,2020691270084251648:0,negative,2026-09-14 09:21:04.710174+00:00
3,2020691270084251648:1,negative,2026-09-14 09:25:42.570037+00:00
3,2020691270084251648:2,positive,2026-09-14 09:26:19.880145+00:00
3,2020338995599937783:0,positive,2026-09-14 09:26:40.661515+00:00
3,2020338995599937783:1,strongly_positive,2026-09-14 09:26:48.735378+00:00
3,2020172364030624249:0,neutral,2026-09-14 09:27:00.586680+00:00
3,2020158017308938586:0,neutral,2026-09-14 09:27:20.504644+00:00
3,2020051767900381327:0,positive,2026-09-14 09:27:42.262878+00:00
3,2019782452151996836:0,neutral,2026-09-14 09:27:55.800516+00:00
3,2019386214605025491:0,dont_know,2026-09-14 09:28:06.142208+00:00
3,2019016627497623961:0,neutral,2026-09-14 09:29:04.754882+00:00
3,2019016627497623961:1,positive,2026-09-14 09:30:57.708861+00:00
3,2019016627497623961:2,positive,2026-09-14 09:31:03.526134+00:00
3,2016717865223933987:0,positive,2026-09-14 09:31:20.417656+00:00
3,2016717865223933987:1,neutral,2026-09-14 09:31:35.960433+00:00
3,2016717865223933987:2,strongly_positive,2026-09-14 09:31:48.561255+00:00
3,2016538576952140223:0,strongly_positive,2026-09-14 09:31:54.956502+00:00
3,2016185661926342827:0,dont_know,2026-09-14 09:32:22.872089+00:00
3,2015764628572434795:0,strongly_positive,2026-09-14 09:33:09.160063+00:00
3,2015695414243234270:0,strongly_positive,2026-09-14 09:33:15.352162+00:00
3,2015695414243234270:1,positive,2026-09-14 09:33:25.796965+00:00
3,2015695414243234270:2,positive,2026-09-14 09:33:33.682203+00:00
3,2014696655568961842:0,strongly_positive,2026-09-14 09:33:43.670311+00:00
3,2014696655568961842:1,strongly_positive,2026-09-14 09:33:48.675970+00:00
3,2014563888189341901:1,positive,2026-09-14 09:34:28.169299+00:00
3,2013858997972128047:0,strongly_positive,2026-09-14 09:36:48.405993+00:00
3,2013174957585621121:0,negative,2026-09-14 09:38:21.410503+00:00
3,2013174957585621121:1,dont_know,2026-09-14 09:38:37.222625+00:00
3,2013082717743964566:0,neutral,2026-09-14 09:41:02.473306+00:00
3,2013082717743964566:1,positive,2026-09-14 09:41:21.472817+00:00
3,2013082717743964566:2,positive,2026-09-14 10:13:46.761794+00:00
3,2013082717743964566:3,positive,2026-09-14 10:13:58.782298+00:00
3,2012184918210818065:0,positive,2026-09-14 10:14:14.940433+00:00
3,2012184918210818065:1,positive,2026-09-14 10:15:11.205985+00:00
3,2012184918210818065:2,positive,2026-09-14 10:15:21.955130+00:00
3,2011791729096343751:0,strongly_positive,2026-09-14 10:15:36.815100+00:00
3,2011791729096343751:1,strongly_positive,2026-09-14 10:15:42.538310+00:00
3,2010709290844389563:0,neutral,2026-09-14 10:15:51.785273+00:00
3,2010391363142197557:0,positive,2026-09-14 10:16:02.317082+00:00
3,2010391363142197557:1,positive,2026-09-14 10:16:16.196135+00:00
3,2010363691305402429:0,positive,2026-09-14 10:17:30.572329+00:00
3,2010252471432818764:0,strongly_positive,2026-09-14 10:17:40.332958+00:00
3,2009893766216462645:0,positive,2026-09-14 10:17:58.508615+00:00
3,2009303612548391406:0,neutral,2026-09-14 10:18:15.018262+00:00
3,2008575663843012833:0,negative,2026-09-14 10:18:27.606976+00:00
3,2008575663843012833:1,dont_know,2026-09-14 10:20:47.832084+00:00
3,2008575663843012833:2,positive,2026-09-14 10:21:27.626400+00:00
3,2008575663843012833:3,dont_know,2026-09-14 10:21:38.441348+00:00
3,2006774761758835078:0,neutral,2026-09-14 10:23:22.127384+00:00
3,2006774761758835078:1,negative,2026-09-14 10:23:45.240994+00:00
3,2006774761758835078:2,positive,2026-09-14 10:25:03.844369+00:00
3,2006774761758835078:3,positive,2026-09-14 10:25:29.813463+00:00
3,2006255837459931452:0,positive,2026-09-14 10:27:09.943287+00:00
3,2005972971324870717:1,negative,2026-09-14 10:27:44.202833+00:00
3,2005972971324870717:0,negative,2026-09-14 10:28:07.687752+00:00
3,2005972971324870717:2,negative,2026-09-14 10:28:14.611214+00:00
3,2005972971324870717:3,dont_know,2026-09-14 10:29:09.054940+00:00
3,2003800863450742786:0,neutral,2026-09-14 10:29:20.989930+00:00
3,2003800863450742786:1,positive,2026-09-14 10:33:01.094465+00:00
3,2002563211657429293:0,positive,2026-09-14 10:33:14.011805+00:00
3,2002563211657429293:1,positive,2026-09-14 10:33:30.885127+00:00
3,2001998956944085307:0,positive,2026-09-14 10:34:02.339972+00:00
3,1992869684652441803:0,neutral,2026-09-14 10:34:24.930069+00:00
3,1992869684652441803:1,positive,2026-09-14 10:34:42.026021+00:00
3,1992869684652441803:2,neutral,2026-09-14 10:34:46.674366+00:00
3,1990723108534354185:0,neutral,2026-09-14 10:35:06.228826+00:00
3,1990723108534354185:1,neutral,2026-09-14 10:35:16.755026+00:00
3,1990723108534354185:2,positive,2026-09-14 10:35:22.616924+00:00
3,1990723108534354185:3,positive,2026-09-14 10:35:33.833599+00:00
3,1988152824677757389:0,positive,2026-09-14 10:35:52.210130+00:00
3,1988152824677757389:1,positive,2026-09-14 10:36:07.478515+00:00
3,1987778325792887012:0,positive,2026-09-14 10:36:26.561917+00:00
3,1987778325792887012:1,positive,2026-09-14 10:36:43.194061+00:00
3,1987752326489366613:0,neutral,2026-09-14 10:36:53.250718+00:00
3,1987752326489366613:1,neutral,2026-09-14 10:37:02.270409+00:00
3,1987714769785352491:0,neutral,2026-09-14 10:37:07.580897+00:00
3,1987714769785352491:1,neutral,2026-09-14 10:37:16.851635+00:00
3,1987714769785352491:2,neutral,2026-09-14 10:38:08.747611+00:00
3,1986094122697203793:0,positive,2026-09-14 10:38:19.617995+00:00
3,1986094122697203793:1,positive,2026-09-14 10:38:38.394827+00:00
3,1982638409584931097:0,dont_know,2026-09-14 10:38:54.174508+00:00
3,1982638409584931097:1,positive,2026-09-14 10:39:02.640563+00:00
3,1982638409584931097:2,positive,2026-09-14 10:39:19.390991+00:00
3,1980138691206242688:0,negative,2026-09-14 10:39:44.037208+00:00
3,1980138691206242688:1,positive,2026-09-14 10:39:51.785010+00:00
3,1978459253577777304:0,strongly_positive,2026-09-14 10:40:18.976499+00:00
3,1978047425807008095:0,negative,2026-09-14 10:40:36.371037+00:00
3,1977332804498477324:0,positive,2026-09-14 10:40:48.359004+00:00
3,1974385442721354161:0,positive,2026-09-14 10:42:59.066282+00:00
3,1969386085995462763:0,negative,2026-09-14 10:43:49.616670+00:00
3,1969386085995462763:1,positive,2026-09-14 10:44:08.378160+00:00
3,1967581523810693176:0,positive,2026-09-14 10:44:15.413812+00:00
3,1967581523810693176:1,negative,2026-09-14 10:44:29.033275+00:00
3,1967581523810693176:2,dont_know,2026-09-14 10:45:05.181276+00:00
3,1966844661240311877:0,positive,2026-09-14 10:45:21.024667+00:00
3,1966421841725309409:0,negative,2026-09-14 10:45:30.405594+00:00
3,1966421841725309409:1,positive,2026-09-14 10:45:42.916360+00:00
3,1966421841725309409:2,negative,2026-09-14 10:46:09.180769+00:00
3,1966366976881950951:0,positive,2026-09-14 10:46:23.980335+00:00
3,1966018294177296474:0,negative,2026-09-14 10:46:46.281232+00:00
3,1966018294177296474:1,positive,2026-09-14 10:54:44.702883+00:00
3,1965758826394898435:0,positive,2026-09-14 10:54:50.845748+00:00
3,1965758826394898435:1,positive,2026-09-14 10:54:57.881580+00:00
3,1965259743573991521:1,negative,2026-09-14 10:55:05.277973+00:00
3,1965259743573991521:2,strongly_negative,2026-09-14 10:55:14.917483+00:00
3,1965259743573991521:3,strongly_negative,2026-09-14 10:55:22.846984+00:00
3,1965259743573991521:4,negative,2026-09-14 10:55:42.702730+00:00
3,1963574765656113401:0,negative,2026-09-14 10:55:50.664098+00:00
3,1963574765656113401:1,negative,2026-09-14 10:55:57.640745+00:00
3,1963574765656113401:2,neutral,2026-09-14 10:56:35.340116+00:00
3,1963425926617993460:0,negative,2026-09-14 10:56:46.797464+00:00
3,1963425926617993460:1,dont_know,2026-09-14 10:57:18.233584+00:00
3,1962139428870373714:0,positive,2026-09-14 10:58:11.296676+00:00
3,1962139428870373714:1,positive,2026-09-14 10:58:24.026165+00:00
3,1961685758454218817:0,positive,2026-09-14 10:59:45.480723+00:00
3,1961685758454218817:1,positive,2026-09-14 11:00:06.577093+00:00
3,1961685758454218817:2,positive,2026-09-14 11:00:11.332919+00:00
3,1961060682256076808:0,positive,2026-09-14 11:00:28.255331+00:00
3,1961060682256076808:1,positive,2026-09-14 11:00:37.368251+00:00
3,1961002517212639517:0,neutral,2026-09-14 11:00:58.305522+00:00
3,1961002517212639517:1,positive,2026-09-14 11:02:54.303098+00:00
3,1960369825718657040:0,positive,2026-09-14 11:03:02.975150+00:00
3,1960369825718657040:1,strongly_positive,2026-09-14 11:03:19.551386+00:00
3,1960315639282937971:0,neutral,2026-09-14 11:03:54.274009+00:00
3,1960218859073368376:0,strongly_positive,2026-09-14 11:04:13.970292+00:00
3,1959449252566028404:0,neutral,2026-09-14 11:04:27.438774+00:00
3,1959449252566028404:1,positive,2026-09-14 11:04:42.608655+00:00
3,1959249108503544259:0,neutral,2026-09-14 11:05:10.079723+00:00
3,1959201763803963822:0,neutral,2026-09-14 11:06:34.569520+00:00
3,1959201763803963822:1,dont_know,2026-09-14 11:06:43.249502+00:00
3,1959118775611269477:0,positive,2026-09-14 11:06:56.788592+00:00
3,1958722083732824228:0,negative,2026-09-14 11:07:08.699433+00:00
3,1958722083732824228:2,negative,2026-09-14 11:07:36.068680+00:00
3,1958132929554727230:0,positive,2026-09-14 11:08:04.429777+00:00
3,1958014581076295912:0,positive,2026-09-14 11:08:14.451293+00:00
3,1958014581076295912:1,positive,2026-09-14 11:08:26.497877+00:00
3,1958014581076295912:2,negative,2026-09-14 11:09:23.518531+00:00
3,1957807038047699438:0,neutral,2026-09-14 11:09:47.069087+00:00
3,1957730449188356369:0,negative,2026-09-14 11:10:03.825693+00:00
3,1957730449188356369:1,neutral,2026-09-14 11:10:15.061272+00:00
3,1957031741731782852:0,positive,2026-09-14 11:20:30.524579+00:00
3,1957031741731782852:1,positive,2026-09-14 11:20:43.444302+00:00
3,1956601512303665173:0,positive,2026-09-14 11:20:50.467511+00:00
3,1956374278024143273:0,neutral,2026-09-14 11:21:41.528603+00:00
3,1955988133285331299:0,neutral,2026-09-14 11:22:19.508624+00:00
3,1955988133285331299:1,positive,2026-09-14 11:22:24.803839+00:00
3,1955153544207577251:0,neutral,2026-09-14 11:32:02.854949+00:00
3,1954556105956495603:0,neutral,2026-09-14 11:32:17.546595+00:00
3,1954556105956495603:1,positive,2026-09-14 11:32:22.530582+00:00
3,1954143367354605954:0,strongly_positive,2026-09-14 11:33:06.506997+00:00
3,1954040508906713372:0,positive,2026-09-14 12:53:51.261502+00:00
3,1949002762781687986:0,negative,2026-09-14 12:54:03.618300+00:00
3,1949002762781687986:1,positive,2026-09-14 12:54:13.059414+00:00
3,1947950897343979845:0,positive,2026-09-14 12:54:33.888443+00:00
3,1947950897343979845:1,positive,2026-09-14 12:54:47.027178+00:00
3,1947849040387051767:0,positive,2026-09-14 12:54:59.199483+00:00
3,1947599740780351680:0,neutral,2026-09-14 12:55:46.350889+00:00
3,1947570159205359804:0,positive,2026-09-14 12:56:36.484253+00:00
3,1947523756374807000:0,positive,2026-09-14 12:56:49.881617+00:00
3,1947523756374807000:1,positive,2026-09-14 12:56:58.714775+00:00
3,1946796936193028552:0,positive,2026-09-14 12:57:03.432040+00:00
3,1946796936193028552:1,positive,2026-09-14 12:57:08.710861+00:00
3,1946796936193028552:2,positive,2026-09-14 12:57:15.654848+00:00
3,1946531628458856942:0,neutral,2026-09-14 12:57:36.530044+00:00
3,1946018135943107058:0,neutral,2026-09-14 12:58:14.441422+00:00
3,1945148458538524859:0,dont_know,2026-09-14 12:58:43.386727+00:00
3,1944752660378435634:0,positive,2026-09-14 12:59:09.948228+00:00
3,1944598373157478912:0,neutral,2026-09-14 12:59:56.430402+00:00
3,1944598373157478912:1,positive,2026-09-14 13:00:05.730942+00:00
3,1944367632049737815:0,positive,2026-09-14 13:00:13.363731+00:00
3,1944367632049737815:1,positive,2026-09-14 13:00:24.123305+00:00
3,1944367632049737815:2,dont_know,2026-09-14 13:00:31.161253+00:00
3,1944054473220866412:0,negative,2026-09-14 13:00:50.435696+00:00
3,1944054473220866412:1,negative,2026-09-14 13:00:58.478330+00:00
3,1943993794170642600:0,neutral,2026-09-14 13:01:05.263813+00:00
3,1943993794170642600:1,positive,2026-09-14 13:01:14.948165+00:00
3,1943993794170642600:2,negative,2026-09-14 13:01:20.704400+00:00
3,1943151863089557852:0,dont_know,2026-09-14 13:03:32.156418+00:00
3,1943151863089557852:1,positive,2026-09-14 13:03:40.482713+00:00
3,1942435221602726179:0,negative,2026-09-14 13:03:56.202574+00:00
3,1942435221602726179:1,neutral,2026-09-14 13:04:05.435747+00:00
3,1941824024822026645:0,neutral,2026-09-14 13:04:11.631715+00:00
3,1941824024822026645:1,strongly_positive,2026-09-14 13:04:17.531719+00:00
3,1940332220310335830:0,negative,2026-09-14 13:04:28.937130+00:00
3,1940332220310335830:1,negative,2026-09-14 13:04:35.201606+00:00
3,1940332220310335830:2,dont_know,2026-09-14 13:04:46.113572+00:00
3,1939322551597220240:0,negative,2026-09-14 13:05:04.317825+00:00
3,1939322551597220240:1,negative,2026-09-14 13:05:14.621324+00:00
3,1936969778003877940:0,neutral,2026-09-14 13:05:33.215179+00:00
3,1936969778003877940:1,positive,2026-09-14 13:06:29.872642+00:00
3,1934585470496972944:0,negative,2026-09-14 13:06:42.501202+00:00
3,1934585470496972944:1,negative,2026-09-14 13:06:50.567456+00:00
3,1933919983211520435:0,neutral,2026-09-14 13:07:10.879335+00:00
3,1933526523388006729:0,neutral,2026-09-14 13:07:19.765976+00:00
3,1932473759992328498:0,neutral,2026-09-14 13:07:55.426031+00:00
3,1931204288291758123:0,strongly_positive,2026-09-14 13:08:04.035456+00:00
3,1931002895941370101:0,neutral,2026-09-14 13:08:30.685348+00:00
3,1930903504874295752:0,neutral,2026-09-14 13:08:54.385120+00:00
3,1930903504874295752:1,dont_know,2026-09-14 13:09:26.576609+00:00
3,1930537817978929621:0,neutral,2026-09-14 13:10:02.525455+00:00
3,1929932341679468918:0,neutral,2026-09-14 13:10:15.105378+00:00
3,1928103096233697349:0,negative,2026-09-14 13:10:28.642200+00:00
3,1928103096233697349:1,positive,2026-09-14 13:10:35.454555+00:00
3,1928103096233697349:2,positive,2026-09-14 13:10:52.951782+00:00
3,1928056585860886920:0,neutral,2026-09-14 13:10:59.144043+00:00
3,1927936904118370591:1,positive,2026-09-14 13:11:24.181748+00:00
3,1927936904118370591:2,positive,2026-09-14 13:11:59.384188+00:00
3,1927936904118370591:3,positive,2026-09-14 13:12:09.118166+00:00
3,1927916968591454574:0,dont_know,2026-09-14 13:12:37.994288+00:00
3,1927916968591454574:1,positive,2026-09-14 13:12:46.327976+00:00
3,1926153630094078136:0,positive,2026-09-14 13:13:00.856964+00:00
3,1926153630094078136:1,neutral,2026-09-14 13:13:22.394166+00:00
3,1926114616108593448:0,neutral,2026-09-14 13:13:37.029214+00:00
3,1925896779821703309:0,dont_know,2026-09-14 13:13:44.951548+00:00
3,1924801045957640431:0,neutral,2026-09-14 13:17:05.995345+00:00
3,1924801045957640431:1,positive,2026-09-14 13:17:11.811821+00:00
3,1924689540536795396:0,dont_know,2026-09-14 13:26:00.478211+00:00
3,1924689540536795396:1,positive,2026-09-14 13:26:06.458346+00:00
3,1924395194964721708:0,strongly_positive,2026-09-14 13:26:17.259267+00:00
3,1924274652131803534:0,neutral,2026-09-14 13:26:24.995387+00:00
3,1923922225897361787:0,neutral,2026-09-14 13:26:37.777502+00:00
3,1923764124812558449:0,neutral,2026-09-14 13:26:48.496817+00:00
3,1923638385211543746:0,dont_know,2026-09-14 13:26:58.103220+00:00
3,1923585875360850397:0,neutral,2026-09-14 13:27:26.702320+00:00
3,1923585875360850397:1,neutral,2026-09-14 13:43:22.243348+00:00
3,1923585875360850397:2,strongly_positive,2026-09-14 13:43:29.853230+00:00
3,1923322760882978941:0,positive,2026-09-14 13:44:03.441229+00:00
3,1923322760882978941:1,positive,2026-09-14 13:45:12.964599+00:00
3,1921776136880603284:0,positive,2026-09-14 13:45:31.772360+00:00
3,1921776136880603284:1,positive,2026-09-14 13:45:43.521469+00:00
3,1919917153655951718:0,negative,2026-09-14 13:45:59.582511+00:00
3,1919917153655951718:1,negative,2026-09-14 13:46:06.789711+00:00
3,1919917153655951718:2,positive,2026-09-14 13:46:19.195555+00:00
3,1919663597401080081:0,positive,2026-09-14 13:47:06.327122+00:00
3,1919663597401080081:1,positive,2026-09-14 13:48:08.967626+00:00
3,1919663597401080081:2,strongly_positive,2026-09-14 13:48:14.191255+00:00
3,1917422356005544287:0,neutral,2026-09-14 13:48:28.972019+00:00
3,1917422356005544287:1,neutral,2026-09-14 13:48:44.057284+00:00
3,1917132654950101443:0,positive,2026-09-14 13:50:43.202461+00:00
3,1917132654950101443:1,positive,2026-09-14 13:50:57.200277+00:00
3,1916804846302253397:0,positive,2026-09-14 13:54:19.050314+00:00
3,1916804846302253397:1,positive,2026-09-14 13:54:25.547750+00:00
3,1916768421762441338:0,positive,2026-09-14 13:54:47.943724+00:00
3,1916768421762441338:1,positive,2026-09-14 13:54:56.388430+00:00
3,1916500236165427575:0,negative,2026-09-14 13:55:08.549803+00:00
3,1916500236165427575:1,negative,2026-09-14 13:55:26.189128+00:00
3,1916500236165427575:2,negative,2026-09-14 13:55:40.781819+00:00
3,1916466612674179573:0,positive,2026-09-14 13:55:54.567017+00:00
3,1916466612674179573:1,negative,2026-09-14 13:56:17.100031+00:00
3,1916466612674179573:2,negative,2026-09-14 13:56:30.696224+00:00
3,1916026635456782686:0,negative,2026-09-14 13:56:41.808902+00:00
3,1916026635456782686:1,negative,2026-09-14 13:57:03.031957+00:00
3,1916026635456782686:2,negative,2026-09-14 13:57:10.178516+00:00
3,1915274130389094726:0,negative,2026-09-14 13:57:26.874732+00:00
3,1915274130389094726:1,negative,2026-09-14 13:57:49.527518+00:00
3,1915274130389094726:2,positive,2026-09-14 13:58:07.407231+00:00
3,1913591111773213137:0,positive,2026-09-14 13:58:21.296294+00:00
3,1913591111773213137:1,positive,2026-09-14 13:58:27.150340+00:00
3,1912734778383823261:0,positive,2026-09-14 13:58:39.641756+00:00
3,1912164754141155687:0,positive,2026-09-14 13:59:06.791209+00:00
3,1911623484578414913:0,positive,2026-09-14 13:59:33.148340+00:00
3,1911623484578414913:1,strongly_positive,2026-09-14 13:59:37.045263+00:00
3,1910895393988128860:0,neutral,2026-09-14 13:59:44.991647+00:00
3,1910687831355277482:0,neutral,2026-09-14 14:00:01.582571+00:00
3,1910687831355277482:1,neutral,2026-09-14 14:01:03.773202+00:00
3,1910612652969066915:0,positive,2026-09-14 14:01:53.729777+00:00
3,1910612652969066915:1,positive,2026-09-14 14:02:04.769368+00:00
3,1910352007241617654:0,neutral,2026-09-14 14:03:08.932135+00:00
3,1910352007241617654:1,positive,2026-09-14 14:04:15.013308+00:00
3,1910352007241617654:2,negative,2026-09-14 14:12:42.278699+00:00
3,1910352007241617654:3,dont_know,2026-09-14 14:13:19.882276+00:00
3,1910338590132883460:0,neutral,2026-09-14 14:13:51.877284+00:00
3,1910242987163988137:0,neutral,2026-09-14 14:14:29.458805+00:00
3,1910242987163988137:1,positive,2026-09-14 14:15:45.999554+00:00
3,1909867533525463271:0,negative,2026-09-14 14:16:05.114962+00:00
3,1909867533525463271:1,positive,2026-09-14 14:16:09.851068+00:00
3,1909867533525463271:2,positive,2026-09-14 14:16:25.219183+00:00
3,1909782993788432562:0,positive,2026-09-14 14:16:47.608242+00:00
3,1909405336521654382:0,negative,2026-09-14 14:17:28.677707+00:00
3,1909405336521654382:1,positive,2026-09-14 14:17:36.586440+00:00
3,1909405336521654382:2,positive,2026-09-14 14:17:40.605933+00:00
3,1909242811213324494:0,neutral,2026-09-14 14:18:12.755093+00:00
3,1909242811213324494:1,positive,2026-09-14 14:18:23.696415+00:00
3,1908920828978229364:0,neutral,2026-09-14 14:18:53.625943+00:00
3,1908920828978229364:1,neutral,2026-09-14 14:19:02.236092+00:00
3,1908715013063246278:0,positive,2026-09-14 14:19:11.108874+00:00
3,1908715013063246278:1,positive,2026-09-14 14:19:21.152594+00:00
3,1907461480708292742:0,neutral,2026-09-14 14:19:35.075553+00:00
3,1906736230173413835:0,positive,2026-09-14 14:19:51.406129+00:00
3,1906736230173413835:1,positive,2026-09-14 14:23:14.604366+00:00
3,1906736230173413835:2,positive,2026-09-14 14:23:22.456806+00:00
3,1906541175588216919:0,positive,2026-09-14 14:23:30.337853+00:00
3,1906541175588216919:1,positive,2026-09-14 14:24:02.515762+00:00
3,1904210277018812679:0,negative,2026-09-14 14:24:37.994702+00:00
3,1904210277018812679:1,negative,2026-09-14 14:24:55.636319+00:00
3,1904210277018812679:2,negative,2026-09-14 14:25:52.772067+00:00
3,1903282217763090601:0,neutral,2026-09-14 14:27:14.624764+00:00
3,1902602558067351890:0,positive,2026-09-14 14:27:38.157906+00:00
3,1902378703608521212:0,neutral,2026-09-14 14:27:51.499870+00:00
3,1901994545153265796:0,neutral,2026-09-14 14:28:05.421978+00:00
3,1901994545153265796:1,positive,2026-09-14 14:28:26.878200+00:00
3,1900922058101420374:0,positive,2026-09-14 14:29:21.474111+00:00
3,1900600101300826589:0,neutral,2026-09-14 14:29:28.594471+00:00
3,1900178271263731979:0,neutral,2026-09-14 14:29:39.013744+00:00
3,1900026137860071501:0,positive,2026-09-14 14:29:47.867039+00:00
3,1899424918825218094:0,positive,2026-09-14 14:30:02.965246+00:00
3,1899287025297092906:0,dont_know,2026-09-14 14:30:23.589726+00:00
3,1898925842425647251:0,positive,2026-09-14 14:30:29.315550+00:00
3,1898925842425647251:1,positive,2026-09-14 14:30:43.959534+00:00
3,1898925842425647251:2,neutral,2026-09-14 14:30:57.442430+00:00
3,1898582560755880315:0,positive,2026-09-14 14:31:19.596736+00:00
3,1897320362955669890:0,positive,2026-09-14 14:35:42.795962+00:00
3,1896934873085919347:0,neutral,2026-09-14 14:36:08.234095+00:00
3,1896934873085919347:1,neutral,2026-09-14 14:36:20.581696+00:00
3,1896581441720615423:0,neutral,2026-09-14 14:37:05.587604+00:00
3,1896064518955974811:0,neutral,2026-09-14 14:37:33.548691+00:00
3,1896064518955974811:1,positive,2026-09-14 14:37:42.567826+00:00
3,1895294182522245174:1,positive,2026-09-14 14:37:50.524286+00:00
3,1895115610457342272:0,neutral,2026-09-14 14:38:18.254724+00:00
3,1895115610457342272:1,dont_know,2026-09-14 14:38:28.615961+00:00
3,1895102462618673351:0,negative,2026-09-14 14:38:43.517708+00:00
3,1895102462618673351:1,positive,2026-09-14 14:38:50.689411+00:00
3,1895102462618673351:2,positive,2026-09-14 14:39:07.753177+00:00
3,1894637811514708442:0,positive,2026-09-14 14:39:13.980589+00:00
3,1894567786309153090:0,positive,2026-09-14 14:39:23.242081+00:00
3,1894567786309153090:1,positive,2026-09-14 14:39:41.613419+00:00
3,1894073431630499916:0,positive,2026-09-14 14:39:59.316968+00:00
3,1894021990140248130:0,positive,2026-09-14 14:40:09.497796+00:00
3,1894021990140248130:1,positive,2026-09-14 14:40:41.385788+00:00
3,1893970885452689617:0,neutral,2026-09-14 14:40:55.781280+00:00
3,1893953863214088580:0,positive,2026-09-14 14:41:16.810463+00:00
3,1893953863214088580:1,positive,2026-09-14 14:41:24.948475+00:00
3,1893698753376227340:0,neutral,2026-09-14 14:41:31.696594+00:00
3,1893698753376227340:1,positive,2026-09-14 14:41:43.637853+00:00
3,1893698753376227340:2,positive,2026-09-14 14:41:58.221854+00:00
3,1893698753376227340:3,positive,2026-09-14 14:42:06.059407+00:00
3,1893663871707021428:0,neutral,2026-09-14 14:42:21.804708+00:00
3,1893663871707021428:1,neutral,2026-09-14 14:42:38.443600+00:00
3,1893313850235121681:0,neutral,2026-09-14 14:42:49.816745+00:00
3,1893313850235121681:1,positive,2026-09-14 14:42:59.887852+00:00
3,1893313850235121681:2,strongly_positive,2026-09-14 14:43:05.630945+00:00
3,1893213791501926684:0,neutral,2026-09-14 14:44:05.264740+00:00
3,1892492165915562092:0,neutral,2026-09-14 14:44:23.523375+00:00
3,1892492165915562092:1,positive,2026-09-14 14:44:33.433753+00:00
3,1892492165915562092:2,neutral,2026-09-14 14:51:04.285340+00:00
3,1892252023673749998:0,positive,2026-09-14 14:51:15.777290+00:00
3,1892252023673749998:1,positive,2026-09-14 14:51:46.263355+00:00
3,1892056248704696472:0,positive,2026-09-14 14:52:19.714806+00:00
3,1892056248704696472:1,positive,2026-09-14 14:53:56.572690+00:00
3,1891378916851409390:0,positive,2026-09-14 14:54:08.353557+00:00
3,1891378916851409390:1,positive,2026-09-14 14:54:21.553736+00:00
3,1891081154796679679:0,neutral,2026-09-14 14:54:57.763323+00:00
3,1891081154796679679:1,neutral,2026-09-14 14:55:05.738342+00:00
3,1889707885078204870:0,neutral,2026-09-14 14:55:12.713784+00:00
3,1889707885078204870:1,positive,2026-09-14 14:55:23.556926+00:00
3,1888620356812095543:0,negative,2026-09-14 14:55:39.670349+00:00
3,1888620356812095543:1,negative,2026-09-14 14:55:50.083539+00:00
3,1888620356812095543:2,positive,2026-09-14 14:55:58.076205+00:00
3,1888218006401994778:0,positive,2026-09-14 14:56:21.693928+00:00
3,1887465295578866091:0,neutral,2026-09-14 14:56:43.288369+00:00
3,1887141749430124723:0,neutral,2026-09-14 14:57:23.201321+00:00
3,1886819524994843090:0,neutral,2026-09-14 14:57:58.472162+00:00
3,1886819524994843090:1,neutral,2026-09-14 14:58:06.108622+00:00
3,1886819524994843090:2,neutral,2026-09-14 14:58:10.173447+00:00
3,1886808428699414808:0,neutral,2026-09-14 14:58:28.251280+00:00
3,1886808428699414808:1,positive,2026-09-14 14:58:39.332590+00:00
3,1886421083483472198:0,neutral,2026-09-14 14:58:54.466530+00:00
3,1886421083483472198:1,neutral,2026-09-14 14:59:11.105711+00:00
3,1886305570451542176:0,positive,2026-09-14 14:59:18.753701+00:00
3,1886305570451542176:1,positive,2026-09-14 14:59:27.082601+00:00
3,1885015751704137944:0,neutral,2026-09-14 14:59:36.752468+00:00
3,1885015751704137944:1,positive,2026-09-14 14:59:58.554282+00:00
3,1885015751704137944:2,dont_know,2026-09-14 15:00:08.443895+00:00
3,1884796742702645259:0,positive,2026-09-14 15:00:17.634836+00:00
3,1884615521582137454:0,neutral,2026-09-14 15:01:34.452359+00:00
3,1884615521582137454:1,neutral,2026-09-14 15:01:54.666580+00:00
3,1884231568455262679:0,neutral,2026-09-14 15:03:58.784787+00:00
3,1884231568455262679:1,positive,2026-09-14 15:04:47.563333+00:00
3,1883007953768194474:0,positive,2026-09-14 15:05:04.646570+00:00
3,1883007953768194474:1,positive,2026-09-14 15:05:11.975133+00:00
3,1883007953768194474:2,positive,2026-09-14 15:05:26.302116+00:00
3,1883007953768194474:3,positive,2026-09-14 15:05:32.173264+00:00
3,1882832710105706831:0,neutral,2026-09-14 15:05:41.052553+00:00
3,1882832710105706831:1,positive,2026-09-14 15:05:59.312410+00:00
3,1882832710105706831:2,positive,2026-09-14 15:06:33.840727+00:00
3,1882439161778766218:0,positive,2026-09-14 15:07:29.430021+00:00
3,1882439161778766218:1,neutral,2026-09-14 15:08:16.941686+00:00
3,1881214462629437458:0,strongly_positive,2026-09-14 15:08:27.957783+00:00
3,1881214462629437458:1,positive,2026-09-14 15:08:40.817131+00:00
3,1880631283769917546:0,strongly_positive,2026-09-14 15:08:46.138969+00:00
3,1880631283769917546:1,strongly_positive,2026-09-14 15:08:50.298175+00:00
3,1880631283769917546:2,positive,2026-09-14 15:09:00.974903+00:00
3,1880631283769917546:3,strongly_positive,2026-09-14 15:09:08.379468+00:00
3,1880631283769917546:4,positive,2026-09-14 15:09:15.715167+00:00
3,1880494020927058023:0,strongly_positive,2026-09-14 15:09:28.554751+00:00
3,1880185851529105574:0,positive,2026-09-14 15:10:46.418898+00:00
3,1880185851529105574:1,positive,2026-09-14 15:10:55.324259+00:00
3,1879889780831404531:0,neutral,2026-09-14 15:11:03.204507+00:00
3,1879889780831404531:1,positive,2026-09-14 15:11:22.709578+00:00
3,1879889780831404531:2,positive,2026-09-14 15:11:43.633048+00:00
3,1878998978219700356:0,positive,2026-09-14 15:11:58.401800+00:00
3,1878760780109336674:0,negative,2026-09-14 15:37:33.315077+00:00
3,1878760780109336674:1,negative,2026-09-14 15:37:39.682136+00:00
3,1877356879770193984:0,negative,2026-09-14 15:37:46.430163+00:00
3,1877356879770193984:1,negative,2026-09-14 15:37:56.068079+00:00
3,1877356879770193984:2,negative,2026-09-14 15:38:05.547239+00:00
3,1877356879770193984:3,dont_know,2026-09-14 15:38:28.253304+00:00
3,1876628688378442017:0,positive,2026-09-14 15:39:19.767120+00:00
3,1875914818835624063:0,neutral,2026-09-14 15:39:50.245798+00:00
3,1875914818835624063:1,neutral,2026-09-14 15:39:56.823333+00:00
3,1874464576663638176:0,neutral,2026-09-14 15:40:19.715109+00:00
3,1874464576663638176:1,positive,2026-09-14 15:40:25.542520+00:00
3,1873626204903022932:0,positive,2026-09-14 15:40:36.792820+00:00
3,1871923920053616670:0,positive,2026-09-14 15:40:43.717682+00:00
3,1870740176571674801:0,negative,2026-09-14 15:40:54.712706+00:00
3,1870740176571674801:1,positive,2026-09-14 15:41:11.274930+00:00
3,1870740176571674801:2,positive,2026-09-14 15:41:15.848617+00:00
3,1870436142778286348:0,strongly_positive,2026-09-14 15:41:26.272447+00:00
3,1870436142778286348:1,strongly_positive,2026-09-14 15:41:33.830445+00:00
3,1870436142778286348:2,positive,2026-09-14 15:41:54.893207+00:00
3,1868598940310163788:0,negative,2026-09-14 15:42:06.217988+00:00
3,1868598940310163788:1,negative,2026-09-14 15:42:18.704310+00:00
3,1868122638247428342:0,positive,2026-09-14 15:42:38.871902+00:00
3,1867894995606253589:1,positive,2026-09-14 15:42:58.307495+00:00
3,1867894995606253589:2,positive,2026-09-14 15:43:04.069374+00:00
3,1867830505653387477:0,positive,2026-09-14 15:43:25.464073+00:00
3,1863957252912333297:0,positive,2026-09-14 15:43:42.140438+00:00
3,1861046556415209566:0,neutral,2026-09-14 15:44:08.546528+00:00
3,1861046556415209566:1,dont_know,2026-09-14 15:44:15.585030+00:00
3,1859838667516268760:0,positive,2026-09-14 15:44:35.738038+00:00
3,1859838667516268760:1,positive,2026-09-14 15:48:28.731953+00:00
3,1858136417961964030:0,negative,2026-09-14 15:48:35.450777+00:00
3,1858136417961964030:1,positive,2026-09-14 15:48:47.994674+00:00
3,1857360517523701774:0,neutral,2026-09-14 15:50:24.331151+00:00
3,1856995584080494709:0,neutral,2026-09-14 15:50:38.819087+00:00
3,1856995584080494709:1,dont_know,2026-09-14 15:50:51.983528+00:00
3,1856925591502541301:0,negative,2026-09-14 15:51:00.891575+00:00
3,1856925591502541301:1,negative,2026-09-14 15:51:07.435404+00:00
3,1856228146552684957:0,positive,2026-09-14 15:51:26.945245+00:00
3,1855568030404943959:0,neutral,2026-09-14 15:51:48.198276+00:00
3,1855568030404943959:1,positive,2026-09-14 15:51:52.525787+00:00
3,1855513414770332039:0,positive,2026-09-14 15:52:16.478749+00:00
3,1855159543614824814:0,positive,2026-09-14 15:52:30.695276+00:00
3,1855159543614824814:1,positive,2026-09-14 15:52:37.858693+00:00
3,1855159543614824814:2,dont_know,2026-09-14 15:52:49.059211+00:00
3,1854776696777462143:0,neutral,2026-09-14 15:52:59.926805+00:00
3,1854776696777462143:1,positive,2026-09-14 15:53:10.576109+00:00
3,1854776696777462143:2,positive,2026-09-14 15:53:16.395984+00:00
3,1854776696777462143:3,positive,2026-09-14 15:53:20.156727+00:00
3,1854408346423447832:0,dont_know,2026-09-14 15:53:33.882571+00:00
3,1854408346423447832:1,positive,2026-09-14 15:53:39.948026+00:00
3,1854169216489836806:0,neutral,2026-09-14 15:56:23.895781+00:00
3,1853101514799091732:0,positive,2026-09-14 15:56:31.304153+00:00
3,1852712595750367628:0,positive,2026-09-14 15:56:41.179465+00:00
3,1852712595750367628:1,positive,2026-09-14 15:57:08.012792+00:00
3,1851995727632712083:0,positive,2026-09-14 15:57:17.771803+00:00
3,1851886887251652695:0,positive,2026-09-14 15:57:29.106641+00:00
3,1851651496422887493:0,strongly_positive,2026-09-14 15:57:48.022449+00:00
3,1851252666241823138:0,neutral,2026-09-14 15:59:15.263761+00:00
3,1851252666241823138:1,positive,2026-09-14 15:59:26.903393+00:00
3,1851252666241823138:2,dont_know,2026-09-14 15:59:36.184662+00:00
3,1850898822668386370:0,positive,2026-09-14 16:00:03.021287+00:00
3,1850898822668386370:1,dont_know,2026-09-15 02:52:13.404515+00:00
3,1850761471577223183:0,strongly_positive,2026-09-15 02:52:24.026870+00:00
3,1850761471577223183:1,strongly_positive,2026-09-15 02:52:45.508662+00:00
3,1850761471577223183:2,strongly_positive,2026-09-15 02:52:49.586065+00:00
3,1850039855826510024:0,neutral,2026-09-15 02:52:58.761565+00:00
3,1850039855826510024:1,positive,2026-09-15 02:53:08.731356+00:00
3,1850039855826510024:2,neutral,2026-09-15 02:53:26.133332+00:00
3,1849789672290930688:0,neutral,2026-09-15 02:53:47.818977+00:00
3,1849416236100161841:0,neutral,2026-09-15 02:54:34.911219+00:00
3,1849416236100161841:1,positive,2026-09-15 02:55:23.806706+00:00
3,1848732117137498347:0,neutral,2026-09-15 02:55:32.500674+00:00
3,1848732117137498347:1,neutral,2026-09-15 03:05:56.981875+00:00
3,1847979641518051665:0,negative,2026-09-15 03:06:05.007179+00:00
3,1847979641518051665:1,positive,2026-09-15 03:06:19.318362+00:00
3,1847979641518051665:2,positive,2026-09-15 03:06:36.754688+00:00
3,1844952124498772096:0,positive,2026-09-15 03:06:44.377784+00:00
3,1844952124498772096:1,positive,2026-09-15 03:06:52.272128+00:00
3,1841101602813362531:0,positive,2026-09-15 03:07:12.665738+00:00
3,1840767556858093814:0,positive,2026-09-15 03:07:42.181575+00:00
3,1840767556858093814:1,dont_know,2026-09-15 03:07:52.699179+00:00
3,1839932428132966404:0,negative,2026-09-15 03:08:14.977385+00:00
3,1839932428132966404:1,positive,2026-09-15 03:08:58.982713+00:00
3,1839714880703869406:0,neutral,2026-09-15 03:09:48.606029+00:00
3,1836427425057546625:0,positive,2026-09-15 03:09:58.847323+00:00
3,1835912634941526048:0,strongly_positive,2026-09-15 03:10:04.831207+00:00
3,1833864070807572764:0,positive,2026-09-15 03:10:16.931752+00:00
3,1833864070807572764:1,strongly_positive,2026-09-15 03:10:31.802747+00:00
3,1833069213587526073:0,positive,2026-09-15 03:10:40.523021+00:00
3,1833069213587526073:1,neutral,2026-09-15 03:10:48.405840+00:00
3,1833069213587526073:2,positive,2026-09-15 03:11:24.653064+00:00
3,1832677275885543476:0,strongly_positive,2026-09-15 03:11:53.170517+00:00
3,1831908527033741360:0,strongly_positive,2026-09-15 03:11:59.108062+00:00
3,1830498499793752407:0,strongly_positive,2026-09-15 03:12:08.825339+00:00
3,1829386619343753706:0,negative,2026-09-15 03:12:31.293817+00:00
3,1829386619343753706:1,positive,2026-09-15 03:12:36.461390+00:00
3,1829386619343753706:2,negative,2026-09-15 03:12:45.744691+00:00
3,1828047728871608523:0,positive,2026-09-15 03:12:50.938676+00:00
3,1828047728871608523:1,positive,2026-09-15 03:12:56.747795+00:00
3,1828047728871608523:2,strongly_positive,2026-09-15 03:13:02.943765+00:00
3,1825882744347349200:0,negative,2026-09-15 03:13:21.939829+00:00
3,1825882744347349200:1,positive,2026-09-15 03:14:42.264936+00:00
3,1825882744347349200:2,dont_know,2026-09-15 03:15:29.486896+00:00
3,1825828942961410372:0,negative,2026-09-15 03:16:37.831742+00:00
3,1825747734910902501:0,strongly_positive,2026-09-15 03:16:44.610630+00:00
3,1825381462163534183:0,strongly_positive,2026-09-15 03:16:57.391683+00:00
3,1824450028791857197:0,neutral,2026-09-15 03:17:21.072908+00:00
3,1823335095433838962:0,positive,2026-09-15 03:17:38.954515+00:00
3,1823335095433838962:1,positive,2026-09-15 03:17:45.672218+00:00
3,1820760341996777911:0,positive,2026-09-15 03:17:54.815324+00:00
3,1820760341996777911:1,neutral,2026-09-15 03:18:10.491606+00:00
3,1820760341996777911:2,dont_know,2026-09-15 03:18:17.207429+00:00
3,1816750748073394466:0,negative,2026-09-15 03:18:26.983819+00:00
3,1816750748073394466:1,negative,2026-09-15 03:18:34.296082+00:00
3,1815053215857009115:0,positive,2026-09-15 03:18:57.143352+00:00
3,1814659197310480613:0,neutral,2026-09-15 03:19:07.555974+00:00
3,1814297650348298614:0,positive,2026-09-15 03:19:13.231434+00:00
3,1814297650348298614:1,strongly_positive,2026-09-15 03:19:44.915543+00:00
3,1814206242715287663:0,strongly_positive,2026-09-15 03:19:55.137658+00:00
3,1811678580843126828:0,neutral,2026-09-15 03:20:17.455076+00:00
3,1811678580843126828:1,negative,2026-09-15 03:20:20.629469+00:00
3,1811678580843126828:2,negative,2026-09-15 03:20:43.186064+00:00
3,1808085556015878238:0,positive,2026-09-15 03:21:15.981339+00:00
3,1808085556015878238:1,dont_know,2026-09-15 03:21:23.218123+00:00
3,1806711390796734550:0,negative,2026-09-15 03:21:41.281428+00:00
3,1804807500903989750:0,negative,2026-09-15 03:22:29.210373+00:00
3,1798319327814529298:0,negative,2026-09-15 03:22:36.116431+00:00
3,1797979178790453514:0,positive,2026-09-15 03:22:43.629597+00:00
3,1797543642791653782:0,dont_know,2026-09-15 03:23:35.506146+00:00
3,1796127782033854793:0,positive,2026-09-15 03:24:22.217495+00:00
3,1796127782033854793:1,neutral,2026-09-15 03:24:28.336707+00:00
3,1796127782033854793:2,dont_know,2026-09-15 03:24:39.438325+00:00
3,1795330986395287623:0,negative,2026-09-15 03:24:56.746298+00:00
3,1795330986395287623:1,negative,2026-09-15 03:25:05.323807+00:00
3,1793476250058805425:0,positive,2026-09-15 03:26:03.328731+00:00
3,1792944942005768282:0,negative,2026-09-15 03:26:14.141858+00:00
3,1792944942005768282:1,negative,2026-09-15 03:26:26.771165+00:00
3,1792944942005768282:2,negative,2026-09-15 03:26:55.427976+00:00
3,1791479267550740680:0,strongly_positive,2026-09-15 03:27:08.114091+00:00
3,1790721379370672413:0,negative,2026-09-15 03:27:14.971318+00:00
3,1790721379370672413:1,negative,2026-09-15 03:27:35.411524+00:00
3,1790306485047611837:0,neutral,2026-09-15 03:27:57.045450+00:00
3,1790306485047611837:1,dont_know,2026-09-15 03:28:22.859639+00:00
3,1783178482463215729:0,positive,2026-09-15 03:29:29.593787+00:00
3,1783178482463215729:1,positive,2026-09-15 03:29:36.157246+00:00
3,1783178482463215729:2,positive,2026-09-15 03:29:53.468279+00:00
3,1782728182598107188:0,dont_know,2026-09-15 03:30:14.235955+00:00
3,1781559053031817468:0,positive,2026-09-15 03:30:37.236982+00:00
3,1780892937389265313:0,positive,2026-09-15 03:31:26.359452+00:00
3,1780431749849186628:0,strongly_positive,2026-09-15 03:31:29.871190+00:00
3,1780393637148307911:0,neutral,2026-09-15 03:31:46.065548+00:00
3,1780393637148307911:1,neutral,2026-09-15 03:31:57.390607+00:00
3,1780037506009809007:0,neutral,2026-09-15 03:32:18.144207+00:00
3,1779551283113775610:0,neutral,2026-09-15 03:33:09.974043+00:00
3,1779332606095483363:0,neutral,2026-09-15 03:34:12.345353+00:00
3,1779213305099219144:0,neutral,2026-09-15 03:35:18.721080+00:00
3,1779041016831430769:0,neutral,2026-09-15 03:35:29.757402+00:00
3,1779041016831430769:1,positive,2026-09-15 03:35:44.111175+00:00
3,1778992425316307245:0,strongly_positive,2026-09-15 03:35:49.909480+00:00
3,1778775042676920807:0,positive,2026-09-15 03:36:19.808655+00:00
3,1778695167815327758:0,strongly_positive,2026-09-15 03:36:32.636567+00:00
3,1778378830677205392:0,positive,2026-09-15 03:36:57.444760+00:00
3,1778301987794071733:0,strongly_positive,2026-09-15 03:37:02.498855+00:00
3,1777708402363289869:0,positive,2026-09-15 03:37:14.892302+00:00
3,1777708402363289869:1,positive,2026-09-15 03:37:37.284079+00:00
3,1776598568821813358:0,dont_know,2026-09-15 03:37:49.249662+00:00
3,1775885830382657947:0,positive,2026-09-15 03:38:11.894293+00:00
3,1775885830382657947:1,negative,2026-09-15 03:38:23.704379+00:00
3,1775510944145129629:0,positive,2026-09-15 03:40:21.277670+00:00
3,1774794906294518164:0,neutral,2026-09-15 03:40:41.144095+00:00
3,1774794906294518164:1,neutral,2026-09-15 03:41:01.596790+00:00
3,1774301369312195045:0,neutral,2026-09-15 03:41:19.546881+00:00
3,1774301369312195045:1,dont_know,2026-09-15 03:43:12.106826+00:00
3,1773878194644389962:0,neutral,2026-09-15 03:43:39.531728+00:00
3,1773878194644389962:1,dont_know,2026-09-15 03:43:46.282909+00:00
3,1773609834018955588:0,neutral,2026-09-15 03:44:02.635265+00:00
3,1773609834018955588:1,dont_know,2026-09-15 03:44:06.970437+00:00
3,1773317263921197507:0,neutral,2026-09-15 03:44:26.718095+00:00
3,1772909093369397334:0,neutral,2026-09-15 03:44:37.061719+00:00
3,1772909093369397334:1,neutral,2026-09-15 03:44:44.847298+00:00
3,1772909093369397334:2,neutral,2026-09-15 03:44:50.011120+00:00
3,1770434726437793873:0,neutral,2026-09-15 03:45:11.855020+00:00
3,1769687645666299930:0,positive,2026-09-15 03:45:34.042663+00:00
3,1769687645666299930:1,positive,2026-09-15 03:45:53.293933+00:00
3,1767530066370535607:0,neutral,2026-09-15 03:46:12.976485+00:00
3,1767530066370535607:1,positive,2026-09-15 03:46:36.389270+00:00
3,1767530066370535607:2,strongly_positive,2026-09-15 03:46:42.142679+00:00
3,1765972068904903087:0,strongly_positive,2026-09-15 03:46:51.321235+00:00
3,1765911572054986774:0,strongly_positive,2026-09-15 03:46:55.667831+00:00
3,1765347659454255398:0,dont_know,2026-09-15 03:49:02.437144+00:00
3,1763779809589776803:0,neutral,2026-09-15 03:50:01.850575+00:00
3,1762099773681565858:0,negative,2026-09-15 03:50:24.275899+00:00
3,1762099773681565858:1,positive,2026-09-15 03:51:36.233170+00:00
3,940569724512903169:0,positive,2026-09-15 03:51:48.640357+00:00
3,2092483651636433027:0,positive,2026-09-15 03:52:08.926441+00:00
3,2083550722629542301:0,neutral,2026-09-15 03:52:21.506438+00:00
3,2092483651636433027:1,neutral,2026-09-15 03:52:29.288311+00:00
3,2083550722629542301:1,negative,2026-09-15 03:53:00.771676+00:00
3,2083550722629542301:2,negative,2026-09-15 03:53:08.760564+00:00
3,2083550722629542301:3,dont_know,2026-09-15 03:53:51.972325+00:00
3,2083550722629542301:4,dont_know,2026-09-15 03:53:58.276067+00:00
3,2082065681747677667:0,neutral,2026-09-15 03:54:16.648612+00:00
3,2082065681747677667:1,negative,2026-09-15 03:54:25.790073+00:00
3,2063166263602352216:0,positive,2026-09-15 03:54:31.130768+00:00
3,2063166263602352216:1,neutral,2026-09-15 03:54:50.971478+00:00
3,2063166263602352216:2,neutral,2026-09-15 03:54:58.365006+00:00
3,2063166263602352216:3,positive,2026-09-15 03:55:11.613302+00:00
3,2055979881402699901:0,positive,2026-09-15 03:55:48.887426+00:00
3,2045008810755211394:0,positive,2026-09-15 03:56:06.087502+00:00
3,2043882791964946480:0,strongly_positive,2026-09-15 03:56:27.609722+00:00
3,2032369092469113229:0,negative,2026-09-15 03:56:35.832842+00:00
3,2032369092469113229:1,negative,2026-09-15 03:56:44.944015+00:00
3,2029543624443130129:0,positive,2026-09-15 03:56:48.914293+00:00
3,2029543624443130129:1,positive,2026-09-15 03:56:56.036624+00:00
3,2029543624443130129:2,positive,2026-09-15 03:58:25.896418+00:00
3,2029543624443130129:3,positive,2026-09-15 03:58:46.365935+00:00
3,2029543624443130129:4,dont_know,2026-09-15 03:59:18.849947+00:00
3,2027758080352784670:0,negative,2026-09-15 03:59:29.549922+00:00
3,2027758080352784670:1,neutral,2026-09-15 03:59:44.163869+00:00
3,2027758080352784670:2,positive,2026-09-15 04:01:53.618059+00:00
3,2025793587775152457:0,negative,2026-09-15 04:02:04.308111+00:00
3,2025793587775152457:1,negative,2026-09-15 04:02:09.541870+00:00
3,2025793587741647204:0,negative,2026-09-15 04:02:17.315250+00:00
3,2024362470413127877:0,positive,2026-09-15 04:02:31.336227+00:00
3,2024362470413127877:1,positive,2026-09-15 04:02:42.610433+00:00
3,2023019126118359435:0,positive,2026-09-15 04:02:58.823469+00:00
3,2023019126118359435:1,negative,2026-09-15 04:03:04.645839+00:00
3,2023019126118359435:2,positive,2026-09-15 04:03:11.311596+00:00
3,2023019126118359435:3,dont_know,2026-09-15 04:03:20.289415+00:00
3,2020124446866956487:0,negative,2026-09-15 04:03:37.520762+00:00
3,2020124446866956487:1,positive,2026-09-15 04:03:44.034296+00:00
3,2019781422500954208:0,neutral,2026-09-15 04:03:54.821530+00:00
3,2019781422500954208:1,positive,2026-09-15 04:03:58.907421+00:00
3,2019781422500954208:2,positive,2026-09-15 04:04:18.189203+00:00
3,2019781422500954208:3,dont_know,2026-09-15 04:04:26.601490+00:00
3,2018648336627376196:0,positive,2026-09-15 04:04:57.441310+00:00
3,2005066411857887646:0,positive,2026-09-15 04:05:05.216825+00:00
3,1908177026449547767:0,neutral,2026-09-15 04:05:23.796908+00:00
3,1908177026449547767:1,positive,2026-09-15 04:05:33.394486+00:00
3,1908177026449547767:2,positive,2026-09-15 04:05:44.440614+00:00
3,1908177026449547767:3,negative,2026-09-15 04:05:48.586523+00:00
3,1847241222009585916:0,strongly_negative,2026-09-15 04:07:13.116718+00:00
3,1846567804889383028:0,dont_know,2026-09-15 04:08:23.923335+00:00
3,1845019388627517923:0,strongly_positive,2026-09-15 04:08:28.420503+00:00
3,1845019388627517923:1,positive,2026-09-15 04:09:03.886627+00:00
3,1845019388627517923:2,positive,2026-09-15 04:09:14.487940+00:00
3,1842214889307414954:0,positive,2026-09-15 04:09:24.935369+00:00
3,1842214889307414954:1,neutral,2026-09-15 04:09:38.549219+00:00
3,1842214889307414954:2,positive,2026-09-15 04:09:43.487307+00:00
3,1841304369494708579:0,positive,2026-09-15 04:09:52.974627+00:00
3,1841304369494708579:1,neutral,2026-09-15 04:10:01.813396+00:00
3,1841304369494708579:2,positive,2026-09-15 04:10:09.973065+00:00
3,1839700836982952096:0,neutral,2026-09-15 04:10:20.761776+00:00
3,1839700836982952096:1,positive,2026-09-15 04:10:25.608559+00:00
3,1839700836982952096:2,positive,2026-09-15 04:10:37.937490+00:00
3,1838816477320712511:0,dont_know,2026-09-15 04:10:48.592838+00:00
3,1838816477320712511:2,dont_know,2026-09-15 04:11:25.974453+00:00
3,1838816477320712511:3,neutral,2026-09-15 04:11:41.690474+00:00
3,1838816477320712511:4,negative,2026-09-15 04:11:47.889995+00:00
3,1838545080187261215:0,neutral,2026-09-15 04:11:54.228585+00:00
3,1838545080187261215:1,positive,2026-09-15 04:11:57.647762+00:00
3,1837908998169022481:0,negative,2026-09-15 04:14:59.851057+00:00
3,1836593864557433262:0,positive,2026-09-15 04:15:08.543308+00:00
3,1836593864557433262:1,positive,2026-09-15 04:15:14.705618+00:00
3,1836593864557433262:2,positive,2026-09-15 04:15:31.768461+00:00
3,1836593864557433262:3,neutral,2026-09-15 04:15:50.007670+00:00
3,1831953871708803205:0,strongly_positive,2026-09-15 04:15:54.667500+00:00
3,1829757694397313497:0,strongly_positive,2026-09-15 04:16:10.640203+00:00
3,1829757694397313497:1,strongly_positive,2026-09-15 04:16:14.513440+00:00
3,1826273865615765696:0,neutral,2026-09-15 04:16:21.913770+00:00
3,1826273865615765696:1,negative,2026-09-15 04:16:31.436943+00:00
3,1826273865615765696:2,positive,2026-09-15 04:16:45.666450+00:00
3,1822270799866171704:0,positive,2026-09-15 04:17:06.792516+00:00
3,1822270799866171704:1,positive,2026-09-15 04:17:47.145216+00:00
3,1822270799866171704:2,positive,2026-09-15 04:17:51.544122+00:00
3,1822270799866171704:3,positive,2026-09-15 04:17:56.454901+00:00
3,1817567091719086314:0,positive,2026-09-15 04:18:27.482102+00:00
3,1816037276419305971:0,negative,2026-09-15 04:18:36.829382+00:00
3,1816037276419305971:1,positive,2026-09-15 04:18:43.748371+00:00
3,1812798813133812095:0,positive,2026-09-15 04:18:54.866403+00:00
3,1812798813133812095:1,positive,2026-09-15 04:19:15.394871+00:00
3,1805131446702759958:0,positive,2026-09-15 04:19:42.741005+00:00
3,1804006717753299436:0,neutral,2026-09-15 04:19:47.074307+00:00
3,1804006717753299436:1,positive,2026-09-15 04:19:53.392707+00:00
3,1804006717753299436:3,positive,2026-09-15 04:21:02.879270+00:00
3,1798252913770610880:0,negative,2026-09-15 04:21:46.795783+00:00
3,1798252913770610880:1,dont_know,2026-09-15 04:21:53.427594+00:00
3,1798001513291506126:0,strongly_positive,2026-09-15 04:21:58.507533+00:00
3,1795320038280573040:0,positive,2026-09-15 04:22:25.354714+00:00
3,1792496842934206966:0,dont_know,2026-09-15 04:23:10.909956+00:00
3,1792496842934206966:1,positive,2026-09-15 04:23:47.732363+00:00
3,1792496842934206966:2,negative,2026-09-15 04:24:10.104239+00:00
3,1792402611372781814:1,negative,2026-09-15 04:24:19.368024+00:00
3,1792402611372781814:2,positive,2026-09-15 04:24:38.394130+00:00
3,1792402611372781814:3,positive,2026-09-15 04:24:45.247097+00:00
3,1792402611372781814:4,dont_know,2026-09-15 04:24:52.738837+00:00
3,1791056530378510382:0,negative,2026-09-15 04:25:08.381521+00:00
3,1791056530378510382:1,negative,2026-09-15 04:25:15.072710+00:00
3,1790930692328886516:0,negative,2026-09-15 04:25:21.198424+00:00
3,1790930692328886516:1,negative,2026-09-15 04:25:28.373462+00:00
3,1790930692328886516:2,positive,2026-09-15 04:25:35.282146+00:00
3,1790930692328886516:5,positive,2026-09-15 04:25:39.399525+00:00
3,1788931884480688380:0,negative,2026-09-15 04:25:56.983356+00:00
3,1788931884480688380:1,strongly_negative,2026-09-15 04:26:11.303731+00:00
3,1788931884480688380:2,dont_know,2026-09-15 04:26:18.092782+00:00
3,1785646400958869692:0,positive,2026-09-15 04:27:26.739444+00:00
3,1785646400958869692:1,positive,2026-09-15 04:27:33.833499+00:00
3,1785646400958869692:2,positive,2026-09-15 04:27:39.017853+00:00
3,1785186295926460718:0,strongly_positive,2026-09-15 04:27:51.220469+00:00
3,1785186295926460718:1,strongly_positive,2026-09-15 04:27:58.589844+00:00
3,1785186295926460718:2,strongly_positive,2026-09-15 04:28:07.445645+00:00
3,1782616706659270827:0,positive,2026-09-15 04:28:18.060264+00:00
3,1782616706659270827:1,negative,2026-09-15 04:28:58.569858+00:00
3,1756283060864389131:1,positive,2026-09-15 04:39:01.040982+00:00
3,1780223312788169184:1,negative,2026-09-15 04:29:52.550848+00:00
3,1780223312788169184:0,dont_know,2026-09-15 04:30:59.306477+00:00
3,1780223312788169184:4,dont_know,2026-09-15 04:31:23.026127+00:00
3,1779031040121835773:0,strongly_positive,2026-09-15 04:31:27.251984+00:00
3,1778788913106333790:0,neutral,2026-09-15 04:31:44.196862+00:00
3,1778788913106333790:1,neutral,2026-09-15 04:32:00.619396+00:00
3,1778293422329385382:0,strongly_positive,2026-09-15 04:32:06.977360+00:00
3,1778293422329385382:1,positive,2026-09-15 04:32:26.063877+00:00
3,1778293422329385382:2,positive,2026-09-15 04:32:30.662221+00:00
3,1778293422329385382:3,positive,2026-09-15 04:32:36.644468+00:00
3,1771734395105231017:0,positive,2026-09-15 04:32:52.850974+00:00
3,1771538533620359543:0,positive,2026-09-15 04:32:59.871671+00:00
3,1771538533620359543:1,neutral,2026-09-15 04:33:17.873335+00:00
3,1771538533620359543:3,positive,2026-09-15 04:33:46.002643+00:00
3,1771538533620359543:2,negative,2026-09-15 04:33:54.050109+00:00
3,1767393996249469246:0,neutral,2026-09-15 04:34:44.045317+00:00
3,1767010579288367215:0,strongly_positive,2026-09-15 04:34:50.706051+00:00
3,1767010579288367215:1,positive,2026-09-15 04:35:02.187188+00:00
3,1765998431691313420:0,neutral,2026-09-15 04:35:10.780698+00:00
3,1765998431691313420:2,positive,2026-09-15 04:35:21.884060+00:00
3,1765998431691313420:3,strongly_positive,2026-09-15 04:35:26.428492+00:00
3,1763549331049841122:0,strongly_positive,2026-09-15 04:35:36.641467+00:00
3,1763549331049841122:1,positive,2026-09-15 04:36:13.793590+00:00
3,1762654878277812300:0,strongly_positive,2026-09-15 04:36:28.092610+00:00
3,1762654878277812300:1,strongly_positive,2026-09-15 04:36:33.567023+00:00
3,1762654878277812300:2,positive,2026-09-15 04:36:44.206440+00:00
3,1762136661801185408:0,negative,2026-09-15 04:36:49.377267+00:00
3,1762136661801185408:1,positive,2026-09-15 04:36:54.841353+00:00
3,1762136661801185408:2,negative,2026-09-15 04:37:03.918891+00:00
3,1761400589223964805:0,positive,2026-09-15 04:37:17.176391+00:00
3,1761400589223964805:1,positive,2026-09-15 04:37:24.470682+00:00
3,1760216649968636188:0,dont_know,2026-09-15 04:37:35.213903+00:00
3,1759411783721537954:0,neutral,2026-09-15 04:37:50.882137+00:00
3,1759411783721537954:1,negative,2026-09-15 04:38:00.295560+00:00
3,1758452786340212933:0,positive,2026-09-15 04:38:17.742056+00:00
3,1757602719119147427:0,positive,2026-09-15 04:38:22.332023+00:00
3,1757602719119147427:1,positive,2026-09-15 04:38:25.712013+00:00
3,1757033493748691377:0,neutral,2026-09-15 04:38:40.446236+00:00
3,1757033493748691377:1,neutral,2026-09-15 04:38:45.184882+00:00
3,1756283060864389131:0,positive,2026-09-15 04:39:06.436965+00:00
3,1756283060864389131:3,positive,2026-09-15 04:39:13.586711+00:00
3,1756172337362469167:0,strongly_positive,2026-09-15 04:39:17.853557+00:00
3,1756172337362469167:1,positive,2026-09-15 04:39:30.960039+00:00
3,1752716171038843256:0,neutral,2026-09-15 04:39:53.422889+00:00
3,1752716171038843256:1,positive,2026-09-15 04:40:02.719810+00:00
3,1752716171038843256:2,positive,2026-09-15 04:40:10.460425+00:00
3,1752173536700190790:0,positive,2026-09-15 04:40:29.773124+00:00
3,1751605229903081512:0,positive,2026-09-15 04:40:36.220526+00:00
3,1750912236737163268:0,strongly_positive,2026-09-15 04:40:45.888536+00:00
3,1750912236737163268:1,strongly_positive,2026-09-15 04:40:54.684420+00:00
3,1750383117410726179:0,positive,2026-09-15 04:41:05.162408+00:00
3,1750383117410726179:1,positive,2026-09-15 04:41:21.496707+00:00
3,1750383117410726179:2,dont_know,2026-09-15 04:41:26.988952+00:00
3,1749489567135338894:0,positive,2026-09-15 04:41:55.802014+00:00
3,1749489567135338894:1,positive,2026-09-15 04:42:06.773618+00:00
3,1749489567135338894:2,negative,2026-09-15 04:42:18.712335+00:00
3,1749447904266457382:0,positive,2026-09-15 04:43:08.114501+00:00
3,1749447904266457382:1,neutral,2026-09-15 04:43:35.348958+00:00
3,1749360495092793808:0,negative,2026-09-15 04:43:47.488312+00:00
3,1749360495092793808:1,negative,2026-09-15 04:43:53.604527+00:00
3,1749360495092793808:2,neutral,2026-09-15 04:44:04.981291+00:00
3,1749300247996850392:0,negative,2026-09-15 04:44:22.462440+00:00
3,1749300247996850392:1,positive,2026-09-15 04:44:29.550011+00:00
3,1749300247996850392:2,positive,2026-09-15 04:44:35.291332+00:00
3,1749300247996850392:3,dont_know,2026-09-15 04:45:04.042226+00:00
3,1749300247996850392:4,positive,2026-09-15 04:45:26.053960+00:00
3,1749300247996850392:5,positive,2026-09-15 04:46:45.076478+00:00
3,1746726239543664684:0,strongly_positive,2026-09-15 04:47:00.398812+00:00
3,1746726239543664684:1,positive,2026-09-15 04:47:07.117145+00:00
3,1746726239543664684:2,positive,2026-09-15 04:47:14.250102+00:00
3,1745641232653762577:0,strongly_positive,2026-09-15 04:47:30.475857+00:00
3,1743543439214686359:0,neutral,2026-09-15 04:48:14.535062+00:00
3,1743543439214686359:1,negative,2026-09-15 04:48:24.402605+00:00
3,1742105860430819689:0,positive,2026-09-15 04:48:32.222954+00:00
3,1742105860430819689:1,positive,2026-09-15 04:48:37.192632+00:00
3,1742105860430819689:2,positive,2026-09-15 04:48:48.144562+00:00
3,1742105860430819689:3,negative,2026-09-15 04:49:05.552381+00:00
3,1742105860430819689:4,dont_know,2026-09-15 04:49:21.517146+00:00
3,1741101006782697895:0,negative,2026-09-15 04:51:40.493776+00:00
3,1740704589912150082:0,negative,2026-09-15 04:52:23.493727+00:00
3,1740704589912150082:1,negative,2026-09-15 04:52:31.964186+00:00
3,1740704589912150082:2,negative,2026-09-15 04:52:42.985223+00:00
3,1740704589912150082:3,dont_know,2026-09-15 04:52:49.358278+00:00
3,1740247089328906586:0,negative,2026-09-15 04:52:59.374468+00:00
3,1740247089328906586:1,negative,2026-09-15 04:53:24.034488+00:00
3,1740247089328906586:2,negative,2026-09-15 06:03:48.493035+00:00
3,1740237475266826570:0,neutral,2026-09-15 06:04:19.557323+00:00
3,1740237475266826570:1,positive,2026-09-15 06:05:44.639119+00:00
3,1739897284819931630:0,positive,2026-09-15 06:08:00.078196+00:00
3,1739897284819931630:1,negative,2026-09-15 06:11:13.909481+00:00
3,1738946158943445488:0,neutral,2026-09-15 06:11:18.831391+00:00
3,1738946158943445488:1,neutral,2026-09-15 06:11:23.669694+00:00
3,1738946158943445488:2,neutral,2026-09-15 09:28:55.273382+00:00
3,1738555965371568239:0,negative,2026-09-15 09:29:08.047002+00:00
3,1738555965371568239:1,negative,2026-09-15 09:29:19.674837+00:00
3,1738555965371568239:2,negative,2026-09-15 09:29:27.527134+00:00
3,1738555965371568239:3,negative,2026-09-15 09:29:34.418477+00:00
3,1737671276200931449:0,negative,2026-09-15 09:30:01.509903+00:00
3,1737439424097759727:0,positive,2026-09-15 09:30:18.774469+00:00
3,1737439424097759727:1,positive,2026-09-15 09:30:22.747419+00:00
3,1737439424097759727:2,positive,2026-09-15 09:30:29.379870+00:00
3,1737439424097759727:3,dont_know,2026-09-15 09:31:27.927337+00:00
3,1735241718268678471:0,neutral,2026-09-15 09:31:39.159391+00:00
3,1735241718268678471:1,positive,2026-09-15 09:32:14.853969+00:00
3,1733001998566297735:1,positive,2026-09-15 09:32:21.305920+00:00
3,1733001998566297735:2,neutral,2026-09-15 09:32:35.531810+00:00
3,1733001998566297735:3,neutral,2026-09-15 09:32:42.990885+00:00
3,1733001998566297735:4,dont_know,2026-09-15 09:32:50.702019+00:00
3,1732257873869328553:0,negative,2026-09-15 09:36:13.140965+00:00
3,1732257873869328553:1,negative,2026-09-15 09:36:20.326122+00:00
3,1731250476132528480:0,negative,2026-09-15 09:36:39.177504+00:00
3,1731250476132528480:1,neutral,2026-09-15 09:36:48.569720+00:00
3,1726420266849571206:0,dont_know,2026-09-15 09:37:20.336036+00:00
3,1726420266849571206:1,positive,2026-09-15 09:37:30.707375+00:00
3,1726420266849571206:2,positive,2026-09-15 09:37:36.978173+00:00
3,1726078118761570432:0,strongly_positive,2026-09-15 09:37:54.090723+00:00
3,1725515458496065584:0,negative,2026-09-15 09:38:10.672404+00:00
3,1725515458496065584:1,positive,2026-09-15 09:38:24.093591+00:00
3,1725515458496065584:2,positive,2026-09-15 09:38:29.625047+00:00
3,1724683008769450296:0,positive,2026-09-15 09:38:36.990108+00:00
3,1724343367847567505:0,dont_know,2026-09-15 09:38:45.473693+00:00
3,1724343367847567505:1,positive,2026-09-15 09:39:03.917577+00:00
3,1724343367847567505:2,neutral,2026-09-15 09:39:50.175756+00:00
3,1724322419341398193:0,negative,2026-09-15 09:39:59.032943+00:00
3,1724322419341398193:1,neutral,2026-09-15 09:40:10.860955+00:00
3,1724322419341398193:2,neutral,2026-09-15 09:40:18.888746+00:00
3,1724012212900217206:0,negative,2026-09-15 09:40:29.367319+00:00
3,1724012212900217206:1,negative,2026-09-15 09:40:34.738548+00:00
3,1724012212900217206:2,negative,2026-09-15 09:40:54.428350+00:00
3,1723584486506647790:0,positive,2026-09-15 09:41:08.397947+00:00
3,1723584486506647790:1,positive,2026-09-15 09:41:26.019811+00:00
3,1721887403378610555:0,positive,2026-09-15 12:25:07.833287+00:00
3,1721887403378610555:1,neutral,2026-09-15 12:25:47.854126+00:00
3,1720813717812887572:0,positive,2026-09-15 12:25:59.529939+00:00
3,1720813717812887572:1,positive,2026-09-15 12:26:07.585318+00:00
3,1720813717812887572:2,positive,2026-09-15 12:26:13.799371+00:00
3,1720603833611469073:0,negative,2026-09-15 12:26:21.297462+00:00
3,1720603833611469073:1,dont_know,2026-09-15 12:26:33.705022+00:00
3,1720371180769878158:0,strongly_positive,2026-09-15 12:26:42.466978+00:00
3,1720371180769878158:1,strongly_positive,2026-09-15 12:26:47.254149+00:00
3,1720371180769878158:2,strongly_positive,2026-09-15 12:26:55.730930+00:00
3,1716772687262155234:0,strongly_positive,2026-09-15 12:27:05.955496+00:00
3,1716772687262155234:1,strongly_positive,2026-09-15 12:27:25.541565+00:00
3,1716700806974763430:0,strongly_positive,2026-09-15 12:27:50.774890+00:00
3,1715575985490542740:0,strongly_positive,2026-09-15 12:27:58.637698+00:00
3,1714839209465569597:0,positive,2026-09-15 12:28:27.282993+00:00
3,1714839209465569597:1,positive,2026-09-15 12:28:33.733535+00:00
3,1714839209465569597:2,negative,2026-09-15 12:30:30.973817+00:00
3,1714611861726060598:0,neutral,2026-09-15 12:30:43.282839+00:00
3,1714611861726060598:1,negative,2026-09-15 12:30:47.585068+00:00
3,1714611861726060598:2,positive,2026-09-15 12:30:50.419393+00:00
3,1714611861726060598:3,positive,2026-09-15 12:30:54.728043+00:00
3,1714312114150760723:0,neutral,2026-09-15 12:31:00.550078+00:00
3,1714312114150760723:1,positive,2026-09-15 12:31:04.515532+00:00
3,1714312114150760723:2,dont_know,2026-09-15 12:31:13.376178+00:00
3,1713846216608653463:0,positive,2026-09-15 12:31:21.831613+00:00
3,1713846216608653463:1,positive,2026-09-15 12:31:33.722450+00:00
3,1713559714712449213:0,positive,2026-09-15 12:31:42.403276+00:00
3,1713559714712449213:1,positive,2026-09-15 12:31:46.675760+00:00
3,1713559714712449213:2,neutral,2026-09-15 12:31:57.166366+00:00
3,1713446748881072292:0,strongly_positive,2026-09-15 12:32:02.064129+00:00
3,1713446748881072292:1,positive,2026-09-15 12:32:11.296427+00:00
3,1713446748881072292:2,strongly_positive,2026-09-15 12:32:15.437330+00:00
3,1713446748881072292:3,positive,2026-09-15 12:32:18.724667+00:00
3,1713071917895487601:0,positive,2026-09-15 12:33:44.846606+00:00
3,1713071917895487601:1,positive,2026-09-15 12:33:49.250802+00:00
3,1713071917895487601:2,positive,2026-09-15 12:34:31.300178+00:00
3,1712623366492807679:0,neutral,2026-09-15 12:35:01.929727+00:00
3,1712623366492807679:1,positive,2026-09-15 12:35:10.625268+00:00
3,1711055048724423090:0,negative,2026-09-15 12:35:19.980516+00:00
3,1711055048724423090:1,neutral,2026-09-15 12:35:27.545263+00:00
3,1711055048724423090:2,positive,2026-09-15 12:35:31.843258+00:00
3,1710905115002188079:0,negative,2026-09-15 12:35:44.285504+00:00
3,1710905115002188079:1,neutral,2026-09-15 12:35:58.657160+00:00
3,1710905115002188079:2,dont_know,2026-09-15 12:36:04.042060+00:00
3,1710572874749407639:0,neutral,2026-09-15 12:36:11.655364+00:00
3,1710572874749407639:1,strongly_positive,2026-09-15 12:36:18.887579+00:00
3,1710572874749407639:2,strongly_positive,2026-09-15 12:36:24.496192+00:00
3,1710572874749407639:3,negative,2026-09-15 12:36:31.864258+00:00
3,1709540034796515629:0,neutral,2026-09-15 12:36:39.737425+00:00
3,1709540034796515629:1,neutral,2026-09-15 12:36:48.183430+00:00
3,1709540034796515629:2,positive,2026-09-15 12:36:53.587668+00:00
3,1709540034796515629:3,positive,2026-09-15 12:36:58.859231+00:00
3,1709201580782977279:0,neutral,2026-09-15 12:37:06.163261+00:00
3,1709201580782977279:1,positive,2026-09-15 12:37:12.492803+00:00
3,1709201580782977279:2,positive,2026-09-15 12:37:19.049067+00:00
3,1709064803237745146:1,strongly_positive,2026-09-15 12:37:31.045779+00:00
3,1709064803237745146:2,strongly_positive,2026-09-15 12:37:33.785374+00:00
3,1709064803237745146:0,positive,2026-09-15 12:37:40.819820+00:00
3,1708350397264560319:0,negative,2026-09-15 12:37:57.756609+00:00
3,1708350397264560319:1,negative,2026-09-15 12:38:06.245272+00:00
3,1708350397264560319:2,neutral,2026-09-15 12:38:09.538144+00:00
3,1707604927668002944:0,positive,2026-09-15 12:38:30.183749+00:00
3,1707604927668002944:1,positive,2026-09-15 12:38:36.977335+00:00
3,1707604927668002944:3,negative,2026-09-15 12:39:11.652954+00:00
3,1707227027542343715:0,positive,2026-09-15 12:39:17.532955+00:00
3,1707227027542343715:1,strongly_positive,2026-09-15 12:39:21.803558+00:00
3,1707227027542343715:2,strongly_positive,2026-09-15 12:39:27.331643+00:00
3,1705788446353346695:0,strongly_positive,2026-09-15 12:39:31.608968+00:00
3,1705788446353346695:1,positive,2026-09-15 12:39:39.499551+00:00
3,1705788446353346695:2,positive,2026-09-15 12:39:48.025240+00:00
3,1704333937835733207:0,positive,2026-09-15 12:39:53.570208+00:00
3,1704333937835733207:1,neutral,2026-09-15 12:40:24.070610+00:00
3,1704333937835733207:2,negative,2026-09-15 12:41:22.166325+00:00
3,1704333937835733207:3,dont_know,2026-09-15 12:41:27.608529+00:00
3,1703618508930887975:0,strongly_positive,2026-09-15 12:41:35.623009+00:00
3,1703618508930887975:1,positive,2026-09-15 12:41:50.554784+00:00
3,1702326872267432045:0,strongly_positive,2026-09-15 12:41:55.440659+00:00
3,1702326872267432045:1,positive,2026-09-15 12:42:02.982980+00:00
3,1702241547817988441:0,negative,2026-09-15 12:42:11.684169+00:00
3,1702241547817988441:1,negative,2026-09-15 12:42:18.440810+00:00
3,1702241547817988441:2,negative,2026-09-15 12:42:26.276242+00:00
3,1702241547817988441:3,positive,2026-09-15 12:42:43.818195+00:00
3,1702241547817988441:4,positive,2026-09-15 12:42:52.390225+00:00
3,1701411496218304664:0,negative,2026-09-15 12:43:05.781336+00:00
3,1701411496218304664:1,negative,2026-09-15 12:43:13.001944+00:00
3,1697126617800413644:0,strongly_positive,2026-09-15 12:43:19.449800+00:00
3,1696915174345609430:0,strongly_positive,2026-09-15 12:43:29.443695+00:00
3,1696915174345609430:1,neutral,2026-09-15 12:43:38.268640+00:00
3,1696915174345609430:2,positive,2026-09-15 12:43:41.643091+00:00
3,1696915174345609430:3,positive,2026-09-15 12:43:45.589110+00:00
3,1696752187534381307:0,neutral,2026-09-15 12:44:08.141383+00:00
3,1696752187534381307:1,positive,2026-09-15 12:44:17.172831+00:00
3,1695825227257929817:0,positive,2026-09-15 12:44:57.354414+00:00
3,1694677214523187232:0,neutral,2026-09-15 12:45:03.166904+00:00
3,1694677214523187232:1,positive,2026-09-15 12:45:20.078179+00:00
3,1693128504442044805:0,positive,2026-09-15 12:45:38.056710+00:00
3,1693128504442044805:1,positive,2026-09-15 12:46:30.582380+00:00
3,1693128504442044805:2,negative,2026-09-15 12:46:36.036055+00:00
3,1690293475579703296:0,strongly_positive,2026-09-15 12:46:46.615592+00:00
3,1689912877757636608:0,positive,2026-09-15 13:21:43.681009+00:00
3,1689912877757636608:1,positive,2026-09-15 13:21:48.830738+00:00
3,1688503669933940736:0,positive,2026-09-15 13:22:42.685205+00:00
3,1688503669933940736:1,positive,2026-09-15 13:22:54.244596+00:00
3,1688503669933940736:2,positive,2026-09-15 13:23:00.315460+00:00
3,1688503669933940736:3,dont_know,2026-09-15 13:23:21.156034+00:00
3,1688057380502994944:0,positive,2026-09-15 13:23:31.687238+00:00
3,1688057380502994944:2,positive,2026-09-15 13:23:35.981795+00:00
3,1688057380502994944:3,dont_know,2026-09-15 13:23:44.955395+00:00
3,1688057380502994944:4,positive,2026-09-15 13:23:49.540449+00:00
3,1688057380502994944:5,dont_know,2026-09-15 13:24:02.914195+00:00
3,1686623476764024832:0,positive,2026-09-15 13:24:11.028158+00:00
3,1686623476764024832:1,positive,2026-09-15 13:24:19.236877+00:00
3,1686623476764024832:2,positive,2026-09-15 13:24:26.887098+00:00
3,1686389779683049475:0,neutral,2026-09-15 13:24:36.796788+00:00
3,1686389779683049475:1,positive,2026-09-15 13:24:49.779831+00:00
3,1686389779683049475:2,positive,2026-09-15 13:25:15.758030+00:00
3,1682033517809770497:0,neutral,2026-09-15 13:25:22.426892+00:00
3,1682033517809770497:1,positive,2026-09-15 13:25:30.976032+00:00
3,1682033517809770497:2,positive,2026-09-15 13:25:36.789004+00:00
3,1681505633865175040:0,negative,2026-09-15 13:28:47.096375+00:00
3,1681505633865175040:1,negative,2026-09-15 13:29:34.816410+00:00
3,1680607179185827840:0,positive,2026-09-15 13:29:47.307115+00:00
3,1680607179185827840:1,positive,2026-09-15 13:29:56.919221+00:00
3,1680607179185827840:2,neutral,2026-09-15 13:30:01.788993+00:00
3,1680607179185827840:3,positive,2026-09-15 13:30:08.107807+00:00
3,1678996974241202179:0,negative,2026-09-15 13:31:19.255732+00:00
3,1678795612278644738:0,negative,2026-09-15 13:31:48.281941+00:00
3,1675693352275296256:0,strongly_positive,2026-09-15 13:32:35.748025+00:00
3,1674620717776904192:0,strongly_positive,2026-09-15 13:32:40.240403+00:00
3,1674620717776904192:1,positive,2026-09-15 13:38:44.992597+00:00
3,1674620717776904192:2,negative,2026-09-15 13:38:58.259869+00:00
3,1674620717776904192:3,negative,2026-09-15 13:39:06.757077+00:00
3,1674246160880668673:0,strongly_positive,2026-09-15 13:39:11.764926+00:00
3,1674246160880668673:1,strongly_positive,2026-09-15 13:39:17.200754+00:00
3,1670729107255218180:0,positive,2026-09-15 13:40:03.765107+00:00
3,1670729107255218180:2,strongly_positive,2026-09-15 13:40:12.470860+00:00
3,1670017064675995655:0,neutral,2026-09-15 13:40:20.337203+00:00
3,1670017064675995655:1,neutral,2026-09-15 13:40:30.539074+00:00
3,1664244504449400832:0,negative,2026-09-15 13:41:25.773390+00:00
3,1664244504449400832:1,positive,2026-09-15 13:41:31.343019+00:00
3,1663815981347803136:0,negative,2026-09-15 13:41:50.711880+00:00
3,1663005568385310720:0,positive,2026-09-15 13:42:07.951702+00:00
3,1661600098961465346:0,negative,2026-09-15 13:42:17.666517+00:00
3,1661600098961465346:1,negative,2026-09-15 13:42:23.958577+00:00
3,1661600098961465346:2,negative,2026-09-15 13:42:30.254941+00:00
3,1656872547517087744:0,positive,2026-09-15 13:42:51.960925+00:00
3,1656157974736560128:0,strongly_positive,2026-09-15 13:42:58.538115+00:00
3,1656145439052398592:0,negative,2026-09-15 13:44:05.940400+00:00
3,1653375453737140224:0,negative,2026-09-15 13:44:14.701745+00:00
3,1653300856266297344:0,strongly_positive,2026-09-15 13:44:49.047211+00:00
3,1653300856266297344:1,positive,2026-09-15 13:45:38.066978+00:00
3,1652908814218444802:0,positive,2026-09-15 13:46:19.986227+00:00
3,1652908814218444802:1,positive,2026-09-15 13:46:27.373938+00:00
3,1652908814218444802:2,strongly_positive,2026-09-15 13:46:31.140790+00:00
3,1651044116732727296:1,positive,2026-09-15 13:46:36.063518+00:00
3,1651044116732727296:2,neutral,2026-09-15 13:46:58.748733+00:00
3,1651044116732727296:3,positive,2026-09-15 13:47:03.248954+00:00
3,1650716679297712130:0,positive,2026-09-15 13:48:52.065942+00:00
3,1650716679297712130:1,strongly_positive,2026-09-15 13:48:57.785493+00:00
3,1650385951380873216:0,negative,2026-09-15 13:49:17.587907+00:00
3,1649951952011415554:0,neutral,2026-09-15 13:49:29.137832+00:00
3,1649951952011415554:1,positive,2026-09-15 13:49:36.637864+00:00
3,1649951952011415554:2,negative,2026-09-15 13:49:46.371741+00:00
3,1649113863437291520:0,strongly_positive,2026-09-15 13:50:00.041054+00:00
3,1648887851998912513:1,strongly_positive,2026-09-15 13:50:12.845450+00:00
3,1648887851998912513:2,neutral,2026-09-15 13:50:49.041332+00:00
3,1648887851998912513:3,positive,2026-09-15 13:51:00.483553+00:00
3,1648887851998912513:4,neutral,2026-09-15 13:51:09.898977+00:00
3,1648887851998912513:5,dont_know,2026-09-15 13:51:19.564789+00:00
3,1648293851520700418:0,negative,2026-09-15 13:51:32.370163+00:00
3,1648293851520700418:1,positive,2026-09-15 13:51:50.114690+00:00
3,1648293851520700418:2,positive,2026-09-15 13:51:55.268670+00:00
3,1647906976142331904:0,negative,2026-09-15 13:52:05.149004+00:00
3,1647906976142331904:2,positive,2026-09-15 13:52:10.575682+00:00
3,1647906976142331904:3,negative,2026-09-15 13:52:23.860857+00:00
3,1646741477362651136:1,positive,2026-09-15 13:52:44.347492+00:00
3,1646419214738272258:0,dont_know,2026-09-15 13:53:22.236030+00:00
3,1646357674874007552:0,negative,2026-09-15 13:53:27.790110+00:00
3,1646357674874007552:3,positive,2026-09-15 13:53:42.628166+00:00
3,1645118511881281536:0,positive,2026-09-15 13:54:25.708318+00:00
3,1645118511881281536:1,negative,2026-09-15 13:54:41.369861+00:00
3,1645118511881281536:2,negative,2026-09-15 13:54:59.731703+00:00
3,1644236012460339200:0,dont_know,2026-09-15 13:55:08.162291+00:00
3,1641809140266987522:0,neutral,2026-09-15 13:55:20.838904+00:00
3,1641475939338170370:0,positive,2026-09-15 13:56:03.226074+00:00
3,1641475939338170370:1,positive,2026-09-15 13:56:16.765578+00:00
3,1639104043313405952:0,positive,2026-09-15 13:56:35.812111+00:00
3,1636711973688868871:0,strongly_positive,2026-09-15 13:56:46.890069+00:00
3,1636338833385209857:1,positive,2026-09-15 13:56:55.591924+00:00
3,1634941830897999873:0,strongly_positive,2026-09-15 13:57:11.434542+00:00
3,1633795150890799104:0,strongly_positive,2026-09-15 13:57:21.402755+00:00
3,1633795150890799104:1,positive,2026-09-15 13:57:31.760753+00:00
3,1633416761453449218:0,positive,2026-09-15 13:57:54.473764+00:00
3,1632635540570001408:0,strongly_positive,2026-09-15 13:58:02.902646+00:00
3,1626068958620319744:0,positive,2026-09-15 13:58:38.131868+00:00
3,1626068958620319744:1,positive,2026-09-15 13:58:45.330726+00:00
3,1626068958620319744:2,positive,2026-09-15 13:59:12.116876+00:00
3,1622099336107630592:0,neutral,2026-09-15 13:59:18.946800+00:00
3,1622099336107630592:1,neutral,2026-09-15 13:59:26.952334+00:00
3,1622099336107630592:2,positive,2026-09-15 13:59:35.351143+00:00
3,1622099336107630592:3,negative,2026-09-15 13:59:44.145218+00:00
3,1621049425660637185:0,positive,2026-09-15 13:59:56.726488+00:00
3,1621049425660637185:1,neutral,2026-09-15 14:00:06.592953+00:00
3,1618100678643322887:0,negative,2026-09-15 14:00:36.014542+00:00
3,1617001399975542786:0,strongly_positive,2026-09-15 14:00:45.258549+00:00
3,1617001399975542786:1,dont_know,2026-09-15 14:01:00.724246+00:00
3,1616842119867674624:0,strongly_positive,2026-09-15 14:01:58.856873+00:00
3,1616628034773340166:0,positive,2026-09-15 14:07:05.406065+00:00
3,1614661844224061442:0,positive,2026-09-15 14:07:33.162817+00:00
3,1614450473989472256:0,strongly_positive,2026-09-15 14:07:54.746355+00:00
3,1613047492723216384:0,strongly_positive,2026-09-15 14:10:10.670585+00:00
3,1611367706116358146:0,positive,2026-09-15 14:10:49.846956+00:00
3,1611367706116358146:1,neutral,2026-09-15 14:14:00.872122+00:00
3,1608806950824972294:0,positive,2026-09-15 14:14:25.159966+00:00
3,1604536652139220993:0,strongly_positive,2026-09-15 14:14:32.585758+00:00
3,1601986176180944897:0,negative,2026-09-15 14:15:17.054027+00:00
3,1601986176180944897:1,negative,2026-09-15 14:15:23.193121+00:00
3,1599655219193090048:0,positive,2026-09-15 14:15:32.022266+00:00
3,1599655219193090048:1,positive,2026-09-15 14:15:36.450724+00:00
3,1599655219193090048:2,negative,2026-09-15 14:16:03.064486+00:00
3,1598679185438146560:0,positive,2026-09-15 14:16:44.639094+00:00
3,1598198475472371713:0,positive,2026-09-15 14:17:01.361551+00:00
3,1598198475472371713:1,positive,2026-09-15 14:17:13.744754+00:00
3,1597268516528611330:0,positive,2026-09-15 14:17:20.173791+00:00
3,1597268516528611330:1,neutral,2026-09-15 14:17:28.978187+00:00
3,1597268516528611330:2,positive,2026-09-15 14:17:35.062402+00:00
3,1595611291334643712:0,neutral,2026-09-15 14:17:39.060053+00:00
3,1595611291334643712:1,strongly_positive,2026-09-15 14:17:57.285645+00:00
3,1595349387206873088:0,neutral,2026-09-15 14:18:00.783239+00:00
3,1595349387206873088:1,strongly_positive,2026-09-15 14:18:12.489464+00:00
3,1595257999660310528:0,neutral,2026-09-15 14:18:16.313246+00:00
3,1595257999660310528:1,strongly_positive,2026-09-15 14:18:20.175998+00:00
3,1595254221972332545:0,neutral,2026-09-15 14:18:23.448523+00:00
3,1595254221972332545:1,strongly_positive,2026-09-15 14:18:25.936970+00:00
3,1595240206919438337:0,strongly_positive,2026-09-15 14:18:35.186148+00:00
3,1590192483845419008:0,negative,2026-09-15 14:18:52.840048+00:00
3,1590192483845419008:1,positive,2026-09-15 14:18:57.848940+00:00
3,1588898594266165249:0,neutral,2026-09-15 14:20:09.489555+00:00
3,1588898594266165249:1,negative,2026-09-15 14:20:30.920173+00:00
3,1588098631521165313:0,positive,2026-09-15 14:20:39.843697+00:00
3,1588098631521165313:1,positive,2026-09-15 14:20:47.672805+00:00
3,1588098631521165313:2,neutral,2026-09-15 14:20:54.253346+00:00
3,1587744553288990721:0,neutral,2026-09-15 14:21:04.150027+00:00
3,1587744553288990721:1,positive,2026-09-15 14:21:14.289602+00:00
3,1586550321186504704:0,positive,2026-09-15 14:21:23.248904+00:00
3,1586550321186504704:1,positive,2026-09-15 14:21:29.260816+00:00
3,1586550321186504704:2,positive,2026-09-15 14:21:34.908569+00:00
3,1585144045181206529:0,strongly_positive,2026-09-15 14:21:39.004294+00:00
3,1584053992174542848:0,negative,2026-09-15 14:21:57.109021+00:00
3,1581484408322035712:0,negative,2026-09-15 14:22:07.484925+00:00
3,1579042246435168258:0,negative,2026-09-15 14:22:27.461799+00:00
3,1579042246435168258:1,positive,2026-09-15 14:22:54.159962+00:00
3,1577174871137980416:0,strongly_positive,2026-09-15 14:22:57.435940+00:00
3,1577174871137980416:1,strongly_positive,2026-09-15 14:23:04.891999+00:00
3,1577174871137980416:2,positive,2026-09-15 14:23:17.221106+00:00
3,1576113320708345857:0,positive,2026-09-15 14:23:22.549043+00:00
3,1576113320708345857:1,strongly_positive,2026-09-15 14:23:27.324945+00:00
3,1575834209222295552:0,positive,2026-09-15 14:23:52.301794+00:00
3,1575393676125405185:0,neutral,2026-09-15 14:24:01.906304+00:00
3,1575393676125405185:1,neutral,2026-09-15 14:24:22.307230+00:00
3,1571821935872602118:0,positive,2026-09-15 14:24:51.888527+00:00
3,1571148412543979520:0,positive,2026-09-15 14:25:20.940656+00:00
3,1570962727354658817:0,positive,2026-09-15 14:25:42.271401+00:00
3,1570778776178692096:0,strongly_positive,2026-09-15 14:25:46.428313+00:00
3,1570385167256256512:0,neutral,2026-09-15 14:26:02.848324+00:00
3,1568086740304560129:0,strongly_positive,2026-09-15 14:26:13.910383+00:00
3,1567879583101485056:0,positive,2026-09-15 14:26:24.875347+00:00
3,1563121370619584512:0,positive,2026-09-15 14:26:58.871717+00:00
3,1562830426036908032:0,neutral,2026-09-15 14:27:24.735958+00:00
3,1561366731725361152:0,neutral,2026-09-15 14:27:30.101866+00:00
3,1561366731725361152:1,positive,2026-09-15 14:27:50.510555+00:00
3,1561033321081356288:0,positive,2026-09-15 14:27:59.760701+00:00
3,1561033321081356288:2,positive,2026-09-15 14:28:06.611260+00:00
3,1559135434290397184:0,positive,2026-09-15 14:28:21.492676+00:00
3,1559135434290397184:1,neutral,2026-09-15 14:28:41.110720+00:00
3,1559135434290397184:2,positive,2026-09-15 14:28:45.838116+00:00
3,1557655338588839936:0,positive,2026-09-15 14:29:20.962604+00:00
3,1557655338588839936:1,positive,2026-09-15 14:29:26.934728+00:00
3,1556940722040737792:0,strongly_positive,2026-09-15 14:29:45.206002+00:00
3,1556940722040737792:1,strongly_positive,2026-09-15 14:30:19.925416+00:00
3,1555596513837187072:0,strongly_positive,2026-09-15 14:30:23.650237+00:00
3,1555596513837187072:1,strongly_positive,2026-09-15 14:30:27.451607+00:00
3,1555596513837187072:2,strongly_positive,2026-09-15 14:30:31.738294+00:00
3,1554669478587568128:0,positive,2026-09-15 14:31:29.865415+00:00
3,1554405474371780608:0,positive,2026-09-15 14:31:58.704119+00:00
3,1554405474371780608:1,positive,2026-09-15 14:32:01.715739+00:00
3,1551230708433448965:0,neutral,2026-09-15 14:32:27.351477+00:00
3,1550371404209500160:0,positive,2026-09-15 14:36:09.821558+00:00
3,1550371404209500160:1,neutral,2026-09-15 14:36:17.412268+00:00
3,1550371404209500160:2,strongly_positive,2026-09-15 14:36:21.869142+00:00
3,1550125560466411520:0,positive,2026-09-15 14:36:32.457668+00:00
3,1550125560466411520:1,positive,2026-09-15 14:36:40.099967+00:00
3,1549353815547121666:0,strongly_positive,2026-09-15 14:36:45.231043+00:00
3,1549353815547121666:1,neutral,2026-09-15 14:37:01.348484+00:00
3,1549353815547121666:2,neutral,2026-09-15 14:37:05.329875+00:00
3,1547605857839763456:0,neutral,2026-09-15 14:37:12.665284+00:00
3,1547605857839763456:1,positive,2026-09-15 14:37:21.801166+00:00
3,1547605857839763456:2,positive,2026-09-15 14:37:26.048821+00:00
3,1547605857839763456:3,positive,2026-09-15 14:37:47.698808+00:00
3,1546008328857198592:0,strongly_positive,2026-09-15 14:37:54.382066+00:00
3,1546005182516867073:0,strongly_positive,2026-09-15 14:37:59.015949+00:00
3,1544635159181676544:0,negative,2026-09-15 15:06:21.055251+00:00
3,1544635159181676544:1,dont_know,2026-09-15 15:06:37.762194+00:00
3,1544357037739388928:0,positive,2026-09-15 15:06:48.787800+00:00
3,1544357037739388928:1,positive,2026-09-15 15:07:34.369573+00:00
3,1544357037739388928:2,neutral,2026-09-15 15:07:50.881992+00:00
3,1542882573033938944:0,positive,2026-09-15 15:08:17.711648+00:00
3,1542882573033938944:1,positive,2026-09-15 15:08:25.303977+00:00
3,1542058496199659521:0,positive,2026-09-15 15:08:37.200148+00:00
3,1542058496199659521:1,positive,2026-09-15 15:08:41.063411+00:00
3,1542058496199659521:2,negative,2026-09-15 15:16:32.400816+00:00
3,1542058496199659521:3,positive,2026-09-15 15:16:40.155916+00:00
3,1542058496199659521:4,positive,2026-09-15 15:16:46.630656+00:00
3,1540260549686349824:0,positive,2026-09-15 15:16:57.299342+00:00
3,1539938286637965312:0,neutral,2026-09-15 15:17:05.053146+00:00
3,1539938286637965312:1,neutral,2026-09-15 15:17:31.518454+00:00
3,1539938286637965312:2,neutral,2026-09-15 15:17:37.584051+00:00
3,1537493637441146882:0,positive,2026-09-15 15:17:46.832460+00:00
3,1537493637441146882:1,positive,2026-09-15 15:17:56.440841+00:00
3,1537493637441146882:2,positive,2026-09-15 15:18:04.089355+00:00
3,1537368740261957632:0,positive,2026-09-15 15:18:28.446063+00:00
3,1536765050144161792:0,dont_know,2026-09-15 15:18:59.337411+00:00
3,1536038589058138113:0,neutral,2026-09-15 15:19:30.093437+00:00
3,1534952238736904192:0,positive,2026-09-15 15:20:42.645523+00:00
3,1534238386776465408:0,negative,2026-09-15 15:21:02.904996+00:00
3,1533500926438219777:0,neutral,2026-09-15 15:21:45.743908+00:00
3,1531688389119922176:0,positive,2026-09-15 15:21:55.388831+00:00
3,1531688389119922176:1,neutral,2026-09-15 15:23:17.218141+00:00
3,1530965419305054209:0,neutral,2026-09-15 15:24:55.897097+00:00
3,1530965419305054209:1,neutral,2026-09-15 15:25:01.006817+00:00
3,1530965419305054209:2,neutral,2026-09-15 15:25:12.001419+00:00
3,1530047578402082816:0,positive,2026-09-15 15:25:19.924396+00:00
3,1530047578402082816:1,positive,2026-09-15 15:25:23.587375+00:00
3,1530047578402082816:2,positive,2026-09-15 15:25:30.391103+00:00
3,1530047578402082816:3,positive,2026-09-15 15:25:33.778598+00:00
3,1529877163897262085:0,positive,2026-09-15 15:25:42.432094+00:00
3,1529877163897262085:1,neutral,2026-09-15 15:26:18.102387+00:00
3,1529161109449498624:0,negative,2026-09-15 15:26:41.800721+00:00
3,1529161109449498624:1,neutral,2026-09-15 15:26:51.719830+00:00
3,1529161109449498624:2,neutral,2026-09-15 15:26:56.481190+00:00
3,1528428427828940800:0,neutral,2026-09-15 15:27:08.094665+00:00
3,1528428427828940800:1,neutral,2026-09-15 15:27:23.272594+00:00
3,1527532317396197377:0,neutral,2026-09-15 15:27:49.538994+00:00
3,1527342257569169408:0,neutral,2026-09-15 15:28:09.781152+00:00
3,1526617867445469184:0,neutral,2026-09-15 15:28:24.103910+00:00
3,1526080560812044288:0,neutral,2026-09-15 15:28:28.571293+00:00
3,1525888846227193856:0,neutral,2026-09-15 15:28:36.533822+00:00
3,1525078925831176193:0,neutral,2026-09-15 15:28:44.103402+00:00
3,1524931056478351360:0,positive,2026-09-15 15:28:49.700372+00:00
3,1524931056478351360:1,neutral,2026-09-15 15:28:53.792336+00:00
3,1524803227946201088:0,neutral,2026-09-15 15:29:05.734163+00:00
3,1524803227946201088:1,neutral,2026-09-15 15:29:15.113882+00:00
3,1524792301297758208:0,neutral,2026-09-15 15:29:20.258100+00:00
3,1524079740113461248:0,neutral,2026-09-15 15:29:38.436580+00:00
3,1524079740113461248:1,positive,2026-09-15 15:29:44.135683+00:00
3,1523354130496258048:0,neutral,2026-09-15 15:29:50.643792+00:00
3,1523354130496258048:1,neutral,2026-09-15 15:29:59.302840+00:00
3,1523354130496258048:2,positive,2026-09-15 15:30:03.291827+00:00
3,1522268273735512067:0,neutral,2026-09-15 15:30:27.500421+00:00
3,1521541730147143680:0,neutral,2026-09-15 15:30:56.615553+00:00
3,1520815122595577856:0,negative,2026-09-15 15:31:31.741321+00:00
3,1520815122595577856:1,neutral,2026-09-15 15:31:42.835523+00:00
3,1519732251705376768:0,neutral,2026-09-15 15:31:56.124935+00:00
3,1519732251705376768:1,neutral,2026-09-15 15:32:23.334257+00:00
3,1519001535824367616:0,neutral,2026-09-15 15:32:45.205777+00:00
3,1518864863036338177:0,positive,2026-09-15 15:33:40.794630+00:00
3,1518278041503698944:0,neutral,2026-09-15 16:35:33.384917+00:00
3,1518278041503698944:1,neutral,2026-09-15 16:35:43.228099+00:00
3,1517194904853639168:0,positive,2026-09-15 16:36:07.830120+00:00
3,1516466982417465344:0,neutral,2026-09-15 16:36:23.522440+00:00
3,1516466982417465344:1,positive,2026-09-15 16:36:36.766141+00:00
3,1516385254990237697:0,neutral,2026-09-15 16:36:43.756368+00:00
3,1516385254990237697:1,neutral,2026-09-15 16:36:47.762972+00:00
3,1515747914630709250:0,neutral,2026-09-15 16:37:02.783877+00:00
3,1515747914630709250:1,neutral,2026-09-15 16:37:07.334462+00:00
3,1515747914630709250:2,neutral,2026-09-15 16:37:25.671291+00:00
3,1514654166555443203:0,positive,2026-09-15 16:38:14.361821+00:00
3,1514582519131553796:0,neutral,2026-09-15 16:38:24.088729+00:00
3,1514582519131553796:1,neutral,2026-09-15 16:38:27.260016+00:00
3,1514261577930711043:0,strongly_positive,2026-09-15 16:38:31.805212+00:00
3,1514261577930711043:1,strongly_positive,2026-09-15 16:38:36.719900+00:00
3,1513207762175803392:0,neutral,2026-09-15 16:39:00.213755+00:00
3,1513207762175803392:1,neutral,2026-09-15 16:39:06.891336+00:00
3,1512121225463877633:0,neutral,2026-09-15 16:39:52.644753+00:00
3,1512121225463877633:1,neutral,2026-09-15 16:40:00.995802+00:00
3,1512025672037781504:0,neutral,2026-09-15 16:40:21.175135+00:00
3,1511395339299094530:0,positive,2026-09-15 16:40:29.066211+00:00
3,1511395339299094530:1,neutral,2026-09-15 16:40:40.361618+00:00
3,1510670458680938507:0,neutral,2026-09-15 16:40:51.607121+00:00
3,1506319678066479105:0,positive,2026-09-15 16:41:18.115798+00:00
3,1506319678066479105:1,positive,2026-09-15 16:41:23.961971+00:00
3,1506154188002447365:0,negative,2026-09-15 16:42:00.700324+00:00
3,1506154188002447365:1,positive,2026-09-15 16:42:06.649172+00:00
3,1506154188002447365:2,positive,2026-09-15 16:42:10.669875+00:00
3,1504347255637422082:0,strongly_positive,2026-09-15 16:42:24.964680+00:00
3,1504347255637422082:1,strongly_positive,2026-09-15 16:42:27.917659+00:00
3,1499444157328531456:0,neutral,2026-09-15 16:43:25.823478+00:00
3,1499444157328531456:1,neutral,2026-09-15 16:43:38.088106+00:00
3,1499444157328531456:2,neutral,2026-09-15 16:43:46.125492+00:00
3,1499290553447436288:0,strongly_positive,2026-09-15 16:43:50.999152+00:00
3,1498576199404363776:0,dont_know,2026-09-15 16:44:08.724281+00:00
3,1498576199404363776:1,dont_know,2026-09-15 16:44:13.496030+00:00
3,1496173162685505536:1,positive,2026-09-15 16:45:01.032077+00:00
3,1496173162685505536:2,neutral,2026-09-15 16:45:07.529056+00:00
3,1496057366235992066:0,strongly_positive,2026-09-15 16:45:12.187854+00:00
3,1496057366235992066:1,strongly_positive,2026-09-15 16:45:17.658458+00:00
3,1494950476882018304:0,strongly_positive,2026-09-15 16:45:27.160772+00:00
3,1493638451232604164:0,neutral,2026-09-15 16:45:52.458724+00:00
3,1493638451232604164:1,neutral,2026-09-15 16:46:00.864654+00:00
3,1490244142148222978:0,positive,2026-09-15 16:51:06.782681+00:00
3,1490061804717834240:0,positive,2026-09-15 16:51:13.399971+00:00
3,1489945464686673921:0,positive,2026-09-16 02:02:51.620776+00:00
3,1510670458680938507:1,neutral,2026-09-16 02:03:18.509919+00:00
3,1509582349997989912:0,neutral,2026-09-16 02:03:36.789984+00:00
3,1509582349997989912:1,neutral,2026-09-16 02:03:46.116610+00:00
3,1509582349997989912:2,neutral,2026-09-16 02:04:13.363463+00:00
3,1508859840768385024:0,neutral,2026-09-16 02:05:23.461717+00:00
3,1508135127074844672:0,neutral,2026-09-16 02:06:23.499873+00:00
3,1507044760082472962:0,neutral,2026-09-16 02:06:43.640175+00:00
3,1506319678066479105:2,neutral,2026-09-16 02:07:09.898939+00:00
3,1505599486780796929:0,neutral,2026-09-16 02:08:14.930780+00:00
3,1504533335913099290:0,neutral,2026-09-16 02:08:40.445683+00:00
3,1503789591916314626:0,neutral,2026-09-16 02:09:41.694044+00:00
3,1503059126162980865:0,neutral,2026-09-16 02:09:59.109914+00:00
3,1503059126162980865:1,neutral,2026-09-16 02:10:58.969414+00:00
3,1503059126162980865:2,neutral,2026-09-16 02:11:41.531018+00:00
3,1501970722058809345:0,neutral,2026-09-16 02:12:36.484495+00:00
3,1501602322933501953:0,neutral,2026-09-16 02:13:00.659807+00:00
3,1501248052757078016:0,neutral,2026-09-16 02:13:18.687953+00:00
3,1501248052757078016:1,neutral,2026-09-16 02:13:57.218677+00:00
3,1500523182297550851:0,neutral,2026-09-16 02:14:28.695265+00:00
3,1498713846344990721:0,neutral,2026-09-16 02:16:48.728309+00:00
3,1498713846344990721:1,neutral,2026-09-16 02:17:14.346849+00:00
3,1497989080704905216:0,neutral,2026-09-16 02:22:05.179973+00:00
3,1496896135457218572:0,neutral,2026-09-16 02:22:23.095212+00:00
3,1496896135457218572:1,neutral,2026-09-16 02:24:03.757103+00:00
3,1496896135457218572:2,neutral,2026-09-16 02:24:13.419576+00:00
3,1496173162685505536:0,neutral,2026-09-16 02:25:00.524192+00:00
3,1495453123485532164:0,negative,2026-09-16 02:25:59.252753+00:00
3,1494365906419343393:0,neutral,2026-09-16 02:26:36.689679+00:00
3,1493638451232604164:2,neutral,2026-09-16 02:29:12.230611+00:00
3,1492912797809733640:0,neutral,2026-09-16 02:29:27.241160+00:00
3,1492912797809733640:1,neutral,2026-09-16 02:29:34.163346+00:00
3,1492912797809733640:2,neutral,2026-09-16 02:29:53.754462+00:00
3,1492737452322091010:0,neutral,2026-09-16 02:34:23.503054+00:00
3,1492363703668248583:0,neutral,2026-09-16 02:35:07.255275+00:00
3,1492119410378940416:0,positive,2026-09-16 02:35:18.279551+00:00
3,1491829897719091200:0,neutral,2026-09-16 02:35:50.726838+00:00
3,1491104299300327424:0,neutral,2026-09-16 02:46:03.283704+00:00
3,1490377861668081667:0,neutral,2026-09-16 02:46:43.616405+00:00
3,1489945464686673921:1,positive,2026-09-16 02:48:41.510189+00:00
3,1489291267930345473:0,neutral,2026-09-16 02:48:57.791311+00:00
3,1489291267930345473:1,neutral,2026-09-16 02:49:15.501807+00:00
3,1488567505794711554:0,neutral,2026-09-16 02:53:03.683309+00:00
3,1488514517864976392:0,neutral,2026-09-16 02:53:15.637455+00:00
3,1487839697569476616:0,neutral,2026-09-16 02:53:27.305003+00:00
3,1487839697569476616:1,neutral,2026-09-16 02:53:43.825412+00:00
3,1487300297617645569:0,neutral,2026-09-16 02:54:04.078038+00:00
3,1486755906666700802:0,neutral,2026-09-16 02:55:51.291638+00:00
3,1486755906666700802:1,neutral,2026-09-16 02:57:01.936123+00:00
3,1486025580290080769:0,neutral,2026-09-16 03:02:18.635634+00:00
3,1486025580290080769:1,neutral,2026-09-16 03:10:18.478730+00:00
3,1485300072883441667:0,neutral,2026-09-16 03:10:45.679494+00:00
3,1485300072883441667:1,neutral,2026-09-16 03:10:58.911587+00:00
3,1484425991770755077:0,negative,2026-09-16 03:11:35.234578+00:00
3,1484425991770755077:1,negative,2026-09-16 03:11:46.274180+00:00
3,1484215639422435328:0,neutral,2026-09-16 03:12:45.283053+00:00
3,1483797640718721028:0,positive,2026-09-16 03:17:22.884910+00:00
3,1483797640718721028:1,positive,2026-09-16 03:17:29.052098+00:00
3,1483494854697308160:0,neutral,2026-09-16 03:18:23.680096+00:00
3,1482763793994498050:0,neutral,2026-09-16 03:19:03.379640+00:00
3,1482763793994498050:1,neutral,2026-09-16 03:19:14.971266+00:00
3,1481585068108054535:0,neutral,2026-09-16 03:20:31.447991+00:00
3,1481585068108054535:1,neutral,2026-09-16 03:21:35.933781+00:00
3,1481585068108054535:2,neutral,2026-09-16 03:21:41.427694+00:00
3,1481585068108054535:3,dont_know,2026-09-16 03:21:46.974666+00:00
3,1480951474930651140:0,neutral,2026-09-16 03:23:04.435876+00:00
3,1480897059091673088:0,neutral,2026-09-16 03:23:33.326769+00:00
3,1480897059091673088:1,neutral,2026-09-16 03:23:38.235694+00:00
3,1480874576380715008:0,neutral,2026-09-16 03:42:47.163879+00:00
3,1480741001547243520:0,positive,2026-09-16 03:43:21.265278+00:00
3,1480587023584874496:0,neutral,2026-09-16 03:43:37.059956+00:00
3,1480587023584874496:1,neutral,2026-09-16 03:43:48.804072+00:00
3,1480587023584874496:2,positive,2026-09-16 03:43:55.405052+00:00
3,1480503466258698242:0,positive,2026-09-16 03:44:29.185056+00:00
3,1480503466258698242:1,positive,2026-09-16 03:44:47.016809+00:00
3,1480503466258698242:2,neutral,2026-09-16 03:44:53.335480+00:00
3,1480242688838361091:0,neutral,2026-09-16 03:45:36.860187+00:00
3,1480242688838361091:1,positive,2026-09-16 03:46:06.496007+00:00
3,1479140313637679104:0,neutral,2026-09-16 03:46:51.181895+00:00
3,1479060710856413186:0,neutral,2026-09-16 03:48:13.329907+00:00
3,1478417174155132928:0,positive,2026-09-16 03:49:30.134656+00:00
3,1478417174155132928:1,neutral,2026-09-16 03:49:47.056158+00:00
3,1477691891424448515:0,neutral,2026-09-16 03:51:53.156707+00:00
3,1477176310405369856:0,positive,2026-09-16 03:52:03.120150+00:00
3,1476612363088367630:0,negative,2026-09-16 03:55:11.218278+00:00
3,1476180338825056257:0,neutral,2026-09-16 03:56:35.391014+00:00
3,1475892797660037121:0,neutral,2026-09-16 03:56:54.381670+00:00
3,1475451491389345796:0,neutral,2026-09-16 03:57:05.478771+00:00
3,1475451491389345796:1,positive,2026-09-16 03:57:11.386966+00:00
3,1475451491389345796:2,neutral,2026-09-16 03:57:27.630566+00:00
3,1475155321903464450:0,neutral,2026-09-16 03:58:17.614680+00:00
3,1474950423953948672:0,neutral,2026-09-16 03:58:37.521845+00:00
3,1474070223909113859:0,neutral,2026-09-16 03:58:55.313198+00:00
3,1473342780072099845:0,positive,2026-09-16 03:59:10.346618+00:00
3,1473342780072099845:1,neutral,2026-09-16 03:59:58.301528+00:00
3,1473342780072099845:2,neutral,2026-09-16 04:00:09.183926+00:00
3,1472617170014113796:0,neutral,2026-09-16 04:00:22.956668+00:00
3,1471529809981235203:0,neutral,2026-09-16 04:00:46.334316+00:00
3,1470807412915392513:0,neutral,2026-09-16 04:01:21.217625+00:00
3,1470579137156829186:0,neutral,2026-09-16 04:04:33.599199+00:00
3,1470086131580502023:0,neutral,2026-09-16 04:05:14.269341+00:00
3,1468994655584862210:0,neutral,2026-09-16 04:05:31.468427+00:00
3,1468268464171192322:0,neutral,2026-09-16 04:05:52.179311+00:00
3,1468268464171192322:1,neutral,2026-09-16 04:06:04.779416+00:00
3,1468268464171192322:2,neutral,2026-09-16 04:06:27.477939+00:00
3,1467683896183574532:0,neutral,2026-09-16 04:06:39.411331+00:00
3,1467557796291887105:0,neutral,2026-09-16 04:11:03.931340+00:00
3,1466458330046484482:0,neutral,2026-09-16 04:11:17.118419+00:00
3,1466458330046484482:1,neutral,2026-09-16 04:11:36.495584+00:00
3,1465735987758309390:0,neutral,2026-09-16 04:12:20.139540+00:00
3,1465735987758309390:1,neutral,2026-09-16 04:12:27.600293+00:00
3,1465013110905851906:0,neutral,2026-09-16 04:12:36.831143+00:00
3,1465013110905851906:1,neutral,2026-09-16 04:12:44.721012+00:00
3,1463923462494318594:0,neutral,2026-09-16 04:13:08.033431+00:00
3,1463199244181929987:0,neutral,2026-09-16 04:13:18.972258+00:00
3,1463199244181929987:1,neutral,2026-09-16 04:13:25.755827+00:00
3,1462477177010593793:0,neutral,2026-09-16 04:13:39.095011+00:00
3,1461388100727283716:0,neutral,2026-09-16 04:13:59.152787+00:00
3,1460667806299537409:0,neutral,2026-09-16 04:14:07.121655+00:00
3,1460667806299537409:1,neutral,2026-09-16 04:14:13.982694+00:00
3,1459935381512548359:0,neutral,2026-09-16 04:14:25.162482+00:00
3,1459935381512548359:1,neutral,2026-09-16 04:14:48.876081+00:00
3,1459935381512548359:2,neutral,2026-09-16 04:14:56.083370+00:00
3,1458849242353582080:0,neutral,2026-09-16 04:15:01.655292+00:00
3,1458849242353582080:1,neutral,2026-09-16 04:15:11.455908+00:00
3,1458363334437195782:0,strongly_positive,2026-09-16 04:15:16.337711+00:00
3,1458120110917488646:0,neutral,2026-09-16 04:15:32.719849+00:00
3,1457403343848951808:0,neutral,2026-09-16 04:15:46.400691+00:00
3,1456894938398924800:0,positive,2026-09-16 04:15:56.561182+00:00
3,1456480078188072960:0,strongly_positive,2026-09-16 04:17:06.349816+00:00
3,1456298539667968005:0,neutral,2026-09-16 04:17:31.698432+00:00
3,1455947191005048832:0,neutral,2026-09-16 04:17:47.606675+00:00
3,1455589858542383106:0,neutral,2026-09-16 04:17:59.462977+00:00
3,1455589858542383106:1,neutral,2026-09-16 04:18:27.399671+00:00
3,1454866527883194381:0,neutral,2026-09-16 04:20:19.987584+00:00
3,1453779122098872329:0,neutral,2026-09-16 04:20:35.426698+00:00
3,1453049168465825794:0,neutral,2026-09-16 04:20:46.852002+00:00
3,1453049168465825794:1,neutral,2026-09-16 04:21:44.938211+00:00
3,1453049168465825794:2,neutral,2026-09-16 04:22:02.683810+00:00
3,1452333370487287819:0,neutral,2026-09-16 04:22:29.338675+00:00
3,1451241713142362114:0,neutral,2026-09-16 04:23:10.731812+00:00
3,1451241713142362114:1,neutral,2026-09-16 04:23:18.389500+00:00
3,1450529214537498625:0,neutral,2026-09-16 04:23:42.180109+00:00
3,1450287782992093186:0,neutral,2026-09-16 04:24:03.617749+00:00
3,1449791816518172677:0,neutral,2026-09-16 04:24:31.274695+00:00
3,1449419709049294849:0,positive,2026-09-16 04:25:11.824115+00:00
3,1449402698172801030:0,strongly_positive,2026-09-16 04:25:33.430440+00:00
3,1448671270703276035:0,neutral,2026-09-16 04:26:44.336688+00:00
3,1448549054124736516:0,neutral,2026-09-16 04:26:52.658256+00:00
3,1448549054124736516:1,positive,2026-09-16 04:26:56.977588+00:00
3,1448280540902092805:0,strongly_positive,2026-09-16 04:27:00.858918+00:00
3,1448280540902092805:1,positive,2026-09-16 04:28:03.568293+00:00
3,1447996638304165888:0,neutral,2026-09-16 04:28:17.530185+00:00
3,1467683896183574532:1,neutral,2026-09-16 04:41:45.955651+00:00
3,1447259522255310848:0,negative,2026-09-16 04:46:09.584650+00:00
3,1446456275022200834:0,negative,2026-09-16 04:47:50.054791+00:00
3,1446456275022200834:1,negative,2026-09-16 04:47:53.585070+00:00
3,1446168763213094927:0,neutral,2026-09-16 04:48:09.286941+00:00
3,1446168763213094927:1,neutral,2026-09-16 04:48:15.589689+00:00
3,1446168763213094927:2,neutral,2026-09-16 04:48:25.790261+00:00
3,1445445891389726730:0,neutral,2026-09-16 04:48:36.451933+00:00
3,1445445891389726730:1,neutral,2026-09-16 04:49:16.466175+00:00
3,1445445891389726730:2,neutral,2026-09-16 04:49:22.690859+00:00
3,1444724953891237889:0,dont_know,2026-09-16 04:49:47.351998+00:00
3,1444724953891237889:1,neutral,2026-09-16 05:05:19.059983+00:00
3,1444566719696015364:0,neutral,2026-09-16 05:05:44.219350+00:00
3,1444480964776763394:0,negative,2026-09-16 05:06:41.105026+00:00
3,1444236588704145408:0,neutral,2026-09-16 05:06:44.660774+00:00
3,1443818831084802050:0,positive,2026-09-16 05:26:15.920104+00:00
3,1442033291574407169:0,dont_know,2026-09-16 05:26:33.269716+00:00
3,1440699183594311692:0,neutral,2026-09-16 05:26:36.963854+00:00
3,1437406620099612677:0,positive,2026-09-16 05:28:00.664570+00:00
3,1427673879380512774:0,negative,2026-09-16 05:35:14.738949+00:00
3,1426851849521401860:0,positive,2026-09-16 05:35:35.121176+00:00
3,1423124635797757961:0,negative,2026-09-16 05:36:17.101474+00:00
3,1423124635797757961:1,negative,2026-09-16 05:36:40.085809+00:00
3,1421300041487028225:0,positive,2026-09-16 05:38:42.613880+00:00
3,1421300041487028225:1,strongly_positive,2026-09-16 05:38:56.484113+00:00
3,1420351737462804488:0,neutral,2026-09-16 05:39:08.090244+00:00
3,1420351737462804488:1,positive,2026-09-16 05:39:12.196734+00:00
3,1420351737462804488:2,neutral,2026-09-16 05:39:19.946930+00:00
3,1420351737462804488:3,positive,2026-09-16 05:40:07.354882+00:00
3,1420023369601277954:0,positive,2026-09-16 05:40:14.388203+00:00
3,1417695069218344964:0,strongly_positive,2026-09-16 05:40:17.555841+00:00
3,1415338725437960192:0,negative,2026-09-16 05:41:57.001319+00:00
3,1414783969170649092:0,strongly_negative,2026-09-16 05:42:12.467465+00:00
3,1406496316537008135:0,neutral,2026-09-16 05:42:58.160991+00:00
3,1406222863091130369:0,neutral,2026-09-16 05:43:25.050343+00:00
3,1406222863091130369:1,positive,2026-09-16 05:43:29.476163+00:00
3,1406222863091130369:2,neutral,2026-09-16 05:44:15.901590+00:00
3,1404991214206677000:0,positive,2026-09-16 05:44:35.392154+00:00
3,1404991214206677000:1,positive,2026-09-16 05:44:47.518304+00:00
3,1399704713709330445:0,negative,2026-09-16 05:44:55.954162+00:00
3,1399704713709330445:1,positive,2026-09-16 05:47:30.459917+00:00
3,1399704713709330445:2,positive,2026-09-16 05:47:35.343118+00:00
3,1399252494233051136:0,positive,2026-09-16 05:47:57.178213+00:00
3,1399252494233051136:1,positive,2026-09-16 05:48:02.856812+00:00
3,1398552771155009536:0,positive,2026-09-16 06:05:19.107041+00:00
3,1397461048945377283:0,negative,2026-09-16 06:06:54.210700+00:00
3,1397184919386812417:0,negative,2026-09-16 06:08:07.223762+00:00
3,1395373279649566733:0,negative,2026-09-16 06:08:47.517926+00:00
3,1390231172123303937:0,positive,2026-09-16 06:09:09.893876+00:00
3,1389520236299251712:0,neutral,2026-09-16 06:10:00.281032+00:00
3,1389221427774033924:0,negative,2026-09-16 06:31:54.413340+00:00
3,1389221427774033924:1,positive,2026-09-16 06:33:31.324055+00:00
3,1388484115100442624:0,negative,2026-09-16 06:34:23.934093+00:00
3,1384831526529949696:0,strongly_positive,2026-09-16 06:34:53.735225+00:00
3,1383748182014763010:0,neutral,2026-09-16 06:35:23.065568+00:00
3,1382354280942751745:0,neutral,2026-09-16 06:36:06.546109+00:00
3,1382180974562185220:0,strongly_positive,2026-09-16 06:36:10.278906+00:00
3,1382180974562185220:1,strongly_positive,2026-09-16 06:36:25.543227+00:00
3,1381597008432009223:0,neutral,2026-09-16 06:36:46.529273+00:00
3,1381597008432009223:1,positive,2026-09-16 06:37:02.902885+00:00
3,1381597008432009223:2,strongly_positive,2026-09-16 06:37:53.871448+00:00
3,1380530089067089925:0,positive,2026-09-16 06:38:49.071271+00:00
3,1380530089067089925:1,positive,2026-09-16 06:38:53.571278+00:00
3,1380530089067089925:3,positive,2026-09-16 06:38:57.013803+00:00
3,1380530089067089925:4,positive,2026-09-16 06:39:00.551864+00:00
3,1376718749651234820:0,positive,2026-09-16 06:41:31.039102+00:00
3,1375535229608280071:0,negative,2026-09-16 06:41:39.255930+00:00
3,1375535229608280071:1,negative,2026-09-16 06:41:44.422360+00:00
3,1375535229608280071:2,negative,2026-09-16 06:42:28.501628+00:00
3,1370621368639782914:0,neutral,2026-09-16 06:43:07.047459+00:00
3,1370225815821029381:0,neutral,2026-09-16 06:43:59.763413+00:00
3,1370225815821029381:1,neutral,2026-09-16 06:44:02.733597+00:00
3,1367345306442997762:0,neutral,2026-09-16 06:44:13.778274+00:00
3,1367345306442997762:1,positive,2026-09-16 06:44:22.224377+00:00
3,1367119886284070914:0,positive,2026-09-16 06:44:28.143162+00:00
3,1367119886284070914:1,neutral,2026-09-16 06:44:36.773942+00:00
3,1364789655288172552:0,positive,2026-09-16 06:44:46.780768+00:00
3,1364568627748347908:0,positive,2026-09-16 06:45:09.228786+00:00
3,1360113960859570179:0,strongly_positive,2026-09-16 06:45:14.780976+00:00
3,1359789485752414210:0,negative,2026-09-16 06:45:24.386756+00:00
3,1359789485752414210:2,negative,2026-09-16 06:45:33.199285+00:00
3,1352881355550461957:0,neutral,2026-09-16 06:46:06.406788+00:00
3,1351873271164067842:0,positive,2026-09-16 06:46:14.084420+00:00
3,2027550962202874339:0,positive,2026-09-16 06:46:31.585264+00:00
3,2092654940871422209:0,neutral,2026-09-16 06:46:46.452102+00:00
3,2092599263440347425:0,neutral,2026-09-16 06:47:18.184901+00:00
3,2092492088529342673:0,neutral,2026-09-16 06:47:27.594549+00:00
3,2091388090892067138:0,neutral,2026-09-16 06:47:35.369598+00:00
3,2085585557875490844:0,neutral,2026-09-16 06:47:44.601245+00:00
3,2083557278511464552:0,neutral,2026-09-16 06:47:52.016870+00:00
3,2079751823167279176:0,neutral,2026-09-16 06:48:18.401874+00:00
3,2078304544023556305:0,negative,2026-09-16 06:48:21.922220+00:00
3,2078304544023556305:1,positive,2026-09-16 06:48:40.283762+00:00
3,2078302513867227488:0,neutral,2026-09-16 06:48:53.991956+00:00
3,2073272269116522784:0,neutral,2026-09-16 06:49:16.354930+00:00
3,2070895044849271173:0,neutral,2026-09-16 06:50:02.863394+00:00
3,2070895044849271173:1,positive,2026-09-16 06:50:06.308615+00:00
3,2067812068795859286:0,positive,2026-09-16 06:50:11.333923+00:00
3,2067812068795859286:1,positive,2026-09-16 06:50:23.616499+00:00
3,2060537460615160297:0,positive,2026-09-16 06:51:03.734190+00:00
3,2056943896719139041:0,positive,2026-09-16 06:51:06.878700+00:00
3,2056203203734303058:1,positive,2026-09-16 06:51:39.236840+00:00
3,2055118302608015378:0,neutral,2026-09-16 06:51:50.566355+00:00
3,2037699610253402416:0,neutral,2026-09-16 06:52:14.300568+00:00
3,2029358912479383949:0,neutral,2026-09-16 06:52:38.532589+00:00
3,2028494893455487365:0,positive,2026-09-16 06:58:43.407474+00:00
3,2028494893455487365:1,positive,2026-09-16 06:58:49.550151+00:00
3,2028494893455487365:2,negative,2026-09-16 06:58:58.243460+00:00
3,2026890118574063723:0,positive,2026-09-16 06:59:15.580192+00:00
3,2019985003900465328:0,neutral,2026-09-16 06:59:22.279140+00:00
3,2017056726500200962:0,dont_know,2026-09-16 07:00:05.339057+00:00
3,2013818069974728710:0,neutral,2026-09-16 07:00:13.976735+00:00
3,2011688399909109771:0,positive,2026-09-16 07:00:36.278919+00:00
3,2011688399909109771:1,positive,2026-09-16 07:00:49.084087+00:00
3,2005130860853690518:0,neutral,2026-09-16 07:01:06.659847+00:00
3,2004398001612378184:0,positive,2026-09-16 07:01:34.343287+00:00
3,2003266531258704215:0,positive,2026-09-16 07:02:41.576868+00:00
3,2003266531258704215:1,positive,2026-09-16 07:02:49.981044+00:00
3,2002181073275662618:0,positive,2026-09-16 07:25:51.252541+00:00
3,2001264999629721973:0,neutral,2026-09-16 07:28:12.604984+00:00
3,2000759861198643382:0,positive,2026-09-16 07:28:20.285075+00:00
3,2000759861198643382:1,positive,2026-09-16 07:28:41.871147+00:00
3,2000155268173406240:0,neutral,2026-09-16 07:28:53.782911+00:00
3,1999759996024947145:0,neutral,2026-09-16 07:29:19.624993+00:00
3,1998913987434655935:0,neutral,2026-09-16 07:30:06.414373+00:00
3,1998216519751520705:0,positive,2026-09-16 07:30:23.952172+00:00
3,1998216519751520705:1,neutral,2026-09-16 07:38:10.401168+00:00
3,1998216519751520705:2,neutral,2026-09-16 07:39:35.075336+00:00
3,1997868867037913211:0,neutral,2026-09-16 07:40:10.408872+00:00
3,1997866458387533874:0,neutral,2026-09-16 07:48:02.292264+00:00
3,1995481466969473178:0,neutral,2026-09-16 07:48:19.051974+00:00
3,1995481466969473178:1,neutral,2026-09-16 07:48:22.576643+00:00
3,1994635099959439571:0,neutral,2026-09-16 07:49:08.915790+00:00
3,1993721699863503339:0,neutral,2026-09-16 07:49:19.061893+00:00
3,1987533829809336624:0,negative,2026-09-16 07:49:50.046640+00:00
3,1984436050270568684:0,positive,2026-09-16 07:50:01.798643+00:00
3,1980860051595334022:0,neutral,2026-09-16 07:50:24.899483+00:00
3,1980858455637520878:0,neutral,2026-09-16 07:50:34.321479+00:00
3,1980855586582598065:0,neutral,2026-09-16 07:50:51.157943+00:00
3,1980855586582598065:1,negative,2026-09-16 07:51:05.691569+00:00
3,1973589715229221103:0,neutral,2026-09-16 08:03:25.035358+00:00
3,1966854064811241842:0,neutral,2026-09-16 08:04:13.712434+00:00
3,1966320969498361881:0,neutral,2026-09-16 08:04:57.419092+00:00
3,1961410422772568363:0,neutral,2026-09-16 08:05:20.212364+00:00
3,1955254972561686769:0,positive,2026-09-16 08:05:38.783136+00:00
3,1954529283617288215:0,negative,2026-09-16 08:20:05.195291+00:00
3,1953095759223509388:0,neutral,2026-09-16 08:20:17.727072+00:00
3,1947483191423734026:0,neutral,2026-09-16 08:20:34.231898+00:00
3,1947216304534077547:0,neutral,2026-09-16 08:21:06.946191+00:00
3,1944312285939306790:0,neutral,2026-09-16 08:26:30.640406+00:00
3,1943841276828561738:0,neutral,2026-09-16 08:26:44.100874+00:00
3,1937433940056592473:0,negative,2026-09-16 09:58:43.287285+00:00
3,1937016318236283060:0,dont_know,2026-09-16 09:59:31.021459+00:00
3,1936820425272459360:0,neutral,2026-09-16 09:59:50.641549+00:00
3,1936454009050771611:0,positive,2026-09-16 10:00:32.035923+00:00
3,1936349747578892303:0,positive,2026-09-16 10:00:35.756939+00:00
3,1936315901726671292:0,strongly_positive,2026-09-16 10:01:02.934646+00:00
3,1936315901726671292:1,positive,2026-09-16 10:01:07.194224+00:00
3,1936293973230075976:0,negative,2026-09-16 10:01:22.841684+00:00
3,1936083844903715267:0,negative,2026-09-16 10:02:17.066052+00:00
3,1936083763894878598:0,negative,2026-09-16 10:02:36.088714+00:00
3,1936083763894878598:1,negative,2026-09-16 10:03:06.980250+00:00
3,1936083763894878598:2,negative,2026-09-16 10:03:21.610843+00:00
3,1935987531385839624:0,neutral,2026-09-16 10:23:08.642763+00:00
3,1935969427247579644:0,neutral,2026-09-16 10:23:21.851804+00:00
3,1935704288858378685:0,neutral,2026-09-16 10:23:50.567796+00:00
3,1935704288858378685:1,dont_know,2026-09-16 10:24:02.913852+00:00
3,1935390084834250922:0,neutral,2026-09-16 10:24:44.327801+00:00
3,1935157117264306678:0,neutral,2026-09-16 11:02:00.334292+00:00
3,1934906798504595493:0,negative,2026-09-16 11:03:13.895641+00:00
3,1934879072255135895:0,positive,2026-09-16 11:03:52.402594+00:00
3,1934877989566816560:0,neutral,2026-09-16 11:04:07.045560+00:00
3,1934877989566816560:1,positive,2026-09-16 11:04:24.724001+00:00
3,1934521073619337557:0,neutral,2026-09-16 11:04:38.492953+00:00
3,1934518574124544105:0,neutral,2026-09-16 11:05:01.124806+00:00
3,1934213224666222738:0,neutral,2026-09-16 11:05:08.590389+00:00
3,1934212770494349725:0,neutral,2026-09-16 11:05:17.959238+00:00
3,1934211842227712491:0,neutral,2026-09-16 11:05:43.102488+00:00
3,1934080154554564799:0,positive,2026-09-16 11:06:20.372063+00:00
3,1933770458794754138:0,neutral,2026-09-16 11:06:34.198444+00:00
3,1933352807429501314:0,negative,2026-09-16 11:06:53.378999+00:00
3,1933345336107381170:0,neutral,2026-09-16 11:07:07.624473+00:00
3,1932455581236990329:0,neutral,2026-09-16 11:07:17.825779+00:00
3,1932372618080051227:0,dont_know,2026-09-16 11:09:59.532284+00:00
3,1932266501865668898:0,neutral,2026-09-16 11:10:06.156309+00:00
3,1932266501865668898:1,neutral,2026-09-16 11:10:18.355193+00:00
3,1932265458692141161:0,neutral,2026-09-16 11:10:58.773083+00:00
3,1932265264365904259:0,neutral,2026-09-16 11:11:10.842914+00:00
3,1932026200677126449:0,neutral,2026-09-16 11:11:18.843669+00:00
3,1931678340467036352:0,negative,2026-09-16 11:11:47.679438+00:00
3,1928260854023127223:0,neutral,2026-09-16 11:35:48.867459+00:00
3,1928120569263763760:0,neutral,2026-09-16 11:36:56.907898+00:00
3,1928084313553109136:0,neutral,2026-09-16 14:09:06.947315+00:00
3,1927945462608249009:0,neutral,2026-09-16 14:10:05.493272+00:00
3,1927945328105295944:0,neutral,2026-09-16 14:14:32.738906+00:00
3,1927945157401297210:0,negative,2026-09-16 14:19:32.862803+00:00
3,1927256222966632742:0,neutral,2026-09-16 14:20:25.472609+00:00
3,1926139758712922293:0,neutral,2026-09-16 14:20:45.176218+00:00
3,1925352145538224248:0,neutral,2026-09-16 14:21:10.241444+00:00
3,1924749440591466835:0,neutral,2026-09-16 14:21:20.762847+00:00
3,1924035968731865319:0,negative,2026-09-16 14:21:39.578164+00:00
3,1923548295110197567:0,neutral,2026-09-16 14:21:56.124850+00:00
3,1923531117782618163:0,neutral,2026-09-16 14:24:36.934702+00:00
3,1923531117782618163:1,negative,2026-09-16 14:24:40.186831+00:00
3,1923393056494981159:0,neutral,2026-09-16 14:26:34.013105+00:00
3,1923201835172598023:0,neutral,2026-09-16 14:33:18.980189+00:00
3,1922538313753215218:0,negative,2026-09-16 14:34:15.808819+00:00
3,1922313048305316236:0,neutral,2026-09-16 14:34:52.457238+00:00
3,1920310109387006414:0,neutral,2026-09-16 14:35:11.460038+00:00
3,1919954508810981814:0,neutral,2026-09-16 14:35:26.234324+00:00
3,1917301535383421052:0,strongly_negative,2026-09-16 14:35:47.936426+00:00
3,1914528433067188286:0,positive,2026-09-16 14:37:44.009833+00:00
3,1913427884984631461:0,neutral,2026-09-16 14:38:20.649725+00:00
3,1912179556443996464:0,negative,2026-09-16 14:39:31.340347+00:00
3,1912123942468489327:0,neutral,2026-09-16 14:41:10.268040+00:00
3,1912004539885961272:0,negative,2026-09-16 14:41:59.611862+00:00
3,1912004539885961272:1,negative,2026-09-16 14:42:03.416178+00:00
3,1910321981381083325:0,dont_know,2026-09-16 14:42:31.326559+00:00
3,1906715335648280632:0,neutral,2026-09-16 14:42:37.713147+00:00
3,1905830634704044194:0,positive,2026-09-16 14:44:20.578388+00:00
3,1901186448105066554:0,neutral,2026-09-16 14:44:37.568000+00:00
3,1899311204276879643:0,negative,2026-09-16 14:46:11.446345+00:00
3,1897815401020768530:0,negative,2026-09-16 14:46:49.665114+00:00
3,1895413328929075209:0,strongly_negative,2026-09-16 14:47:15.966628+00:00
3,1894411096469246434:0,strongly_negative,2026-09-16 14:47:52.086864+00:00
3,1893544134008336699:0,negative,2026-09-16 15:01:53.076579+00:00
3,1892829382420680891:0,neutral,2026-09-16 15:02:09.871253+00:00
3,1892412375392981123:0,strongly_negative,2026-09-16 15:03:00.844536+00:00
3,1892412375392981123:1,negative,2026-09-16 15:03:27.384747+00:00
3,1892412375392981123:2,neutral,2026-09-16 15:05:35.383477+00:00
3,1892017465418289513:0,neutral,2026-09-16 15:06:44.243299+00:00
3,1891833567891816518:0,neutral,2026-09-16 15:07:46.097390+00:00
3,1891674048922271810:0,strongly_negative,2026-09-16 15:13:52.712456+00:00
3,1891105132374327527:0,neutral,2026-09-16 15:14:30.947857+00:00
3,1889853760446640193:0,neutral,2026-09-16 15:14:50.884687+00:00
3,1889853760446640193:1,neutral,2026-09-16 15:15:16.679232+00:00
3,1885393112518058117:0,neutral,2026-09-16 15:15:39.132476+00:00
3,1882600492326654196:0,neutral,2026-09-16 15:15:49.296055+00:00
3,1880847661974384793:0,neutral,2026-09-16 15:16:00.286354+00:00
3,1880847661974384793:1,neutral,2026-09-16 15:16:15.053417+00:00
3,1880149521105297787:0,negative,2026-09-16 15:16:28.732490+00:00
3,1880114757937873243:0,neutral,2026-09-16 15:16:50.769441+00:00
3,1880102141223981167:0,neutral,2026-09-16 15:16:55.526111+00:00
3,1880102141223981167:1,negative,2026-09-16 15:16:59.982959+00:00
3,1876293225117557125:0,neutral,2026-09-16 15:17:08.386500+00:00
3,1876273097101467928:0,negative,2026-09-16 15:18:47.931290+00:00
3,1874301251607056395:0,neutral,2026-09-16 15:19:21.769177+00:00
3,1871829190372462864:0,negative,2026-09-16 15:19:42.770087+00:00
3,1871829190372462864:1,neutral,2026-09-16 15:19:58.502521+00:00
3,1871712781608902748:0,neutral,2026-09-16 15:20:25.126926+00:00
3,1871407481756487772:0,neutral,2026-09-16 15:20:47.675431+00:00
3,1871390157792031072:0,neutral,2026-09-16 15:33:49.077238+00:00
3,1868851551110152516:0,neutral,2026-09-16 15:34:02.294493+00:00
3,1866353251479933184:0,negative,2026-09-16 15:34:39.561420+00:00
3,1866353251479933184:1,negative,2026-09-16 15:34:49.607542+00:00
3,1866353146798162210:0,negative,2026-09-16 15:37:09.491318+00:00
3,1865592288337903616:0,neutral,2026-09-16 15:37:58.872487+00:00
3,1865592288337903616:1,dont_know,2026-09-16 15:38:11.228647+00:00
3,1865016166713831841:0,neutral,2026-09-16 15:51:06.505582+00:00
3,1864975351207883141:0,negative,2026-09-16 15:52:28.094744+00:00
3,1864919682148618648:0,neutral,2026-09-16 15:52:56.908646+00:00
3,1864882937608728645:0,negative,2026-09-16 15:53:36.974829+00:00
3,1864672393303896278:0,neutral,2026-09-16 15:53:55.356074+00:00
3,1861936787129852159:0,neutral,2026-09-16 15:59:01.085468+00:00
3,1861364779895627876:0,neutral,2026-09-16 16:05:43.677716+00:00
3,1859421008622649374:0,neutral,2026-09-16 16:06:15.244060+00:00
3,1859044188744282243:0,positive,2026-09-16 16:06:49.759721+00:00
3,1853397904280478054:0,neutral,2026-09-16 16:07:20.700411+00:00
3,1851876526662246883:0,negative,2026-09-16 16:07:35.664796+00:00
3,1851876526662246883:1,positive,2026-09-16 16:08:15.526371+00:00
3,1851094954845880779:0,positive,2026-09-16 16:08:24.379280+00:00
3,1851094954845880779:1,dont_know,2026-09-16 16:08:31.154901+00:00
3,1850420769970405698:1,negative,2026-09-16 16:17:12.432641+00:00
3,1849317387222335938:0,strongly_negative,2026-09-16 16:17:36.225896+00:00
3,1849317001128542695:0,neutral,2026-09-16 16:18:03.846173+00:00
3,1848628464376553739:0,neutral,2026-09-16 16:18:17.204366+00:00
3,1848600805772849409:1,neutral,2026-09-16 16:18:32.414568+00:00
3,1848343536691032328:1,negative,2026-09-16 16:20:05.532304+00:00
3,1847467371402822136:0,neutral,2026-09-16 16:20:17.071010+00:00
3,1846566797266341956:0,neutral,2026-09-16 16:20:43.223462+00:00
3,1846562218361421889:0,neutral,2026-09-16 16:21:03.557781+00:00
3,1846342822896566304:0,neutral,2026-09-16 16:21:19.407413+00:00
3,1845113875764830342:0,negative,2026-09-16 16:21:26.343009+00:00
3,1842185898223624527:0,neutral,2026-09-16 16:21:39.333188+00:00
3,1841855716467839428:0,positive,2026-09-16 16:21:43.394386+00:00
3,1841126479830171653:0,negative,2026-09-16 16:22:13.312145+00:00
3,1840205216106352736:0,neutral,2026-09-16 16:22:32.376893+00:00
3,1839300453915570295:0,neutral,2026-09-16 16:23:02.938918+00:00
3,1838850447261786558:0,negative,2026-09-16 16:24:14.928709+00:00
3,1838850447261786558:2,negative,2026-09-16 16:24:17.156234+00:00
3,1838812127223779453:0,neutral,2026-09-16 16:24:34.985180+00:00
3,1838812127223779453:1,neutral,2026-09-16 16:24:48.977125+00:00
3,1838158850563944924:0,neutral,2026-09-16 16:26:38.377274+00:00
3,1838154614514057396:0,negative,2026-09-16 16:26:58.039475+00:00
3,1838154614514057396:1,negative,2026-09-16 16:27:04.984342+00:00
3,1836925848877944906:0,neutral,2026-09-16 16:27:27.381072+00:00
3,1836810179934863750:0,positive,2026-09-16 16:27:35.421288+00:00
3,1836409006941966511:0,positive,2026-09-16 16:27:57.879910+00:00
3,1836409006941966511:1,dont_know,2026-09-16 16:28:22.686458+00:00
3,1835850074187809018:0,neutral,2026-09-16 16:28:43.003925+00:00
3,1833328104527315089:0,neutral,2026-09-16 16:29:01.218728+00:00
3,1833080776596045991:0,neutral,2026-09-16 16:29:13.970152+00:00
3,1829182419850973289:0,neutral,2026-09-16 16:29:26.230691+00:00
3,1828943017069187451:0,neutral,2026-09-16 16:29:46.873607+00:00
3,1826862175039738365:0,negative,2026-09-16 16:30:08.711185+00:00
3,1821490576488816872:0,neutral,2026-09-16 16:30:40.819750+00:00
3,1820461457080979679:0,negative,2026-09-16 16:30:56.633381+00:00
3,1820461457080979679:1,positive,2026-09-16 16:32:30.756276+00:00
3,1820408098323923448:0,positive,2026-09-16 16:33:10.449095+00:00
3,1820408098323923448:1,positive,2026-09-16 16:33:16.236576+00:00
3,1819257856925094123:0,neutral,2026-09-16 16:34:23.219937+00:00
3,1817563650997293271:0,negative,2026-09-16 16:34:43.106050+00:00
3,1817367500679458888:0,dont_know,2026-09-16 16:35:05.158612+00:00
3,1816518259719700833:0,neutral,2026-09-16 16:35:17.518436+00:00
3,1816510796182261923:0,strongly_negative,2026-09-16 16:35:42.402179+00:00
3,1814875993695297593:0,neutral,2026-09-16 16:36:25.667608+00:00
3,1813831001547911298:0,neutral,2026-09-16 16:36:43.191294+00:00
3,1812456156016816364:0,strongly_negative,2026-09-16 16:38:16.476295+00:00
3,1811762079709200567:0,positive,2026-09-16 16:38:22.926669+00:00
3,1811635019175313907:0,neutral,2026-09-16 16:38:40.868968+00:00
3,1810724247825961109:0,neutral,2026-09-16 16:38:56.286904+00:00
3,1809951180858257780:0,neutral,2026-09-16 17:00:18.784174+00:00
3,1809935896600531299:0,neutral,2026-09-16 17:01:21.161851+00:00
3,1809817750493360219:0,neutral,2026-09-16 17:01:42.546762+00:00
3,1809790122654609862:0,negative,2026-09-16 17:02:03.126592+00:00
3,1806253117950120240:0,neutral,2026-09-16 17:02:16.977962+00:00
3,1805108668540796934:0,neutral,2026-09-16 17:02:30.166972+00:00
3,1804019406948929604:0,neutral,2026-09-16 17:02:33.929852+00:00
3,1804019406948929604:1,positive,2026-09-16 17:02:37.538908+00:00
3,1804019406948929604:3,dont_know,2026-09-16 17:02:43.466949+00:00
3,1803454168398794845:0,neutral,2026-09-16 17:02:56.731855+00:00
3,1803287874256990519:0,neutral,2026-09-16 17:03:25.822841+00:00
3,1801950833325601155:0,neutral,2026-09-16 17:03:42.465687+00:00
3,1801087981601866137:0,negative,2026-09-16 17:04:15.896191+00:00
3,1798251550437208327:0,negative,2026-09-16 17:04:28.160579+00:00
3,1798251550437208327:1,dont_know,2026-09-16 17:04:34.320015+00:00
3,1798242323480068223:0,negative,2026-09-16 17:05:03.048254+00:00
3,1798197256627384355:0,neutral,2026-09-16 17:05:19.100759+00:00
3,1798197256627384355:1,neutral,2026-09-16 17:05:23.429194+00:00
3,1797864321432887758:0,neutral,2026-09-16 17:05:37.219015+00:00
3,1797833249512914958:0,neutral,2026-09-16 17:05:56.193951+00:00
3,1797833005656129916:0,neutral,2026-09-16 17:06:14.577589+00:00
3,1797069229566591428:0,neutral,2026-09-16 17:06:45.017294+00:00
3,1797069229566591428:1,dont_know,2026-09-16 17:06:51.925180+00:00
3,1793825499267174888:0,neutral,2026-09-16 17:06:59.806819+00:00
3,1792404320346112102:1,negative,2026-09-16 17:07:09.945470+00:00
3,1791861232988733553:0,positive,2026-09-16 17:07:29.478465+00:00
3,1791861232988733553:1,positive,2026-09-16 17:07:51.848418+00:00
3,1791861232988733553:2,positive,2026-09-16 17:07:55.953126+00:00
3,1791643675916710169:0,neutral,2026-09-16 17:08:13.216575+00:00
3,1791353538800693360:0,neutral,2026-09-16 17:08:24.790435+00:00
3,1791342346959036491:0,negative,2026-09-16 17:08:39.378757+00:00
3,1791289885959299366:0,positive,2026-09-16 17:08:57.439179+00:00
3,1791289885959299366:1,dont_know,2026-09-16 17:09:05.088107+00:00
3,1791058737693933804:0,negative,2026-09-16 17:09:11.993479+00:00
3,1791058737693933804:1,negative,2026-09-16 17:09:15.557367+00:00
3,1790428865976000637:0,neutral,2026-09-16 17:09:45.657043+00:00
3,1789092369058459815:0,neutral,2026-09-16 17:09:58.752199+00:00
3,1788942754921472464:0,negative,2026-09-16 17:10:30.380199+00:00
3,1788930417581773145:0,negative,2026-09-16 17:10:46.182270+00:00
3,1788463267490226629:0,neutral,2026-09-16 17:10:59.144049+00:00
3,1788461749902942253:0,neutral,2026-09-16 17:11:12.773634+00:00
3,1787715389209600205:0,dont_know,2026-09-16 17:11:49.011808+00:00
3,1787398013637328927:0,positive,2026-09-16 17:25:40.554357+00:00
3,1783346210285449365:0,neutral,2026-09-16 17:26:01.842888+00:00
3,1782975600992694296:0,positive,2026-09-16 17:26:17.380959+00:00
3,1780399691487736280:0,positive,2026-09-16 17:26:31.735220+00:00
3,1780398080296185871:0,dont_know,2026-09-16 17:26:44.081183+00:00
3,1780398080296185871:1,dont_know,2026-09-16 17:26:52.382432+00:00
3,1778058331921519015:0,neutral,2026-09-16 17:27:04.141964+00:00
3,1777144651864297600:0,positive,2026-09-16 17:27:22.383212+00:00
3,1776064743058579693:0,neutral,2026-09-16 17:27:36.943150+00:00
3,1775180364794712254:0,neutral,2026-09-16 17:27:49.602647+00:00
3,1775180364794712254:1,neutral,2026-09-16 17:27:54.845331+00:00
3,1774737377296031947:0,neutral,2026-09-16 17:28:10.777632+00:00
3,1774737377296031947:1,neutral,2026-09-16 17:29:18.583651+00:00
3,1772294430688412149:0,neutral,2026-09-16 17:29:31.421008+00:00
3,1771715222375440660:0,neutral,2026-09-16 17:29:48.648464+00:00
3,1771702866148798471:0,neutral,2026-09-16 17:29:55.146043+00:00
3,1771702866148798471:1,positive,2026-09-16 17:30:01.520472+00:00
3,1771544205694738437:0,neutral,2026-09-16 17:30:16.150803+00:00
3,1771544205694738437:1,positive,2026-09-16 17:30:21.352854+00:00
3,1770266424763646392:0,neutral,2026-09-16 17:30:38.011672+00:00
3,1767885901789823094:0,strongly_positive,2026-09-16 17:30:54.995704+00:00
3,1766000053804814566:0,positive,2026-09-16 17:31:06.505409+00:00
3,1766000053804814566:2,positive,2026-09-16 17:31:42.549186+00:00
3,1766000053804814566:3,strongly_positive,2026-09-16 17:31:46.239454+00:00
3,1765568440373526582:0,neutral,2026-09-16 17:45:18.332233+00:00
3,1765353436177215892:0,strongly_positive,2026-09-16 17:45:23.204621+00:00
3,1761655507436392756:0,neutral,2026-09-16 17:45:46.375059+00:00
3,1759419771500814623:0,neutral,2026-09-16 17:45:59.161456+00:00
3,1759385245542142174:0,negative,2026-09-16 17:46:32.726858+00:00
3,1758842115717726528:0,neutral,2026-09-16 17:46:51.281562+00:00
3,1758842115717726528:1,neutral,2026-09-16 17:47:10.488905+00:00
3,1758326049832866090:0,neutral,2026-09-16 17:47:23.720573+00:00
3,1757025739378188347:0,negative,2026-09-16 17:48:41.474190+00:00
3,1756543658382520376:0,neutral,2026-09-16 17:48:57.828129+00:00
3,1756472988143366625:0,neutral,2026-09-16 17:49:21.339889+00:00
3,1756225934204526608:0,negative,2026-09-16 17:49:33.927467+00:00
3,1755844352453296215:0,negative,2026-09-16 17:49:57.900378+00:00
3,1755220331168776313:0,neutral,2026-09-16 17:50:12.423073+00:00
3,1755088895602200902:0,neutral,2026-09-16 17:50:24.398650+00:00
3,1754478345067360641:0,positive,2026-09-16 17:50:58.855392+00:00
3,1754347411453952502:0,neutral,2026-09-16 17:51:10.767312+00:00
3,1754347411453952502:2,negative,2026-09-16 17:51:59.374214+00:00
3,1753986601993273574:0,negative,2026-09-16 17:52:40.681596+00:00
3,1751612062076424331:0,positive,2026-09-16 17:52:55.495808+00:00
3,1750388369002267045:0,positive,2026-09-16 17:53:14.057989+00:00
3,1747844065259884580:0,positive,2026-09-16 17:53:31.467175+00:00
3,1747844065259884580:1,positive,2026-09-16 17:53:43.812318+00:00
3,1745647885897941447:0,strongly_positive,2026-09-16 17:53:47.059783+00:00
3,1743623891204120806:0,neutral,2026-09-16 17:53:53.595726+00:00
3,1743623891204120806:1,neutral,2026-09-16 17:54:09.528387+00:00
3,1742053548643532966:0,neutral,2026-09-16 17:54:56.246799+00:00
3,1741296962463564208:0,negative,2026-09-16 17:55:19.499390+00:00
3,1740299565444858322:0,negative,2026-09-16 17:55:37.386410+00:00
3,1740299565444858322:1,negative,2026-09-16 17:55:45.096040+00:00
3,1739577904076583289:0,strongly_negative,2026-09-16 17:56:03.673941+00:00
3,1739211231502958814:0,dont_know,2026-09-16 17:58:08.203054+00:00
3,1736578033140523034:0,neutral,2026-09-16 17:58:23.349235+00:00
3,1732581421003178012:0,positive,2026-09-16 17:58:49.145257+00:00
3,1732581421003178012:1,neutral,2026-09-16 18:00:20.863288+00:00
3,1732277815473840174:1,neutral,2026-09-16 18:00:41.287562+00:00
2,1879465680900411677:0,neutral,2026-09-16 18:01:18.857897+00:00
2,1879465680900411677:1,neutral,2026-09-16 18:01:25.794404+00:00
2,1879465680900411677:2,neutral,2026-09-16 18:01:32.931984+00:00
2,1879393665686401347:0,neutral,2026-09-16 18:01:55.024762+00:00
2,1878740450242330708:0,neutral,2026-09-16 18:02:04.186299+00:00
2,1877706781675401313:0,neutral,2026-09-16 18:02:18.498846+00:00
3,1732276259710009769:0,negative,2026-09-16 18:02:29.451340+00:00
2,1868534732730020272:1,neutral,2026-09-16 18:02:32.255677+00:00
2,1860160179368763886:0,neutral,2026-09-16 18:02:41.771494+00:00
2,1851725206446109042:0,neutral,2026-09-16 18:02:46.845780+00:00
2,1851725206446109042:1,neutral,2026-09-16 18:02:53.650627+00:00
2,1851725206446109042:2,positive,2026-09-16 18:03:01.994429+00:00
2,1851532064975147310:0,strongly_positive,2026-09-16 18:03:07.568946+00:00
2,1851532064975147310:1,positive,2026-09-16 18:03:21.913005+00:00
2,1849789036174664041:0,strongly_positive,2026-09-16 18:03:32.582020+00:00
2,1849415147145875689:0,neutral,2026-09-16 18:04:02.329772+00:00
2,1849279601429885225:0,positive,2026-09-16 18:04:15.118570+00:00
2,1849056150580580570:0,positive,2026-09-16 18:04:29.021820+00:00
2,1849056150580580570:1,neutral,2026-09-16 18:04:42.747822+00:00
2,1846546571086692623:0,negative,2026-09-16 18:05:04.279696+00:00
2,1846546571086692623:1,positive,2026-09-16 18:05:12.461872+00:00
2,1843210522701033674:0,neutral,2026-09-16 18:05:19.785091+00:00
2,1843210522701033674:1,neutral,2026-09-16 18:05:29.375641+00:00
2,1839890045999952234:0,neutral,2026-09-16 18:05:34.331126+00:00
2,1836772601030643806:0,strongly_positive,2026-09-16 18:05:45.839172+00:00
2,1834981891323117763:0,negative,2026-09-16 18:06:09.930041+00:00
2,1830938330873397683:0,strongly_negative,2026-09-16 18:06:15.059220+00:00
2,1830938330873397683:1,strongly_negative,2026-09-16 18:06:20.697079+00:00
2,1818260695835877403:0,neutral,2026-09-16 18:06:30.889169+00:00
2,1818260695835877403:2,neutral,2026-09-16 18:06:42.773629+00:00
2,1818260695835877403:3,positive,2026-09-16 18:06:48.067968+00:00
2,1817442853704081467:0,positive,2026-09-16 18:06:54.349937+00:00
3,1732276259710009769:1,dont_know,2026-09-16 18:06:59.470428+00:00
2,1817067886973976765:1,neutral,2026-09-16 18:07:02.643904+00:00
2,1812509908472152119:0,strongly_negative,2026-09-16 18:07:10.262949+00:00
2,1812509908472152119:1,positive,2026-09-16 18:07:19.977874+00:00
2,1807975048130842936:0,dont_know,2026-09-16 18:07:27.404605+00:00
2,1807975048130842936:1,strongly_negative,2026-09-16 18:07:34.897787+00:00
2,1801260424232382677:0,strongly_negative,2026-09-16 18:07:40.105991+00:00
2,1800383705074049034:0,negative,2026-09-16 18:07:52.442290+00:00
2,1794028364166308023:0,dont_know,2026-09-16 18:07:59.496955+00:00
2,1794028364166308023:1,positive,2026-09-16 18:08:11.203767+00:00
2,1792530008550084622:0,negative,2026-09-16 18:08:22.035063+00:00
2,1792530008550084622:1,strongly_negative,2026-09-16 18:08:32.967972+00:00
2,1792530008550084622:2,strongly_negative,2026-09-16 18:08:39.629792+00:00
2,1786343893916925997:0,positive,2026-09-16 18:08:47.135181+00:00
2,1784415335099388123:0,neutral,2026-09-16 18:08:50.482962+00:00
2,1783832428970475527:0,neutral,2026-09-16 18:09:05.770797+00:00
2,1783832428970475527:1,neutral,2026-09-16 18:09:11.606200+00:00
2,1782026584381088250:0,neutral,2026-09-16 18:09:20.572116+00:00
2,1782026584381088250:1,neutral,2026-09-16 18:09:25.780836+00:00
2,1781150788062208032:0,neutral,2026-09-16 18:09:34.734492+00:00
2,1780072458999021788:0,positive,2026-09-16 18:09:41.075817+00:00
2,1780072458999021788:1,neutral,2026-09-16 18:09:45.973384+00:00
2,1780072458999021788:2,positive,2026-09-16 18:09:51.565299+00:00
2,1777679783880720560:0,strongly_negative,2026-09-16 18:10:16.892857+00:00
2,1777221030697967806:0,neutral,2026-09-16 18:10:27.375696+00:00
2,1777221030697967806:1,neutral,2026-09-16 18:10:32.375615+00:00
2,1753815875545886776:0,positive,2026-09-16 18:10:48.981301+00:00
2,1746943718987579748:0,negative,2026-09-16 18:11:15.113773+00:00
2,1745091582850740654:0,positive,2026-09-16 18:11:20.456370+00:00
2,1740779377884057654:0,negative,2026-09-16 18:11:32.719348+00:00
2,1740779377884057654:1,negative,2026-09-16 18:11:42.085038+00:00
2,1739489075428762075:0,positive,2026-09-16 18:11:52.661597+00:00
2,1737454613178335429:0,neutral,2026-09-16 18:12:11.569763+00:00
2,1737454613178335429:1,neutral,2026-09-16 18:12:18.946775+00:00
2,1736344721679884723:0,neutral,2026-09-16 18:12:26.236853+00:00
2,1727735121615458671:0,strongly_negative,2026-09-16 18:12:40.081732+00:00
2,1726219165009416223:0,positive,2026-09-16 18:12:46.224045+00:00
2,1726219165009416223:1,strongly_positive,2026-09-16 18:12:57.601685+00:00
2,1721475512328212923:0,strongly_positive,2026-09-16 18:13:06.494185+00:00
3,1730485266568413228:0,negative,2026-09-16 18:13:06.784438+00:00
2,1721356627394412933:0,dont_know,2026-09-16 18:13:20.803740+00:00
2,1721356627394412933:1,positive,2026-09-16 18:13:29.556549+00:00
3,1730359657871634897:0,neutral,2026-09-16 18:13:31.942197+00:00
2,1711558253820395896:0,positive,2026-09-16 18:13:41.257589+00:00
3,1729813530935795899:0,neutral,2026-09-16 18:13:46.867032+00:00
2,1711558253820395896:1,neutral,2026-09-16 18:13:51.473982+00:00
2,1711366542087336217:0,positive,2026-09-16 18:13:59.971409+00:00
2,1711031101169234210:0,neutral,2026-09-16 18:14:08.022645+00:00
3,1729778412451954991:0,neutral,2026-09-16 18:14:11.174750+00:00
2,1711031101169234210:1,neutral,2026-09-16 18:14:13.985357+00:00
2,1704824346450272538:0,positive,2026-09-16 18:14:29.347914+00:00
2,1704474199015014626:0,negative,2026-09-16 18:14:43.539314+00:00
2,1704474199015014626:1,strongly_negative,2026-09-16 18:14:50.864265+00:00
2,1696755297082335741:0,positive,2026-09-16 18:15:00.558531+00:00
2,1695258991939797071:0,strongly_positive,2026-09-16 18:15:08.031297+00:00
2,1695258991939797071:1,positive,2026-09-16 18:15:16.075094+00:00
2,1693803964008219132:0,positive,2026-09-16 18:15:28.253634+00:00
2,1690332267611385856:0,strongly_negative,2026-09-16 18:15:54.140694+00:00
2,1690332267611385856:1,strongly_negative,2026-09-16 18:16:02.706027+00:00
3,1728456005217096075:0,dont_know,2026-09-16 18:16:12.770538+00:00
2,1682695899137589249:0,negative,2026-09-16 18:16:17.890916+00:00
3,1726534211052658702:0,negative,2026-09-16 18:16:27.807076+00:00
2,1679101708482527234:0,positive,2026-09-16 18:16:32.115410+00:00
2,1679101708482527234:1,positive,2026-09-16 18:16:42.310229+00:00
3,1726392317043675474:0,positive,2026-09-16 18:16:42.606388+00:00
3,1725534052420125106:0,positive,2026-09-16 18:16:49.969458+00:00
3,1725534052420125106:1,dont_know,2026-09-16 18:16:59.806622+00:00
2,1678035549230346241:0,dont_know,2026-09-16 18:17:03.547784+00:00
2,1678035549230346241:1,strongly_negative,2026-09-16 18:17:08.075127+00:00
3,1724783106597789974:0,negative,2026-09-16 18:17:12.822824+00:00
2,1676981139624562688:0,negative,2026-09-16 18:17:13.949859+00:00
2,1676981139624562688:1,strongly_negative,2026-09-16 18:17:20.372218+00:00
2,1676981139624562688:2,strongly_negative,2026-09-16 18:17:26.145568+00:00
3,1724299902711439575:0,neutral,2026-09-16 18:17:34.241821+00:00
2,1674370790744281088:0,strongly_negative,2026-09-16 18:17:36.746945+00:00
3,1723187775745536292:0,neutral,2026-09-16 18:17:46.784577+00:00
2,1674370790744281088:1,negative,2026-09-16 18:17:47.229745+00:00
2,1671850551640985601:0,neutral,2026-09-16 18:18:06.363055+00:00
3,1723171773490024958:0,neutral,2026-09-16 18:18:09.180057+00:00
2,1669339613633351681:0,negative,2026-09-16 18:18:14.290849+00:00
2,1669339613633351681:1,neutral,2026-09-16 18:18:21.313921+00:00
2,1669339613633351681:2,positive,2026-09-16 18:18:25.977567+00:00
2,1663390189014888449:0,negative,2026-09-16 18:18:42.973805+00:00
2,1663390189014888449:1,strongly_negative,2026-09-16 18:21:21.201708+00:00
2,1658123543803047941:0,dont_know,2026-09-16 18:21:32.506538+00:00
2,1658123543803047941:1,neutral,2026-09-16 18:21:41.884934+00:00
2,1657246619669270528:0,neutral,2026-09-16 18:21:47.463649+00:00
2,1657246619669270528:1,positive,2026-09-16 18:21:53.910814+00:00
2,1653282851876642816:0,positive,2026-09-16 18:22:01.287733+00:00
2,1651789071772184582:1,positive,2026-09-16 18:22:07.191801+00:00
2,1651789071772184582:2,positive,2026-09-16 18:22:24.311104+00:00
2,1649412648436486148:0,strongly_positive,2026-09-16 18:22:33.513889+00:00
2,1649412648436486148:2,positive,2026-09-16 18:22:38.588784+00:00
2,1649412648436486148:3,strongly_positive,2026-09-16 18:22:44.904910+00:00
2,1649232255456514050:0,strongly_positive,2026-09-16 18:22:55.585448+00:00
2,1649232255456514050:1,strongly_positive,2026-09-16 18:23:02.878193+00:00
2,1646404390302138368:0,strongly_positive,2026-09-16 18:23:09.933360+00:00
2,1646404390302138368:1,positive,2026-09-16 18:23:19.371482+00:00
2,1646404390302138368:2,strongly_negative,2026-09-16 18:23:26.526043+00:00
2,1644530625599410176:0,strongly_negative,2026-09-16 18:23:30.140774+00:00
2,1644530625599410176:1,strongly_negative,2026-09-16 18:23:35.330385+00:00
2,1643220820117045255:0,positive,2026-09-16 18:23:55.345879+00:00
2,1638156188738265089:0,negative,2026-09-16 18:24:04.210181+00:00
2,1638156188738265089:1,negative,2026-09-16 18:24:12.837757+00:00
2,1638156188738265089:2,neutral,2026-09-16 18:24:22.863922+00:00
2,1637106693426511872:0,strongly_negative,2026-09-16 18:24:24.195080+00:00
2,1637106693426511872:1,positive,2026-09-16 18:24:33.821437+00:00
2,1637106693426511872:2,positive,2026-09-16 18:24:44.970151+00:00
2,1632000726712057857:0,positive,2026-09-16 18:25:12.186028+00:00
2,1631511866806784002:0,neutral,2026-09-16 18:25:25.356231+00:00
2,1631511866806784002:1,strongly_positive,2026-09-16 18:25:38.631799+00:00
2,1606995014575599618:0,strongly_negative,2026-09-16 18:25:52.052997+00:00
2,1606995014575599618:1,strongly_negative,2026-09-16 18:25:58.404641+00:00
2,1606668578375491585:0,strongly_negative,2026-09-16 18:26:03.458899+00:00
2,1601588210970173440:0,strongly_negative,2026-09-16 18:26:13.215742+00:00
2,1576399633106219009:0,positive,2026-09-16 18:26:35.463367+00:00
2,1576399633106219009:1,positive,2026-09-16 18:26:39.874871+00:00
2,1576399633106219009:2,neutral,2026-09-16 18:26:43.494313+00:00
2,1573528372676030464:0,negative,2026-09-16 18:26:57.085905+00:00
2,1572981744026161160:0,negative,2026-09-16 18:27:17.263118+00:00
2,1571740107522330627:0,positive,2026-09-16 18:27:28.056324+00:00
2,1571740107522330627:1,strongly_positive,2026-09-16 18:27:32.761757+00:00
2,1571486743207227393:0,positive,2026-09-16 18:27:38.880648+00:00
2,1571486743207227393:1,positive,2026-09-16 18:27:44.691585+00:00
2,1570582295572283393:0,positive,2026-09-16 18:27:51.541359+00:00
2,1570582295572283393:1,neutral,2026-09-16 18:28:02.471073+00:00
3,1722415184193720381:0,negative,2026-09-16 18:37:50.558458+00:00
3,1721871530307575978:0,neutral,2026-09-16 18:38:01.812224+00:00
3,1720365999529369882:0,positive,2026-09-16 18:38:08.637731+00:00
3,1719243793508299231:0,negative,2026-09-16 18:43:44.874151+00:00
3,1715227463180329063:0,strongly_positive,2026-09-16 18:43:54.972253+00:00
3,1715227463180329063:1,strongly_positive,2026-09-16 18:43:59.792202+00:00
3,1715227355218931722:0,positive,2026-09-16 18:44:06.877012+00:00
3,1715227355218931722:1,positive,2026-09-16 18:44:09.633292+00:00
3,1714053581354013018:0,neutral,2026-09-16 18:44:17.104715+00:00
3,1713692962830622936:0,neutral,2026-09-16 18:44:37.533303+00:00
3,1713072262751060395:0,neutral,2026-09-16 18:45:51.221600+00:00
3,1712092035581399428:0,neutral,2026-09-16 18:46:13.670151+00:00
3,1711023461467095245:0,negative,2026-09-16 18:46:52.966779+00:00
3,1709013977106420096:0,neutral,2026-09-16 18:47:06.913268+00:00
3,1703800442747277383:0,neutral,2026-09-16 18:47:16.613410+00:00
3,1703800442747277383:1,neutral,2026-09-16 18:47:31.078783+00:00
3,1695781486769631255:0,positive,2026-09-16 18:47:41.558925+00:00
3,1691677304483901592:0,neutral,2026-09-16 18:49:55.077993+00:00
3,1689468610895298560:0,neutral,2026-09-16 18:50:20.127452+00:00
3,1689468610895298560:1,neutral,2026-09-16 18:50:32.509460+00:00
3,1688503810359222273:0,negative,2026-09-16 18:50:42.987272+00:00
3,1688503810359222273:1,negative,2026-09-16 18:50:51.518145+00:00
3,1687463894800060416:0,negative,2026-09-16 18:51:07.165592+00:00
3,1687463894800060416:1,dont_know,2026-09-16 18:51:23.371486+00:00
3,1686995497926422528:0,negative,2026-09-16 18:51:35.837012+00:00
3,1683032169810378752:0,dont_know,2026-09-16 18:52:12.708708+00:00
3,1681523178189864960:0,neutral,2026-09-16 18:52:28.057690+00:00
3,1681516081054384128:0,negative,2026-09-16 18:52:47.192034+00:00
3,1681516081054384128:1,dont_know,2026-09-16 18:52:54.410194+00:00
3,1681514510409175040:0,neutral,2026-09-16 18:53:05.573346+00:00
3,1680751575642570756:0,neutral,2026-09-16 18:53:23.810900+00:00
3,1679734518826287104:0,strongly_negative,2026-09-16 18:53:35.634560+00:00
3,1678418921118900226:0,positive,2026-09-16 18:53:41.029609+00:00
3,1678418921118900226:1,negative,2026-09-16 18:53:49.142661+00:00
3,1677961144185794560:0,neutral,2026-09-16 18:54:16.685178+00:00
3,1674079651646562305:0,neutral,2026-09-16 18:54:28.284274+00:00
3,1673862187557765121:0,neutral,2026-09-16 18:55:42.223408+00:00
3,1673862187557765121:1,neutral,2026-09-16 18:55:55.618199+00:00
3,1673625129241415681:0,neutral,2026-09-16 18:56:09.930303+00:00
3,1666020176519909376:0,neutral,2026-09-16 18:56:30.059906+00:00
3,1663353448526655488:0,neutral,2026-09-16 18:56:36.469106+00:00
3,1661299043665076224:0,neutral,2026-09-16 18:57:09.560952+00:00
3,1660134563870543872:0,neutral,2026-09-16 18:57:18.281714+00:00
3,1660134563870543872:1,neutral,2026-09-16 18:57:38.348824+00:00
3,1657553536882982913:0,neutral,2026-09-16 18:57:58.034872+00:00
3,1655584906011918338:0,neutral,2026-09-16 18:58:07.588195+00:00
3,1650645379757780992:0,neutral,2026-09-16 18:59:00.191091+00:00
3,1650350743017369600:1,dont_know,2026-09-16 18:59:40.250145+00:00
3,1649604937335336960:0,positive,2026-09-16 19:00:00.360906+00:00
3,1646150905807663104:0,neutral,2026-09-16 19:00:11.148869+00:00
3,1641736663054573576:0,neutral,2026-09-16 19:03:11.116888+00:00
3,2050822752760889468:0,positive,2026-09-16 19:04:01.833844+00:00
3,2092645296610357568:0,negative,2026-09-16 19:06:21.213486+00:00
3,2092505499254288609:0,positive,2026-09-16 19:06:43.668390+00:00
3,2091366555259183485:0,negative,2026-09-16 19:07:02.263176+00:00
3,2090267998519238729:0,positive,2026-09-16 19:07:22.732994+00:00
3,2090267998519238729:1,dont_know,2026-09-16 19:07:54.573677+00:00
3,2090085950768685520:0,negative,2026-09-16 19:08:13.649588+00:00
3,2089564205964001680:0,positive,2026-09-16 19:08:42.296793+00:00
3,2089387916837749200:0,negative,2026-09-16 19:09:17.937492+00:00
3,2089387916837749200:1,positive,2026-09-16 19:09:31.104603+00:00
3,2089007299990065218:0,negative,2026-09-16 19:09:43.441898+00:00
3,2088547343633379495:0,negative,2026-09-16 19:10:09.617581+00:00
3,2088547343633379495:1,negative,2026-09-16 19:10:34.261687+00:00
3,2085574404776632798:0,negative,2026-09-16 19:11:14.721785+00:00
3,2085574404776632798:1,negative,2026-09-16 19:11:19.598732+00:00
3,2085574404776632798:2,negative,2026-09-16 19:11:29.850327+00:00
3,2085574404776632798:3,dont_know,2026-09-16 19:11:35.705803+00:00
3,2085349387233116658:0,neutral,2026-09-16 19:11:48.989862+00:00
3,2085349387233116658:1,dont_know,2026-09-16 19:11:54.975349+00:00
3,2085034561441075624:0,neutral,2026-09-16 19:12:08.098012+00:00
3,2085034561441075624:1,neutral,2026-09-16 19:12:23.307356+00:00
3,2085034561441075624:2,dont_know,2026-09-16 19:12:29.368156+00:00
3,2084114675000860912:0,neutral,2026-09-16 19:12:43.944749+00:00
3,2082985941124493330:0,negative,2026-09-16 19:12:56.035656+00:00
3,2082985941124493330:1,negative,2026-09-16 19:13:02.622308+00:00
3,2081956666304823710:0,negative,2026-09-16 19:13:11.516492+00:00
3,2081956666304823710:1,positive,2026-09-16 19:14:24.054578+00:00
3,2081618358806675657:0,negative,2026-09-16 19:16:48.928233+00:00
3,2081618358806675657:1,negative,2026-09-16 19:16:54.384657+00:00
3,2081618358806675657:2,dont_know,2026-09-16 19:17:01.829261+00:00
3,2080951685124673568:0,strongly_positive,2026-09-16 19:17:11.098550+00:00
3,2079800827733266720:0,positive,2026-09-16 19:17:41.141162+00:00
3,2079800827733266720:1,positive,2026-09-16 19:17:47.478961+00:00
3,2079800827733266720:2,dont_know,2026-09-16 19:17:53.454022+00:00
3,2079560221152674239:0,negative,2026-09-16 19:18:48.330099+00:00
3,2078156998605213934:0,negative,2026-09-16 19:18:59.417065+00:00
3,2078156998605213934:1,positive,2026-09-16 19:19:16.176073+00:00
3,2077968399624507605:0,positive,2026-09-16 19:19:27.287364+00:00
3,2077954801275650352:0,positive,2026-09-16 19:19:33.082742+00:00
3,2077617751095746602:0,neutral,2026-09-16 19:20:11.567573+00:00
3,2077238635192312272:0,negative,2026-09-16 19:20:49.189450+00:00
3,2076925535440273840:0,neutral,2026-09-16 19:21:00.478663+00:00
3,2076925535440273840:1,negative,2026-09-16 19:21:29.693085+00:00
3,2076697325108703415:0,negative,2026-09-16 19:21:56.923533+00:00
3,2076526049509462389:0,positive,2026-09-16 19:22:15.424912+00:00
3,2076201391543189951:0,positive,2026-09-16 19:22:26.644271+00:00
3,2076201391543189951:1,positive,2026-09-16 19:22:36.658912+00:00
3,2074322767860892152:0,positive,2026-09-16 19:22:51.878962+00:00
3,2074118292537737314:0,positive,2026-09-16 19:23:00.374807+00:00
3,2072931789128306730:0,positive,2026-09-16 19:23:08.512277+00:00
3,2072931789128306730:1,positive,2026-09-16 19:24:38.640651+00:00
3,2072607692548714952:0,positive,2026-09-16 19:24:53.880946+00:00
3,2072213338810134933:0,negative,2026-09-16 19:25:02.505318+00:00
3,2072213338810134933:1,negative,2026-09-16 19:25:08.613838+00:00
3,2072213338810134933:2,negative,2026-09-16 19:25:49.941726+00:00
3,2071638405440827800:0,positive,2026-09-16 19:26:04.586020+00:00
3,2071518197728317484:0,neutral,2026-09-16 19:26:18.155848+00:00
3,2070680708688019822:0,strongly_positive,2026-09-16 19:26:29.172879+00:00
3,2069617115846545798:0,positive,2026-09-16 19:35:11.522588+00:00
3,2068729720934728015:0,positive,2026-09-16 19:36:11.889524+00:00
3,2068220851024261631:0,positive,2026-09-16 19:36:35.803298+00:00
3,2068220851024261631:1,positive,2026-09-16 19:36:51.140286+00:00
3,2067805367757893710:0,neutral,2026-09-16 19:37:27.907931+00:00
3,2066748024643330153:0,positive,2026-09-16 19:37:44.990020+00:00
3,2066487735599476976:0,neutral,2026-09-16 19:38:02.042829+00:00
3,2065628866614641144:0,positive,2026-09-16 19:38:32.103751+00:00
3,2065783121761779987:0,neutral,2026-09-16 19:38:18.842409+00:00
3,2065289483935973777:0,positive,2026-09-16 19:39:43.290101+00:00
3,2064737694933213426:0,negative,2026-09-16 19:41:19.410706+00:00
3,2062933083490594956:0,positive,2026-09-16 19:41:34.342726+00:00
3,2062933083490594956:1,positive,2026-09-16 19:42:09.232919+00:00
3,2062739033726558688:0,negative,2026-09-16 19:42:29.253757+00:00
3,2062739033726558688:1,negative,2026-09-16 19:42:38.927022+00:00
3,2061098897339232747:0,positive,2026-09-16 19:42:50.614893+00:00
3,2061098897339232747:2,positive,2026-09-16 19:43:16.154893+00:00
3,2060405357181374874:0,neutral,2026-09-16 19:43:31.700964+00:00
3,2060363572983861406:0,positive,2026-09-16 19:43:47.796280+00:00
3,2060363572983861406:1,dont_know,2026-09-16 19:43:52.083456+00:00
3,2060181870114222269:0,strongly_positive,2026-09-16 19:43:55.917927+00:00
3,2060181870114222269:2,positive,2026-09-16 19:44:38.233685+00:00
3,2059588617211879820:0,positive,2026-09-16 19:45:20.695053+00:00
3,2058748398774481384:0,negative,2026-09-16 19:45:59.865288+00:00
3,2058173292457173323:0,positive,2026-09-16 19:46:41.434145+00:00
3,2057833968729485379:0,positive,2026-09-16 19:47:03.542769+00:00
3,2057450356758753457:0,positive,2026-09-16 19:47:21.316529+00:00
3,2057130838102544594:0,positive,2026-09-16 19:47:30.980774+00:00
3,2057130838102544594:1,positive,2026-09-16 19:47:37.634365+00:00
3,2057130838102544594:2,positive,2026-09-16 19:47:47.562889+00:00
3,2055851024611741712:0,positive,2026-09-16 19:48:02.436077+00:00
3,2054767445789839668:0,positive,2026-09-16 19:48:14.571916+00:00
3,2054767445789839668:1,positive,2026-09-16 19:48:39.444987+00:00
3,2052911368895185312:0,positive,2026-09-16 19:48:53.626800+00:00
3,2051885928160055594:0,positive,2026-09-16 19:49:01.143164+00:00
3,2051885928160055594:1,positive,2026-09-16 19:49:16.860615+00:00
3,2051716390948843840:0,positive,2026-09-16 19:49:28.098494+00:00
3,2051282187509706843:0,positive,2026-09-16 19:49:40.691493+00:00
3,2050382496668520656:0,positive,2026-09-16 19:49:51.402538+00:00
3,2050234488647831705:0,positive,2026-09-16 19:50:10.116859+00:00
3,2050086617021653192:0,strongly_positive,2026-09-16 19:50:14.399068+00:00
3,2050011714050302016:0,positive,2026-09-16 19:50:28.895834+00:00
3,2049823280123822181:0,neutral,2026-09-16 19:50:48.840981+00:00
3,2049823280123822181:1,neutral,2026-09-16 19:51:20.220630+00:00
3,2049684599807283218:0,neutral,2026-09-16 19:51:39.510103+00:00
3,2049509095091409223:0,neutral,2026-09-16 19:51:55.256030+00:00
3,2049509095091409223:1,negative,2026-09-16 19:52:33.515842+00:00
3,2049306241659445699:0,neutral,2026-09-16 19:52:46.903366+00:00
3,2049306241659445699:1,negative,2026-09-16 19:53:06.163621+00:00
3,2049306241659445699:2,positive,2026-09-16 19:53:41.253796+00:00
3,2049123159388168512:0,positive,2026-09-16 19:53:48.351734+00:00
3,2049123159388168512:1,negative,2026-09-16 19:54:25.139340+00:00
3,2048564852449575308:0,positive,2026-09-16 19:54:38.251152+00:00
3,2048386612254716189:0,positive,2026-09-16 19:57:18.452018+00:00
3,2047477064870322516:0,negative,2026-09-16 19:58:56.242065+00:00
3,2046095731132694840:0,positive,2026-09-16 19:59:11.897866+00:00
3,2046095731132694840:1,positive,2026-09-16 19:59:30.334630+00:00
3,2044786922917343736:0,positive,2026-09-16 19:59:43.960562+00:00
3,2043999675632759082:0,neutral,2026-09-16 19:59:56.902890+00:00
3,2042951847577817598:0,positive,2026-09-16 20:00:07.380423+00:00
3,2040845557506392349:0,positive,2026-09-16 20:00:18.427802+00:00
3,2040845557506392349:1,positive,2026-09-16 20:00:34.003019+00:00
3,2040290260849176828:0,positive,2026-09-16 20:00:48.460905+00:00
3,2039745018152550544:0,positive,2026-09-16 20:25:22.812007+00:00
3,2039745018152550544:1,positive,2026-09-16 20:26:33.185672+00:00
3,2039363780380094630:0,positive,2026-09-16 20:27:33.312631+00:00
3,2037963032241021169:0,positive,2026-09-16 20:27:46.255665+00:00
3,2037963032241021169:1,negative,2026-09-16 20:28:26.242269+00:00
3,2037740597348368528:0,neutral,2026-09-16 20:28:40.663639+00:00
3,2037740597348368528:1,neutral,2026-09-16 20:28:47.137816+00:00
3,2037740597348368528:2,neutral,2026-09-16 20:28:52.556387+00:00
3,2037471549109010880:0,strongly_positive,2026-09-16 20:29:01.688011+00:00
3,2037342381461434533:0,positive,2026-09-16 20:30:24.004322+00:00
3,2037019410876313963:0,positive,2026-09-16 20:30:30.810839+00:00
3,2037019410876313963:1,positive,2026-09-16 20:30:47.974905+00:00
3,2036077146150764613:0,positive,2026-09-16 20:31:10.426008+00:00
3,2036077146150764613:1,positive,2026-09-16 20:31:26.409953+00:00
3,2035559992091447331:0,positive,2026-09-16 20:31:36.407252+00:00
3,2035559992091447331:1,positive,2026-09-16 20:32:23.280840+00:00
3,2035042243435000251:0,negative,2026-09-16 20:32:45.321581+00:00
3,2034483893601214645:0,positive,2026-09-16 20:33:00.232778+00:00
3,2034483893601214645:1,dont_know,2026-09-16 20:33:09.511957+00:00
3,2032995849513611277:0,positive,2026-09-16 20:33:48.122400+00:00
3,2032995087471542712:0,positive,2026-09-16 20:34:03.558463+00:00
3,2032774529714631012:0,positive,2026-09-16 20:34:09.255257+00:00
3,2031570137233416469:0,neutral,2026-09-16 20:34:20.585463+00:00
3,2031392001204330782:0,neutral,2026-09-16 20:34:42.650307+00:00
3,2030329665626472931:0,positive,2026-09-16 20:35:00.983296+00:00
3,2030329665626472931:1,neutral,2026-09-16 20:35:47.351185+00:00
3,2030329665626472931:2,neutral,2026-09-16 20:36:05.569531+00:00
3,2029808413866348635:0,neutral,2026-09-16 20:36:23.226634+00:00
3,2029808413866348635:1,positive,2026-09-16 20:36:33.071059+00:00
3,2028527210781638810:0,positive,2026-09-16 20:36:51.409758+00:00
3,2028472980528050211:0,negative,2026-09-16 20:37:16.391493+00:00
3,2028430100925206641:0,negative,2026-09-16 20:37:28.500820+00:00
3,2028430100925206641:1,dont_know,2026-09-16 20:37:32.912496+00:00
3,2027554567974723903:0,neutral,2026-09-16 20:38:05.287402+00:00
3,2025976636722798787:0,neutral,2026-09-16 20:38:18.872155+00:00
3,2025976636722798787:1,neutral,2026-09-16 20:38:25.110131+00:00
3,2025976636722798787:2,dont_know,2026-09-16 20:38:32.040559+00:00
3,2025021648156721525:0,positive,2026-09-16 20:38:39.966734+00:00
3,2024708408121970791:0,neutral,2026-09-16 20:39:10.825467+00:00
3,2024708408121970791:1,positive,2026-09-16 20:39:25.745734+00:00
3,2024708408121970791:2,dont_know,2026-09-16 20:39:31.745963+00:00
3,2022026147794759961:0,positive,2026-09-16 20:39:49.711870+00:00
3,2022026147794759961:1,neutral,2026-09-16 20:40:01.110582+00:00
3,2021761885981618213:0,neutral,2026-09-16 20:40:15.441388+00:00
3,2021761885981618213:1,positive,2026-09-16 20:41:21.949328+00:00
3,2018281407769104804:0,positive,2026-09-16 20:44:23.828143+00:00
3,2018281407769104804:1,positive,2026-09-16 20:44:35.076238+00:00
3,2017778253105446925:0,positive,2026-09-16 20:44:54.261885+00:00
3,2016896872959660104:0,negative,2026-09-16 20:45:08.866743+00:00
3,2016896872959660104:1,positive,2026-09-16 20:45:23.386810+00:00
3,2014662687029133582:0,neutral,2026-09-16 20:45:45.914778+00:00
3,2014660136619720999:0,neutral,2026-09-16 20:46:00.323958+00:00
3,2013795117547823550:0,neutral,2026-09-16 20:46:11.433135+00:00
3,2013175481219309902:0,neutral,2026-09-16 20:47:08.396859+00:00
3,2013175481219309902:1,dont_know,2026-09-16 20:47:14.759073+00:00
3,2012885100715999249:0,neutral,2026-09-16 20:47:30.460528+00:00
3,2011244740109594760:0,neutral,2026-09-16 20:47:58.908875+00:00
3,2010361341954154627:0,neutral,2026-09-16 20:48:53.446922+00:00
3,2008938599010717750:0,positive,2026-09-16 20:49:12.329739+00:00
3,2008427909271461919:0,neutral,2026-09-16 20:49:17.915371+00:00
3,2008169481324118155:0,neutral,2026-09-16 20:49:22.478853+00:00
3,2007478354203517391:0,neutral,2026-09-16 20:49:28.730920+00:00
3,2006752121329430613:0,neutral,2026-09-16 20:49:41.029804+00:00
3,2005986934443929956:0,neutral,2026-09-16 20:49:51.251811+00:00
3,2005324750604886081:0,positive,2026-09-16 20:51:07.377282+00:00
3,2004207174818680965:0,positive,2026-09-16 20:51:21.314313+00:00
3,2001673925248569760:0,neutral,2026-09-16 20:52:02.722593+00:00
3,1999133913588076926:0,neutral,2026-09-16 20:52:11.111121+00:00
3,1998787252143747426:0,positive,2026-09-16 20:52:19.327412+00:00
3,1998787252143747426:1,positive,2026-09-16 20:52:50.479647+00:00
3,1998405968212943103:0,positive,2026-09-16 20:53:04.881826+00:00
3,1998065391084687869:0,negative,2026-09-16 20:53:19.225558+00:00
3,1998065391084687869:1,dont_know,2026-09-16 20:53:25.219692+00:00
3,1997503196168909092:0,positive,2026-09-16 20:54:10.647933+00:00
3,1997503196168909092:1,dont_know,2026-09-16 20:54:15.433738+00:00
3,1996651470973030516:0,neutral,2026-09-16 20:54:38.719096+00:00
3,1996651470973030516:1,dont_know,2026-09-16 20:54:43.656175+00:00
3,1996256284715466806:0,positive,2026-09-16 20:54:52.659498+00:00
3,1996182496770445433:0,neutral,2026-09-16 20:55:09.539724+00:00
3,1995723346571620404:0,positive,2026-09-16 20:56:17.119472+00:00
3,1995723346571620404:1,positive,2026-09-16 20:56:30.622849+00:00
3,1995124377323774126:0,positive,2026-09-16 20:56:46.892413+00:00
3,1993706385872495071:0,positive,2026-09-16 20:57:32.814775+00:00
3,1993489515911299239:0,positive,2026-09-16 20:57:44.882406+00:00
3,1990610685768925379:0,positive,2026-09-16 20:57:49.152411+00:00
3,1990610685768925379:1,positive,2026-09-16 20:57:53.311693+00:00
3,1990610685768925379:2,positive,2026-09-16 20:58:03.588315+00:00
3,1990610685768925379:3,dont_know,2026-09-16 20:58:09.372065+00:00
3,1989869255362588831:0,negative,2026-09-16 20:58:28.419632+00:00
3,1989869255362588831:1,positive,2026-09-16 20:58:51.138136+00:00
3,1989354927102320683:0,neutral,2026-09-16 20:59:12.288431+00:00
3,1987751908095012892:0,neutral,2026-09-16 20:59:24.411861+00:00
3,1987751908095012892:2,positive,2026-09-16 21:00:08.252206+00:00
3,1986467952540242184:0,positive,2026-09-16 21:00:23.207145+00:00
3,1986467952540242184:1,neutral,2026-09-16 21:01:07.594220+00:00
3,1986412336274677802:0,neutral,2026-09-16 21:01:14.749051+00:00
3,1986384683249324081:0,positive,2026-09-16 21:02:36.764718+00:00
3,1986238525378093456:0,positive,2026-09-16 21:38:44.200589+00:00
3,1985928433797644415:0,positive,2026-09-16 21:39:01.865130+00:00
3,1985554799870517426:0,positive,2026-09-16 21:39:22.228687+00:00
3,1985554799870517426:1,positive,2026-09-16 21:39:36.159337+00:00
3,1985554799870517426:2,positive,2026-09-16 21:39:41.964679+00:00
3,1984647027985379700:0,neutral,2026-09-16 21:40:06.441838+00:00
3,1984285924877111688:0,neutral,2026-09-16 21:40:15.665855+00:00
3,1984057215331053691:0,positive,2026-09-16 21:40:37.538036+00:00
3,1984057215331053691:1,negative,2026-09-16 21:42:00.371424+00:00
3,1982974860344410254:0,neutral,2026-09-16 21:44:01.047779+00:00
3,1982471402591822084:0,negative,2026-09-16 21:44:26.133066+00:00
3,1982471402591822084:1,negative,2026-09-16 21:45:28.139787+00:00
3,1981904971777077422:0,positive,2026-09-16 21:45:52.821853+00:00
3,1981904971777077422:1,neutral,2026-09-16 21:47:21.730351+00:00
3,1980805480974074304:0,strongly_positive,2026-09-16 21:47:38.095371+00:00
3,1979798249155490226:0,neutral,2026-09-16 21:47:55.342102+00:00
3,1979798249155490226:1,positive,2026-09-16 21:48:51.437068+00:00
3,1979498967483470001:0,positive,2026-09-16 21:49:04.882748+00:00
3,1979498967483470001:1,positive,2026-09-16 21:54:22.837950+00:00
3,1979498967483470001:2,positive,2026-09-16 21:54:30.062891+00:00
3,1978681025501822983:0,dont_know,2026-09-16 21:57:45.344176+00:00
3,1977921581990179286:0,positive,2026-09-16 21:58:10.455768+00:00
3,1977585746585456853:0,neutral,2026-09-16 21:58:30.512985+00:00
3,1976825605510586610:0,positive,2026-09-16 21:59:23.648393+00:00
3,1976326711114596515:0,positive,2026-09-16 21:59:57.669895+00:00
3,1975856010989592920:0,positive,2026-09-16 22:00:25.060540+00:00
3,1974998529883201554:0,positive,2026-09-16 22:00:54.083022+00:00
3,1974486298951131173:0,positive,2026-09-16 22:00:58.097009+00:00
3,1974277383915254065:0,neutral,2026-09-16 22:06:45.580056+00:00
3,1972126291114729785:0,neutral,2026-09-16 22:07:51.234978+00:00
3,1971274143929860299:0,negative,2026-09-16 22:07:58.846213+00:00
3,1971274143929860299:1,strongly_negative,2026-09-16 22:08:05.176605+00:00
3,1971071134499254367:0,neutral,2026-09-16 22:08:56.726805+00:00
3,1970286986679529601:0,neutral,2026-09-16 22:09:02.142210+00:00
3,1969913022455116175:0,positive,2026-09-16 22:09:24.302791+00:00
3,1969913022455116175:1,negative,2026-09-16 22:09:53.410665+00:00
3,1969726694711042498:0,neutral,2026-09-16 22:10:09.084177+00:00
3,1969036230483423560:0,positive,2026-09-16 22:11:01.482853+00:00
3,1969036230483423560:1,positive,2026-09-16 22:11:05.685825+00:00
3,1968943819769962958:0,neutral,2026-09-16 22:13:23.164205+00:00
3,1968600304166883708:0,positive,2026-09-16 22:13:29.939830+00:00
3,1966556598840820175:0,positive,2026-09-16 22:13:52.712778+00:00
3,1965975502197575834:0,positive,2026-09-16 22:14:44.342856+00:00
3,1965591238788481188:0,positive,2026-09-16 22:15:03.763799+00:00
3,1965591238788481188:1,negative,2026-09-16 23:24:35.655759+00:00
3,1965245344985538581:0,negative,2026-09-16 23:27:42.003911+00:00
3,1965096239147745401:0,neutral,2026-09-16 23:29:13.239090+00:00
3,1965096239147745401:1,negative,2026-09-16 23:29:54.178727+00:00
3,1963615238571659665:0,negative,2026-09-16 23:30:08.819027+00:00
3,1963615238571659665:1,negative,2026-09-16 23:30:26.979066+00:00
3,1963160102615093410:0,positive,2026-09-16 23:30:38.821143+00:00
3,1962503731892949023:0,neutral,2026-09-16 23:31:36.702456+00:00
3,1962503731892949023:1,neutral,2026-09-16 23:32:42.107398+00:00
3,1962503731892949023:2,neutral,2026-09-16 23:32:55.136648+00:00
3,1962174330202382452:0,negative,2026-09-16 23:34:37.670176+00:00
3,1962174330202382452:1,negative,2026-09-16 23:35:29.063357+00:00
3,1961280778299740444:0,neutral,2026-09-16 23:37:46.132019+00:00
3,1961246881423720906:0,positive,2026-09-16 23:37:55.150805+00:00
3,1961246881423720906:1,negative,2026-09-16 23:39:07.857571+00:00
3,1960321658700587202:0,neutral,2026-09-16 23:40:08.870494+00:00
3,1959448935250190780:0,neutral,2026-09-16 23:43:14.487260+00:00
3,1959122038519652377:0,strongly_positive,2026-09-16 23:43:31.302390+00:00
3,1958936490664501378:0,neutral,2026-09-16 23:44:04.379612+00:00
3,1958878931115024891:0,neutral,2026-09-16 23:47:05.023326+00:00
3,1958420924782535023:0,negative,2026-09-16 23:47:41.611911+00:00
3,1958420924782535023:1,strongly_negative,2026-09-16 23:49:38.449859+00:00
3,1958166296182587406:0,negative,2026-09-16 23:50:09.448814+00:00
3,1958166296182587406:1,negative,2026-09-16 23:51:45.673213+00:00
3,1957992385125970345:0,strongly_positive,2026-09-16 23:53:15.762452+00:00
3,1957992385125970345:1,positive,2026-09-16 23:54:15.269285+00:00
3,1957817957142393217:0,dont_know,2026-09-16 23:55:03.878482+00:00
3,1957450771366044126:0,neutral,2026-09-16 23:56:01.512048+00:00
3,1956956981761393094:0,positive,2026-09-16 23:56:57.499771+00:00
3,1956956981761393094:1,dont_know,2026-09-16 23:57:03.012652+00:00
3,1956249006050566496:0,neutral,2026-09-16 23:59:32.378055+00:00
3,1954409024881111133:0,neutral,2026-09-17 00:04:39.565636+00:00
3,1953479435048337468:0,neutral,2026-09-17 00:04:57.508704+00:00
3,1952764892957831399:0,negative,2026-09-17 00:05:27.228044+00:00
3,1951484920800362933:0,neutral,2026-09-17 00:09:05.539642+00:00
3,1951484920800362933:1,neutral,2026-09-17 00:11:58.147089+00:00
3,1951234437083177316:0,positive,2026-09-17 00:12:13.974952+00:00
3,1951134812384928105:0,neutral,2026-09-17 00:12:53.137467+00:00
3,1951134812384928105:1,neutral,2026-09-17 00:18:11.615403+00:00
3,1951134812384928105:2,dont_know,2026-09-17 00:18:17.581470+00:00
3,1950568115403678037:0,neutral,2026-09-17 00:36:27.507986+00:00
3,1950568115403678037:1,neutral,2026-09-17 00:36:41.319206+00:00
3,1950199969560088869:0,negative,2026-09-17 00:37:14.642127+00:00
3,1950199969560088869:1,negative,2026-09-17 00:37:34.345824+00:00
3,1949671627215761452:0,neutral,2026-09-17 00:38:08.637910+00:00
3,1949433816281711028:0,negative,2026-09-17 00:38:29.034079+00:00
3,1948191049400357215:0,negative,2026-09-17 00:38:45.468224+00:00
3,1948191049400357215:1,neutral,2026-09-17 00:39:24.972251+00:00
3,1947924938918355438:0,negative,2026-09-17 00:41:33.115672+00:00
3,1947924938918355438:1,dont_know,2026-09-17 00:41:53.300809+00:00
3,1947687283702042825:0,positive,2026-09-17 00:43:28.525569+00:00
3,1947556149114364088:0,positive,2026-09-17 00:44:06.783126+00:00
3,1947140954529636362:0,neutral,2026-09-17 00:44:42.289176+00:00
3,1947140954529636362:1,positive,2026-09-17 00:45:48.814907+00:00
3,1946951769843724451:0,negative,2026-09-17 00:46:43.360343+00:00
3,1946512488314577357:0,negative,2026-09-17 00:47:51.183734+00:00
3,1945870380528201963:0,positive,2026-09-17 00:48:07.373425+00:00
3,1944750515327508556:0,neutral,2026-09-17 00:48:53.293177+00:00
3,1944330442737693152:0,strongly_positive,2026-09-17 00:49:47.463758+00:00
3,1944240076671844704:0,negative,2026-09-17 00:51:13.991754+00:00
3,1943690055119204375:0,dont_know,2026-09-17 00:51:23.837542+00:00
3,1943337662137369003:0,negative,2026-09-17 00:51:48.473859+00:00
3,1943174669974278320:0,strongly_positive,2026-09-17 00:51:58.068716+00:00
3,1940987981130870916:0,dont_know,2026-09-17 00:52:07.694780+00:00
3,1939976992872702274:0,negative,2026-09-17 00:52:52.318467+00:00
3,1939301246877233227:0,neutral,2026-09-17 00:53:50.103884+00:00
3,1939108076717777265:0,strongly_positive,2026-09-17 00:54:22.391689+00:00
3,1938766992468549848:0,negative,2026-09-17 00:55:06.753687+00:00
3,1938425102523154736:0,positive,2026-09-17 00:55:48.406141+00:00
3,1938048080533712919:0,negative,2026-09-17 00:56:10.463863+00:00
3,1938048080533712919:1,positive,2026-09-17 00:56:14.392625+00:00
3,1937679622621081902:0,neutral,2026-09-17 00:56:35.162525+00:00
3,1937528374559223855:0,negative,2026-09-17 00:58:02.162863+00:00
3,1937528374559223855:1,dont_know,2026-09-17 00:58:06.967070+00:00
3,1935371522606317683:0,positive,2026-09-17 00:58:24.205977+00:00
3,1935000580247998583:0,negative,2026-09-17 00:58:41.210249+00:00
3,1934607227974758765:0,neutral,2026-09-17 00:58:59.292673+00:00
3,1934287375061938437:0,neutral,2026-09-17 00:59:06.058007+00:00
3,1934278830719656001:0,neutral,2026-09-17 00:59:24.226669+00:00
3,1934278830719656001:1,positive,2026-09-17 01:00:05.215998+00:00
3,1933921862284706162:0,neutral,2026-09-17 01:00:11.131872+00:00
3,1932962897870926258:0,neutral,2026-09-17 01:00:17.668823+00:00
3,1932811179040129448:0,neutral,2026-09-17 01:00:34.970871+00:00
3,1931360042659336291:0,neutral,2026-09-17 01:00:53.726808+00:00
3,1931360042659336291:1,neutral,2026-09-17 01:01:03.879076+00:00
3,1930966942472368532:0,negative,2026-09-17 01:01:19.760834+00:00
3,1930966942472368532:1,negative,2026-09-17 01:01:27.405483+00:00
3,1930842747595809152:0,neutral,2026-09-17 01:01:46.800306+00:00
3,1930791250992541782:0,strongly_positive,2026-09-17 01:01:56.847715+00:00
3,1930432426129367309:0,neutral,2026-09-17 01:02:06.827170+00:00
3,1928656743845745107:0,negative,2026-09-17 01:02:18.383687+00:00
3,1928656743845745107:1,neutral,2026-09-17 01:02:37.950977+00:00
3,1928256725540393334:0,neutral,2026-09-17 01:02:51.416826+00:00
3,1928256725540393334:1,negative,2026-09-17 01:02:57.832860+00:00
3,1928147313727250442:0,positive,2026-09-17 01:03:04.658408+00:00
3,1928147313727250442:1,positive,2026-09-17 01:03:21.885536+00:00
3,1927763502606799328:0,neutral,2026-09-17 01:03:33.283543+00:00
3,1927536007622131756:0,positive,2026-09-17 01:03:49.808120+00:00
3,1927536007622131756:1,positive,2026-09-17 01:03:59.564939+00:00
3,1927011143026897140:0,neutral,2026-09-17 01:04:11.822297+00:00
3,1926086068023013665:0,neutral,2026-09-17 01:04:18.036540+00:00
3,1926085052250612199:0,neutral,2026-09-17 01:04:36.866846+00:00
3,1925596971366072814:0,positive,2026-09-17 01:04:47.371888+00:00
3,1925596971366072814:1,positive,2026-09-17 01:04:55.906116+00:00
3,1925206016024801351:0,strongly_positive,2026-09-17 01:05:14.488217+00:00
3,1924672062540398741:0,neutral,2026-09-17 01:17:16.199461+00:00
3,1924483031991271546:0,positive,2026-09-17 01:17:26.966538+00:00
3,1923911311462957421:0,negative,2026-09-17 01:17:45.851411+00:00
3,1923911311462957421:1,negative,2026-09-17 01:18:00.514873+00:00
3,1922686292724248637:0,neutral,2026-09-17 01:18:14.228875+00:00
3,1922670479434760432:0,negative,2026-09-17 01:18:32.758167+00:00
3,1922670479434760432:1,negative,2026-09-17 01:18:39.067576+00:00
3,1922617424374845519:0,neutral,2026-09-17 01:18:47.086011+00:00
3,1922319971373228206:0,neutral,2026-09-17 01:19:09.044431+00:00
3,1921804352953405593:0,positive,2026-09-17 01:19:18.647963+00:00
3,1921606226971906369:0,neutral,2026-09-17 01:19:27.366950+00:00
3,1921066262857125985:0,positive,2026-09-17 01:19:41.778781+00:00
3,1920351095823499280:0,negative,2026-09-17 01:19:58.451177+00:00
3,1920006356842827853:0,neutral,2026-09-17 01:20:11.275163+00:00
3,1919977824129089791:0,neutral,2026-09-17 01:20:20.560986+00:00
3,1919977824129089791:1,neutral,2026-09-17 01:20:25.409202+00:00
3,1919556438814556283:0,positive,2026-09-17 01:20:31.506038+00:00
3,1919556438814556283:1,neutral,2026-09-17 01:20:54.603564+00:00
3,1918665197683667041:0,neutral,2026-09-17 01:21:01.772951+00:00
3,1918622100559962533:0,neutral,2026-09-17 01:21:15.345590+00:00
3,1918300886666747966:0,neutral,2026-09-17 01:21:37.092969+00:00
3,1918299937525416230:0,neutral,2026-09-17 01:21:52.952949+00:00
3,1918170963079819707:0,neutral,2026-09-17 01:22:10.784258+00:00
3,1917927971115188365:0,neutral,2026-09-17 01:22:43.920092+00:00
3,1917771352884535522:0,strongly_positive,2026-09-17 01:22:48.608440+00:00
3,1917611373061890101:0,strongly_positive,2026-09-17 01:22:52.794977+00:00
3,1917611373061890101:1,positive,2026-09-17 01:22:57.512656+00:00
3,1917583709697630532:0,negative,2026-09-17 01:23:16.389978+00:00
3,1916895380144603442:0,neutral,2026-09-17 01:23:33.492677+00:00
3,1916894407703605457:0,neutral,2026-09-17 01:23:46.938633+00:00
3,1916893757682884928:0,neutral,2026-09-17 01:23:51.441318+00:00
3,1916291894528905683:0,neutral,2026-09-17 01:23:55.863610+00:00
3,1915608699483344926:0,negative,2026-09-17 01:24:10.531708+00:00
3,1915381396329423180:0,negative,2026-09-17 01:24:21.561532+00:00
3,1915214709487284302:0,neutral,2026-09-17 01:24:52.399342+00:00
3,1914322120093712633:0,negative,2026-09-17 01:25:05.833136+00:00
3,1914173303880573019:0,positive,2026-09-17 01:25:25.929110+00:00
3,1913978427759345758:0,negative,2026-09-17 01:25:35.447618+00:00
3,1913978427759345758:1,negative,2026-09-17 01:25:50.948061+00:00
3,1913787282391187956:0,positive,2026-09-17 01:26:03.243466+00:00
3,1912738771713609884:0,neutral,2026-09-17 01:26:20.132587+00:00
3,1912738771713609884:1,neutral,2026-09-17 01:26:24.242372+00:00
3,1912738771713609884:2,dont_know,2026-09-17 01:26:29.515580+00:00
3,1911476781372031435:0,strongly_positive,2026-09-17 01:26:34.986923+00:00
3,1910179252659462564:0,neutral,2026-09-17 01:26:49.124367+00:00
3,1909875302848676274:0,neutral,2026-09-17 01:27:04.916641+00:00
3,1908552165053915289:0,neutral,2026-09-17 01:27:14.751883+00:00
3,1908391999712936239:0,neutral,2026-09-17 01:27:21.015411+00:00
3,1908391999712936239:1,negative,2026-09-17 01:28:03.333398+00:00
3,1908023675648925820:0,neutral,2026-09-17 01:28:17.035577+00:00
3,1907643989257290190:0,negative,2026-09-17 01:28:42.210403+00:00
3,1907473090843685063:0,neutral,2026-09-17 01:28:48.636874+00:00
3,1906570419823673399:0,strongly_positive,2026-09-17 01:28:54.818322+00:00
3,1905976957499785326:0,positive,2026-09-17 01:29:02.109709+00:00
3,1905959568464900105:0,neutral,2026-09-17 01:29:21.757281+00:00
3,1905519915353911650:0,positive,2026-09-17 01:29:37.062135+00:00
3,1905519915353911650:1,neutral,2026-09-17 01:29:50.390078+00:00
3,1905252825203876244:0,neutral,2026-09-17 01:29:55.865468+00:00
3,1904885294299570443:0,positive,2026-09-17 01:30:03.281148+00:00
3,1903447461462733143:0,neutral,2026-09-17 01:30:07.952478+00:00
3,1903447155219763695:0,neutral,2026-09-17 01:30:13.086538+00:00
3,1902906689659212107:0,neutral,2026-09-17 01:30:24.139755+00:00
3,1902692553671209276:0,neutral,2026-09-17 01:30:33.267557+00:00
3,1902393632965194193:0,neutral,2026-09-17 01:30:42.571966+00:00
3,1902390155534881006:0,neutral,2026-09-17 01:30:51.272584+00:00
3,1902389620379414744:0,neutral,2026-09-17 01:30:56.742950+00:00
3,1901689944353243347:0,negative,2026-09-17 01:31:16.754005+00:00
3,1900712590072049740:0,neutral,2026-09-17 01:31:25.940526+00:00
3,1900547929477464371:0,positive,2026-09-17 01:31:38.437912+00:00
3,1900535688996814904:0,neutral,2026-09-17 01:32:22.238659+00:00
3,1900535688996814904:1,negative,2026-09-17 01:32:24.145668+00:00
3,1900535688996814904:2,negative,2026-09-17 01:32:26.103721+00:00
3,1900204215911473660:0,negative,2026-09-17 01:32:37.813922+00:00
3,1899871172902477908:0,negative,2026-09-17 01:32:50.076735+00:00
3,1899635335526863118:0,positive,2026-09-17 01:32:54.260229+00:00
3,1898911873430638774:0,positive,2026-09-17 01:33:02.356399+00:00
3,1898911873430638774:1,neutral,2026-09-17 01:33:13.890048+00:00
3,1898777094693552201:0,dont_know,2026-09-17 01:33:31.734768+00:00
3,1898425405805355369:1,neutral,2026-09-17 01:33:38.117158+00:00
3,1898425405805355369:2,neutral,2026-09-17 01:33:43.486275+00:00
3,1898425405805355369:3,neutral,2026-09-17 01:33:49.230811+00:00
3,1898425405805355369:4,neutral,2026-09-17 01:33:56.283261+00:00
3,1898380945759305890:0,neutral,2026-09-17 01:34:04.984124+00:00
3,1898183136464584954:0,positive,2026-09-17 01:34:07.794071+00:00
3,1898182623836737753:0,strongly_positive,2026-09-17 01:34:10.471668+00:00
3,1898065732984049799:0,positive,2026-09-17 01:34:17.607664+00:00
3,1898065732984049799:1,positive,2026-09-17 01:34:31.357238+00:00
3,1897720212176175148:0,neutral,2026-09-17 01:34:46.497676+00:00
3,1897720212176175148:1,dont_know,2026-09-17 01:34:50.688313+00:00
3,1897099638664257847:0,neutral,2026-09-17 01:35:04.950978+00:00
3,1896256420699643984:0,positive,2026-09-17 01:35:20.618470+00:00
3,1895874553093767354:0,positive,2026-09-17 01:35:32.523759+00:00
3,1895874553093767354:1,positive,2026-09-17 01:35:40.180283+00:00
3,1895670761945514002:0,positive,2026-09-17 01:35:48.165885+00:00
3,1895670761945514002:1,neutral,2026-09-17 01:35:53.974830+00:00
3,1895655859755368625:0,positive,2026-09-17 01:36:01.016063+00:00
3,1895655859755368625:1,positive,2026-09-17 01:36:07.652135+00:00
3,1895401615819194856:0,neutral,2026-09-17 01:36:22.891171+00:00
3,1895340982704673008:0,neutral,2026-09-17 01:36:30.055341+00:00
3,1894920400179810336:0,positive,2026-09-17 01:36:46.702159+00:00
3,1894920400179810336:1,neutral,2026-09-17 01:37:35.824268+00:00
3,1894696324056158465:0,positive,2026-09-17 01:37:47.770041+00:00
3,1894376452180906283:0,neutral,2026-09-17 01:37:56.490039+00:00
3,1893978718819021134:0,positive,2026-09-17 01:38:03.812344+00:00
3,1893676288151293987:0,positive,2026-09-17 01:38:16.385763+00:00
3,1892618951642763315:0,positive,2026-09-17 01:38:28.852836+00:00
3,1892442127428092016:0,neutral,2026-09-17 01:38:34.541882+00:00
3,1892178845958312397:0,neutral,2026-09-17 01:38:51.019183+00:00
3,1890943809334182308:0,neutral,2026-09-17 01:39:06.591126+00:00
3,1890805172852683230:0,positive,2026-09-17 01:39:20.064794+00:00
3,1890755301231501695:0,neutral,2026-09-17 01:39:33.967068+00:00
3,1890077959954002281:0,neutral,2026-09-17 01:39:53.748054+00:00
3,1889966609646956745:0,neutral,2026-09-17 01:40:05.951819+00:00
3,1889863789539107153:1,positive,2026-09-17 01:40:26.559290+00:00
3,1889863789539107153:2,positive,2026-09-17 01:40:42.706443+00:00
3,1889809326484889932:0,neutral,2026-09-17 01:40:56.886857+00:00
3,1889809088781099474:0,neutral,2026-09-17 01:41:10.760590+00:00
3,1889634959322685616:0,neutral,2026-09-17 01:41:15.851939+00:00
3,1889474489953689769:0,dont_know,2026-09-17 01:41:25.234401+00:00
3,1889253838768722190:0,negative,2026-09-17 01:41:32.892986+00:00
3,1889253838768722190:1,neutral,2026-09-17 01:41:45.334032+00:00
3,1889252993658478816:0,neutral,2026-09-17 01:41:51.454324+00:00
3,1889252993658478816:1,positive,2026-09-17 01:42:01.627905+00:00
3,1889213660096262546:0,neutral,2026-09-17 01:42:17.414818+00:00
3,1889112378794787080:0,neutral,2026-09-17 01:42:21.618470+00:00
3,1889020359573463541:0,neutral,2026-09-17 01:42:26.933107+00:00
3,1888822897923547558:0,neutral,2026-09-17 01:42:36.825894+00:00
3,1888462004392010028:0,neutral,2026-09-17 01:42:42.334309+00:00
3,1888410303727366250:0,positive,2026-09-17 01:42:50.533140+00:00
3,1887159435661115484:0,neutral,2026-09-17 01:43:30.230652+00:00
3,1886581078070321320:0,neutral,2026-09-17 01:43:41.975835+00:00
3,1886581078070321320:1,dont_know,2026-09-17 01:43:45.624118+00:00
3,1886406587109310745:0,neutral,2026-09-17 01:43:50.870789+00:00
3,1886402994964459788:0,neutral,2026-09-17 01:43:57.030925+00:00
3,1886392808266973297:0,neutral,2026-09-17 01:44:17.663917+00:00
3,1885583695844958662:0,neutral,2026-09-17 01:44:55.208983+00:00
3,1885583695844958662:1,neutral,2026-09-17 01:45:04.023205+00:00
3,1885583695844958662:2,neutral,2026-09-17 01:45:15.449831+00:00
3,1885583685493416144:0,neutral,2026-09-17 01:45:40.628061+00:00
3,1885583685493416144:1,neutral,2026-09-17 01:45:46.103856+00:00
3,1885583685493416144:2,neutral,2026-09-17 01:46:15.465833+00:00
3,1884636872590430612:0,neutral,2026-09-17 01:46:28.292077+00:00
3,1884588025109442942:0,neutral,2026-09-17 01:46:32.749111+00:00
3,1882005557709848976:0,neutral,2026-09-17 01:46:40.543166+00:00
3,1881742169649946639:0,neutral,2026-09-17 01:46:47.951916+00:00
3,1880269428581101748:0,neutral,2026-09-17 01:47:07.715188+00:00
3,2092483610343518419:0,neutral,2026-09-17 01:47:15.807533+00:00
3,2092483610343518419:1,positive,2026-09-17 01:47:31.525703+00:00
3,2092483610343518419:2,neutral,2026-09-17 01:47:40.135248+00:00
3,2088274742331761087:0,neutral,2026-09-17 01:47:54.492961+00:00
3,2082053958261240146:0,negative,2026-09-17 01:48:08.269909+00:00
3,2043879871290716292:0,strongly_positive,2026-09-17 01:48:11.655703+00:00
3,2037433214042853743:0,strongly_positive,2026-09-17 01:48:15.891061+00:00
3,2037433214042853743:1,strongly_positive,2026-09-17 01:48:18.994296+00:00
3,2032319538227019872:0,negative,2026-09-17 01:48:40.195221+00:00
3,2032319538227019872:1,positive,2026-09-17 01:48:43.832070+00:00
3,2028291264031158513:0,strongly_positive,2026-09-17 01:48:48.024709+00:00
3,2027766527190249905:0,positive,2026-09-17 01:49:05.578110+00:00
3,1641447609083756544:0,positive,2026-09-18 11:11:33.480191+00:00
3,2025751001790373919:0,negative,2026-09-17 01:49:17.185329+00:00
3,2024336836890681391:0,positive,2026-09-17 01:49:27.978671+00:00
3,2024336836890681391:1,strongly_positive,2026-09-17 01:49:31.048756+00:00
3,2023976212490514782:0,strongly_positive,2026-09-17 01:49:34.168773+00:00
3,2022857338668138605:0,strongly_positive,2026-09-17 01:49:38.249090+00:00
3,2020055249088577898:0,negative,2026-09-17 01:49:42.722863+00:00
3,2020055249088577898:1,negative,2026-09-17 01:49:46.592009+00:00
3,2020055249088577898:2,positive,2026-09-17 01:49:50.004484+00:00
3,2020016812109467887:0,negative,2026-09-17 01:49:55.163555+00:00
3,2020016812109467887:1,negative,2026-09-17 01:50:00.789274+00:00
3,2020016812109467887:2,negative,2026-09-17 01:50:05.159294+00:00
3,2019441583104372930:0,negative,2026-09-17 01:50:09.723276+00:00
3,2019441583104372930:1,negative,2026-09-17 01:50:15.166266+00:00
3,2019441583104372930:2,positive,2026-09-17 01:50:30.652788+00:00
3,2019435453196431444:0,negative,2026-09-17 01:50:39.762034+00:00
3,2019435453196431444:1,negative,2026-09-17 01:50:43.020339+00:00
3,2013068742515712049:0,strongly_positive,2026-09-17 01:50:46.353110+00:00
3,2011627372722995367:0,strongly_positive,2026-09-17 01:50:48.800532+00:00
3,2011472361594482961:0,negative,2026-09-17 01:50:52.398400+00:00
3,2011472361594482961:1,negative,2026-09-17 01:50:58.158781+00:00
3,2011472361594482961:2,negative,2026-09-17 01:51:02.510683+00:00
3,2004034933673914413:0,strongly_positive,2026-09-17 01:51:05.307024+00:00
3,2000804302999446000:0,negative,2026-09-17 01:51:14.000672+00:00
3,2000804302999446000:1,negative,2026-09-17 01:51:16.795258+00:00
3,2000804302999446000:2,positive,2026-09-17 01:51:21.452464+00:00
3,1996443527845454236:0,strongly_positive,2026-09-17 01:51:24.568693+00:00
3,1982663316930707730:0,strongly_positive,2026-09-17 01:51:27.074693+00:00
3,1981187504402551250:0,strongly_positive,2026-09-17 01:51:50.997425+00:00
3,1980803214053376100:1,strongly_positive,2026-09-17 01:51:53.994299+00:00
3,1980258539034824868:0,strongly_positive,2026-09-17 01:51:56.546628+00:00
3,1972513775728435545:0,strongly_positive,2026-09-17 01:51:58.906733+00:00
3,1969976617603903535:0,strongly_positive,2026-09-17 01:52:01.742006+00:00
3,1968877388562833428:1,neutral,2026-09-17 01:52:13.620129+00:00
3,1964266066005156296:0,neutral,2026-09-17 01:52:27.262751+00:00
3,1963570971664670800:0,neutral,2026-09-17 01:52:31.341925+00:00
3,1963521233011806492:0,strongly_positive,2026-09-17 01:52:35.427059+00:00
3,1961964415143829748:0,strongly_positive,2026-09-17 01:52:37.759446+00:00
3,1961455358620438564:0,neutral,2026-09-17 01:52:42.193615+00:00
3,1960166465694470402:0,strongly_positive,2026-09-17 01:52:44.501188+00:00
3,1958855477351293416:0,neutral,2026-09-17 02:27:28.381187+00:00
3,1958123720410907005:0,neutral,2026-09-17 02:27:42.153076+00:00
3,1957402756182094261:0,neutral,2026-09-17 02:28:26.662951+00:00
3,1956560289039860196:0,strongly_positive,2026-09-17 02:28:29.587722+00:00
3,1956230640078348651:0,neutral,2026-09-17 02:29:15.166994+00:00
3,1955861587824402757:0,neutral,2026-09-17 02:29:28.634022+00:00
3,1955196775427609079:0,neutral,2026-09-17 02:29:40.168494+00:00
3,1955196775427609079:1,positive,2026-09-17 02:29:43.605121+00:00
3,1953994659501686969:0,strongly_positive,2026-09-17 02:29:46.294269+00:00
3,1950021566391341104:0,strongly_positive,2026-09-17 02:29:48.796890+00:00
3,1949050865987572129:0,negative,2026-09-17 02:29:52.511125+00:00
3,1949050865987572129:1,negative,2026-09-17 02:29:54.947741+00:00
3,1949050865987572129:2,negative,2026-09-17 02:30:05.575328+00:00
3,1944261412584665247:0,negative,2026-09-17 02:30:11.468213+00:00
3,1944261412584665247:1,negative,2026-09-17 02:30:16.357745+00:00
3,1942463943768695152:0,negative,2026-09-17 02:30:19.540355+00:00
3,1942463943768695152:1,positive,2026-09-17 02:30:35.884370+00:00
3,1942463943768695152:2,positive,2026-09-17 02:30:44.426001+00:00
3,1939146342686720048:0,strongly_positive,2026-09-17 02:30:50.105454+00:00
3,1931152136345387025:0,strongly_positive,2026-09-17 02:30:52.530892+00:00
3,1927903363053584610:0,strongly_positive,2026-09-17 02:30:55.273288+00:00
3,1921746817466667406:0,strongly_positive,2026-09-17 02:30:57.533946+00:00
3,1919949516939108545:0,negative,2026-09-17 02:31:01.267979+00:00
3,1919949516939108545:1,negative,2026-09-17 02:31:12.873233+00:00
3,1917755549372015013:0,strongly_positive,2026-09-17 02:31:15.802800+00:00
3,1915980909742002289:0,negative,2026-09-17 02:31:20.030456+00:00
3,1915980909742002289:1,negative,2026-09-17 02:31:23.547718+00:00
3,1915238613052514709:0,strongly_positive,2026-09-17 02:31:26.938398+00:00
3,1911587392852467758:0,strongly_positive,2026-09-17 02:31:30.852091+00:00
3,1908398751342797002:0,strongly_positive,2026-09-17 02:31:34.700393+00:00
3,1906533279605379125:0,strongly_positive,2026-09-17 02:31:37.034030+00:00
3,1905867815246004623:0,neutral,2026-09-17 02:31:56.043134+00:00
3,1900419063828144149:0,negative,2026-09-17 02:32:04.647861+00:00
3,1900419063828144149:1,negative,2026-09-17 02:32:30.231711+00:00
3,1900419063828144149:2,positive,2026-09-17 02:32:37.615846+00:00
3,1899998083385364889:0,strongly_positive,2026-09-17 02:32:40.260201+00:00
3,1898984952114405583:0,neutral,2026-09-17 02:32:49.141569+00:00
3,1898984952114405583:1,strongly_positive,2026-09-17 02:32:51.975245+00:00
3,1898220005407232509:0,strongly_positive,2026-09-17 02:32:54.259256+00:00
3,1897966731060297821:0,neutral,2026-09-17 02:33:27.466069+00:00
3,1897924168622260318:0,neutral,2026-09-17 02:33:39.387167+00:00
3,1897924168622260318:1,positive,2026-09-17 02:33:52.572408+00:00
3,1895299064025276925:0,strongly_positive,2026-09-17 02:33:55.351952+00:00
3,1894567420435861669:0,strongly_positive,2026-09-17 02:33:57.453046+00:00
3,1892030219550138731:0,strongly_positive,2026-09-17 02:33:59.730528+00:00
3,1888142321717559602:0,neutral,2026-09-17 02:34:04.279493+00:00
3,1886654492172497253:0,neutral,2026-09-17 02:34:14.737043+00:00
3,1886316707935056267:0,neutral,2026-09-17 02:34:34.103269+00:00
3,1886254793347182754:0,strongly_positive,2026-09-17 02:34:36.988792+00:00
3,1885967582370664936:0,neutral,2026-09-17 02:34:41.491660+00:00
3,1884799159389298730:0,strongly_positive,2026-09-17 02:34:43.799184+00:00
3,1884414516559241516:0,strongly_positive,2026-09-17 02:35:02.811217+00:00
3,1878976961596592173:0,strongly_positive,2026-09-17 02:35:11.075933+00:00
3,1874295938669531471:0,strongly_positive,2026-09-17 02:35:13.557646+00:00
3,1873572803880046781:0,strongly_positive,2026-09-17 02:35:16.181864+00:00
3,1871768365020422473:0,strongly_positive,2026-09-17 02:35:20.232993+00:00
3,1868559866798981591:0,negative,2026-09-17 02:35:24.019458+00:00
3,1868559866798981591:1,positive,2026-09-17 02:35:31.015451+00:00
3,1868559866798981591:2,positive,2026-09-17 02:39:14.231186+00:00
3,1868115966972035074:0,strongly_positive,2026-09-17 02:39:18.488134+00:00
3,1865266089674129492:0,neutral,2026-09-17 02:39:22.885010+00:00
3,1860973422203031699:0,neutral,2026-09-17 02:39:36.185643+00:00
3,1860973422203031699:1,positive,2026-09-17 02:39:41.453798+00:00
3,1858103074734411926:0,negative,2026-09-17 02:39:45.266306+00:00
3,1858103074734411926:1,positive,2026-09-17 02:39:49.157968+00:00
3,1858103074734411926:2,negative,2026-09-17 02:39:52.799334+00:00
3,1857344478492995887:0,neutral,2026-09-17 02:40:02.119892+00:00
3,1857283224684175675:0,neutral,2026-09-17 02:40:12.956400+00:00
3,1857266754004652235:0,neutral,2026-09-17 02:40:16.485796+00:00
3,1857015039544189101:0,neutral,2026-09-17 02:40:28.861265+00:00
3,1856982225545203874:0,neutral,2026-09-17 02:40:34.346792+00:00
3,1856919702477345092:0,neutral,2026-09-17 02:40:37.690790+00:00
3,1856919702477345092:1,neutral,2026-09-17 02:40:42.398409+00:00
3,1856916183980654683:0,negative,2026-09-17 02:40:48.271309+00:00
3,1856916183980654683:1,negative,2026-09-17 02:40:56.447688+00:00
3,1856708870212653503:0,strongly_positive,2026-09-17 02:40:59.121021+00:00
3,1856641495249428664:0,positive,2026-09-17 02:41:14.666180+00:00
3,1854376682104520822:0,strongly_positive,2026-09-17 02:41:17.844088+00:00
3,1852901029454459209:0,strongly_positive,2026-09-17 02:41:25.305494+00:00
3,1844887280726515974:0,strongly_positive,2026-09-17 02:41:31.003855+00:00
3,1841658712357806136:0,strongly_positive,2026-09-17 02:41:34.563350+00:00
3,1832717239897973107:0,neutral,2026-09-17 02:41:52.204030+00:00
3,1831864582304100745:0,strongly_positive,2026-09-17 02:42:01.741536+00:00
3,1827904383398404342:0,strongly_positive,2026-09-17 02:42:04.423734+00:00
3,1825364965529640978:0,strongly_positive,2026-09-17 02:42:06.865809+00:00
3,1816715715073757359:0,negative,2026-09-17 02:42:09.616112+00:00
3,1816715715073757359:1,negative,2026-09-17 02:42:12.757256+00:00
3,1816022814559985808:0,negative,2026-09-17 02:42:16.315825+00:00
3,1816022814559985808:1,negative,2026-09-17 02:42:18.645982+00:00
3,1816022814559985808:2,positive,2026-09-17 02:42:26.196487+00:00
3,1805509668498031076:0,neutral,2026-09-17 02:42:41.455194+00:00
3,1802536566134640911:0,strongly_positive,2026-09-17 02:42:45.320460+00:00
3,1798000263024058431:0,strongly_positive,2026-09-17 02:42:48.365283+00:00
3,1795266006136627511:0,positive,2026-09-17 02:42:59.802409+00:00
3,1795266006136627511:1,strongly_positive,2026-09-17 02:43:02.622717+00:00
3,1792949269030416615:0,negative,2026-09-17 02:43:17.529365+00:00
3,1792949269030416615:1,negative,2026-09-17 02:43:22.499209+00:00
3,1786263404505948461:0,strongly_positive,2026-09-17 02:43:24.952206+00:00
3,1778944366096404948:0,strongly_positive,2026-09-17 02:43:28.532996+00:00
3,1778723089414807733:0,negative,2026-09-17 02:43:31.696299+00:00
3,1778723089414807733:1,negative,2026-09-17 02:43:34.395564+00:00
3,1778257503039742072:0,strongly_positive,2026-09-17 02:43:36.781880+00:00
3,1777986151779115372:0,neutral,2026-09-17 02:43:48.726840+00:00
3,1777937200249983266:0,neutral,2026-09-17 02:46:55.945304+00:00
3,1774372263821037636:0,neutral,2026-09-17 02:47:13.856854+00:00
3,1773602011063198007:0,neutral,2026-09-17 02:47:24.031582+00:00
3,1771711425213300832:0,strongly_positive,2026-09-17 02:47:27.120204+00:00
3,1767047312407503047:0,strongly_positive,2026-09-17 02:47:30.917859+00:00
3,1765909044550938807:0,strongly_positive,2026-09-17 02:47:33.816078+00:00
3,1759522278059188394:0,neutral,2026-09-17 02:47:55.722581+00:00
3,1759421538875695494:0,strongly_positive,2026-09-17 02:48:00.275132+00:00
3,1759393961121341931:0,positive,2026-09-17 02:48:08.385137+00:00
3,1758015569339793838:0,negative,2026-09-17 02:48:13.286335+00:00
3,1758015569339793838:1,positive,2026-09-17 02:48:26.796654+00:00
3,1757594661143646261:0,strongly_positive,2026-09-17 02:48:29.879289+00:00
3,1756132871146791151:0,strongly_positive,2026-09-17 02:48:32.452556+00:00
3,1754675214984905141:0,negative,2026-09-17 02:48:36.400874+00:00
3,1754675214984905141:1,negative,2026-09-17 02:48:40.256644+00:00
3,1752141117024280845:0,positive,2026-09-17 02:48:46.202913+00:00
3,1750060881181118468:0,neutral,2026-09-17 02:48:49.643653+00:00
3,1749688903052005580:0,neutral,2026-09-17 02:48:52.242475+00:00
3,1746720029675282505:0,strongly_positive,2026-09-17 02:48:54.787048+00:00
3,1745651509185106025:0,strongly_positive,2026-09-17 02:48:57.154990+00:00
3,1741738255555694788:0,neutral,2026-09-17 02:49:04.221651+00:00
3,1741302041559884218:0,strongly_positive,2026-09-17 02:49:11.340086+00:00
3,1739499166991323455:0,strongly_positive,2026-09-17 02:49:15.834810+00:00
3,1739111388797358299:0,strongly_positive,2026-09-17 02:49:22.250543+00:00
3,1738844304632860719:0,neutral,2026-09-17 02:49:35.187409+00:00
3,1731124830898884667:0,strongly_positive,2026-09-17 02:49:39.392969+00:00
3,1726041683081760942:0,strongly_positive,2026-09-17 02:49:43.669706+00:00
3,1724335244630012026:0,strongly_positive,2026-09-17 02:49:46.664858+00:00
3,1723708651243008200:0,strongly_positive,2026-09-17 02:49:51.340843+00:00
3,1723147925784776870:0,strongly_positive,2026-09-17 02:49:54.736620+00:00
3,1720606682366022033:0,negative,2026-09-17 02:49:57.973402+00:00
3,1720606682366022033:1,positive,2026-09-17 02:50:01.671646+00:00
3,1720606682366022033:2,positive,2026-09-17 02:50:07.385797+00:00
3,1720370094402834901:0,strongly_positive,2026-09-17 02:50:10.117759+00:00
3,1716612986620821820:0,strongly_positive,2026-09-17 02:50:13.837162+00:00
3,1715677693344469044:0,strongly_positive,2026-09-17 02:50:16.470824+00:00
3,1713383594473975812:0,strongly_positive,2026-09-17 02:50:19.349547+00:00
3,1710975042266493105:0,positive,2026-09-17 02:50:33.118796+00:00
3,1709523672946688034:0,negative,2026-09-17 02:50:46.337681+00:00
3,1707257150802722875:0,strongly_positive,2026-09-17 02:50:49.043544+00:00
3,1704305720827781368:0,strongly_positive,2026-09-17 02:50:51.906394+00:00
3,1703985482064155015:0,positive,2026-09-17 02:50:56.017861+00:00
3,1703600469921149404:0,strongly_positive,2026-09-17 02:50:59.105674+00:00
3,1701390964060000719:0,negative,2026-09-17 02:51:03.250619+00:00
3,1701390964060000719:1,negative,2026-09-17 02:51:10.852020+00:00
3,1697109846472917446:0,strongly_positive,2026-09-17 02:51:13.225104+00:00
3,1695410531849347111:0,negative,2026-09-17 02:51:28.405172+00:00
3,1694551044058185975:0,strongly_positive,2026-09-17 02:51:33.365186+00:00
3,1694357023121694975:0,negative,2026-09-17 02:51:44.642439+00:00
3,1693473262347653283:0,strongly_positive,2026-09-17 02:51:47.038576+00:00
3,1682581345070112768:0,positive,2026-09-17 02:51:50.307011+00:00
3,1679010862823280642:0,negative,2026-09-17 02:52:00.149103+00:00
3,1679010862823280642:1,negative,2026-09-17 02:52:03.210976+00:00
3,1678727835744374784:0,negative,2026-09-17 02:52:06.312146+00:00
3,1678727835744374784:1,negative,2026-09-17 02:52:09.071960+00:00
3,1674673499523416065:0,strongly_positive,2026-09-17 02:52:11.341597+00:00
3,1674219217254776832:0,strongly_positive,2026-09-17 02:52:13.833338+00:00
3,1672469698183835649:0,negative,2026-09-17 02:52:16.702742+00:00
3,1672469698183835649:1,negative,2026-09-17 02:52:20.537284+00:00
3,1671169148834177027:0,negative,2026-09-17 02:52:30.565112+00:00
3,1663495358578847746:0,negative,2026-09-17 02:52:41.205886+00:00
3,1663495358578847746:1,negative,2026-09-17 02:52:44.613664+00:00
3,1635594042556964864:0,negative,2026-09-18 11:12:51.337507+00:00
3,1635594042556964864:1,negative,2026-09-18 11:16:29.305568+00:00
3,1663017582587428866:0,strongly_positive,2026-09-17 02:52:51.995164+00:00
3,1656934843245289472:0,negative,2026-09-17 02:52:59.352602+00:00
3,1656934843245289472:1,positive,2026-09-17 02:53:05.215904+00:00
3,1656934843245289472:2,negative,2026-09-17 02:53:08.062479+00:00
3,1654294529326080000:0,strongly_positive,2026-09-17 02:53:10.372122+00:00
3,1653284923749568512:0,strongly_positive,2026-09-17 02:53:13.558785+00:00
3,1653284923749568512:1,strongly_positive,2026-09-17 02:53:16.018968+00:00
3,1650362396962332672:0,strongly_positive,2026-09-17 02:53:18.111479+00:00
3,1649630059752464384:0,strongly_positive,2026-09-17 02:53:25.045997+00:00
3,1648644397443973121:0,neutral,2026-09-17 02:53:28.584714+00:00
3,1647780403779096576:0,negative,2026-09-17 02:53:56.710240+00:00
3,1646688353197363204:0,strongly_positive,2026-09-17 02:53:59.729284+00:00
3,1641621860449411073:0,strongly_positive,2026-09-17 02:54:02.494908+00:00
3,1640951030308536320:0,strongly_positive,2026-09-17 02:54:04.776954+00:00
3,1636348644491427847:0,strongly_positive,2026-09-17 02:54:08.909310+00:00
3,1636230411314446336:0,strongly_positive,2026-09-17 02:54:21.872816+00:00
3,1634883639422119940:0,strongly_positive,2026-09-17 02:54:31.485809+00:00
3,1633787204987420673:0,strongly_positive,2026-09-17 02:55:02.622905+00:00
3,1633266990923014147:0,strongly_positive,2026-09-17 02:55:31.435989+00:00
3,1632553056062812160:0,strongly_positive,2026-09-17 02:55:36.268702+00:00
3,1631282836987838464:0,strongly_positive,2026-09-17 02:55:41.968267+00:00
3,1630784638057844736:0,positive,2026-09-17 02:55:45.379033+00:00
3,1627854915078082561:0,strongly_positive,2026-09-17 02:55:49.154346+00:00
3,1627112304952377346:0,strongly_positive,2026-09-17 02:55:53.906666+00:00
3,1626748402804592641:0,strongly_positive,2026-09-17 02:55:58.545639+00:00
3,1624990258025861120:0,negative,2026-09-17 02:56:02.541856+00:00
3,1623962322409775105:0,negative,2026-09-17 02:56:05.883040+00:00
3,1623962322409775105:1,negative,2026-09-17 02:56:08.512566+00:00
3,1622088139828256770:0,negative,2026-09-17 02:56:11.554732+00:00
3,1622088139828256770:1,negative,2026-09-17 02:56:14.535872+00:00
3,1619896965978009600:0,negative,2026-09-17 02:56:17.075221+00:00
3,1618420952030924801:0,strongly_positive,2026-09-17 02:56:19.484376+00:00
3,1616998587342393348:0,strongly_positive,2026-09-17 02:56:21.630615+00:00
3,1614513593239875585:0,negative,2026-09-17 02:59:37.025999+00:00
3,1614513593239875585:1,positive,2026-09-17 02:59:42.347116+00:00
3,1614475297445023744:0,strongly_positive,2026-09-17 02:59:47.456257+00:00
3,1613109769002442752:0,strongly_positive,2026-09-17 03:05:33.528340+00:00
3,1611652555888816129:0,negative,2026-09-17 03:06:48.576797+00:00
3,1611652555888816129:1,negative,2026-09-17 03:07:56.689487+00:00
3,1609817786385330178:0,negative,2026-09-17 03:08:33.254673+00:00
3,1609199366157533185:0,strongly_positive,2026-09-17 03:08:50.219481+00:00
3,1608674570378317825:0,strongly_positive,2026-09-17 03:08:55.592794+00:00
3,1607331795581960192:0,strongly_positive,2026-09-17 03:09:02.453559+00:00
3,1606890160377204738:0,negative,2026-09-17 03:09:06.406866+00:00
3,1606890160377204738:1,negative,2026-09-17 03:09:11.307794+00:00
3,1606849069166768129:0,strongly_positive,2026-09-17 03:09:15.169681+00:00
3,1603251377312239617:0,negative,2026-09-17 03:09:22.014877+00:00
3,1603251377312239617:1,negative,2026-09-17 03:09:26.976902+00:00
3,1603251377312239617:2,positive,2026-09-17 03:09:32.612803+00:00
3,1602888218906615808:0,negative,2026-09-17 03:09:36.496860+00:00
3,1602888218906615808:1,negative,2026-09-17 03:09:40.208028+00:00
3,1602888218906615808:2,neutral,2026-09-17 03:09:55.877234+00:00
3,1601027223909457920:0,strongly_positive,2026-09-17 03:10:00.805486+00:00
3,1600803867880742912:0,neutral,2026-09-17 03:10:04.439819+00:00
3,1600712231292784640:0,strongly_positive,2026-09-17 03:10:08.500905+00:00
3,1599282406934351873:0,strongly_positive,2026-09-17 03:10:11.361455+00:00
3,1599224386573455360:0,strongly_positive,2026-09-17 03:10:16.004000+00:00
3,1598996596011958272:0,strongly_positive,2026-09-17 03:10:19.378034+00:00
3,1598994326503460864:0,strongly_positive,2026-09-17 03:10:22.544991+00:00
3,1598979870604025857:0,strongly_positive,2026-09-17 03:10:25.138265+00:00
3,1598977010315194368:0,strongly_positive,2026-09-17 03:10:28.248449+00:00
3,1598973265997082625:0,strongly_positive,2026-09-17 03:10:30.464804+00:00
3,1598946571865194496:0,strongly_positive,2026-09-17 03:10:32.716541+00:00
3,1598925225504440320:0,strongly_positive,2026-09-17 03:10:35.521982+00:00
3,1598923159314796544:0,strongly_positive,2026-09-17 03:10:37.577793+00:00
3,1598922058091859968:0,strongly_positive,2026-09-17 03:10:39.458298+00:00
3,1598713987486875648:0,strongly_positive,2026-09-17 03:10:41.673999+00:00
3,1598660127812636673:0,strongly_positive,2026-09-17 03:10:43.781909+00:00
3,1598656782943277056:0,strongly_positive,2026-09-17 03:10:45.991845+00:00
3,1598600666293088257:0,strongly_positive,2026-09-17 03:10:47.789959+00:00
3,1598595836472348672:0,strongly_positive,2026-09-17 03:10:50.952347+00:00
3,1598595030671065088:0,strongly_positive,2026-09-17 03:10:53.764469+00:00
3,1598246840646111233:0,strongly_positive,2026-09-17 03:10:56.293806+00:00
3,1598238658720845825:0,strongly_positive,2026-09-17 03:11:00.184118+00:00
3,1598198216075669516:0,strongly_positive,2026-09-17 03:11:03.180929+00:00
3,1598158240738861057:0,strongly_positive,2026-09-17 03:11:06.092832+00:00
3,1598148761645371392:0,strongly_positive,2026-09-17 03:11:09.911975+00:00
3,1598147353852416001:0,strongly_positive,2026-09-17 03:11:14.228969+00:00
3,1598137345907494914:0,strongly_positive,2026-09-17 03:11:16.579020+00:00
3,1597842604015898624:0,strongly_positive,2026-09-17 03:11:18.756944+00:00
3,1597837312062545920:0,strongly_positive,2026-09-17 03:11:21.685611+00:00
3,1597834934814900224:0,strongly_positive,2026-09-17 03:11:23.964368+00:00
3,1597831945249239042:0,strongly_positive,2026-09-17 03:11:26.124915+00:00
3,1597824262429380609:0,strongly_positive,2026-09-17 03:11:28.292085+00:00
3,1597574343797911552:0,strongly_positive,2026-09-17 03:11:30.576984+00:00
3,1597565032044584960:0,strongly_positive,2026-09-17 03:11:32.489408+00:00
3,1597526115622715392:0,strongly_positive,2026-09-17 03:11:34.291536+00:00
3,1597482964753207296:0,strongly_positive,2026-09-17 03:11:35.958844+00:00
3,1597476529914916864:0,strongly_positive,2026-09-17 03:11:37.711866+00:00
3,1597454497307316225:0,strongly_positive,2026-09-17 03:11:39.492458+00:00
3,1597442677142085632:0,strongly_positive,2026-09-17 03:11:41.391555+00:00
3,1597439163942727681:0,strongly_positive,2026-09-17 03:11:43.207800+00:00
3,1597436012472729600:0,strongly_positive,2026-09-17 03:11:44.938438+00:00
3,1597432373943365632:0,strongly_positive,2026-09-17 03:11:46.992323+00:00
3,1597429138457264130:0,strongly_positive,2026-09-17 03:11:48.991037+00:00
3,1597424017514049536:0,strongly_positive,2026-09-17 03:11:50.813476+00:00
3,1597422754751737856:0,strongly_positive,2026-09-17 03:11:52.495373+00:00
3,1597417640930480129:0,strongly_positive,2026-09-17 03:11:54.177780+00:00
3,1597416413207359489:0,strongly_positive,2026-09-17 03:11:55.946370+00:00
3,1597402146328043521:0,strongly_positive,2026-09-17 03:12:02.943720+00:00
3,1597399892795674624:0,strongly_positive,2026-09-17 03:12:05.605954+00:00
3,1597396933642842113:0,strongly_positive,2026-09-17 03:12:07.658920+00:00
3,1597263291692519425:0,strongly_positive,2026-09-17 03:12:09.820688+00:00
3,1597258012858908672:0,strongly_positive,2026-09-17 03:12:17.746004+00:00
3,1597253136653352960:0,strongly_positive,2026-09-17 03:12:21.598327+00:00
3,1597131616891305984:0,strongly_positive,2026-09-17 03:12:24.008786+00:00
3,1597128550066573313:0,strongly_positive,2026-09-17 03:12:26.180881+00:00
3,1597118820757667842:0,strongly_positive,2026-09-17 03:12:27.863834+00:00
3,1596862648247005184:0,strongly_positive,2026-09-17 03:12:29.594558+00:00
3,1596855170226618369:0,strongly_positive,2026-09-17 03:12:31.271244+00:00
3,1596852394004205569:0,strongly_positive,2026-09-17 03:12:37.298654+00:00
3,1596793935791558656:0,strongly_positive,2026-09-17 03:12:40.497330+00:00
3,1596784228020391937:0,strongly_positive,2026-09-17 03:12:43.108082+00:00
3,1596763310376255489:0,strongly_positive,2026-09-17 03:12:47.192905+00:00
3,1596447965593636864:0,strongly_positive,2026-09-17 03:12:50.204652+00:00
3,1596401581133828096:0,strongly_positive,2026-09-17 03:12:55.117717+00:00
3,1596395587280470017:0,strongly_positive,2026-09-17 03:12:57.454699+00:00
3,1596378399563747329:0,strongly_positive,2026-09-17 03:12:59.148657+00:00
3,1596359233553182720:0,strongly_positive,2026-09-17 03:13:00.857182+00:00
3,1596338583488827393:0,strongly_positive,2026-09-17 03:13:02.503712+00:00
3,1596333559060795395:0,strongly_positive,2026-09-17 03:13:04.121721+00:00
3,1596326247843647489:0,strongly_positive,2026-09-17 03:13:06.326921+00:00
3,1596324691052212226:0,strongly_positive,2026-09-17 03:13:08.477318+00:00
3,1596177868618625024:0,strongly_positive,2026-09-17 03:13:11.176287+00:00
3,1596081386552971265:0,strongly_positive,2026-09-17 03:13:13.669185+00:00
3,1596057542270275586:0,strongly_positive,2026-09-17 03:13:15.995958+00:00
3,1596035260265172994:0,strongly_positive,2026-09-17 03:13:19.005094+00:00
3,1596032817015984128:0,strongly_positive,2026-09-17 03:13:21.878825+00:00
3,1596028546023325697:0,strongly_positive,2026-09-17 03:13:23.695044+00:00
3,1596025525872758786:0,strongly_positive,2026-09-17 03:13:26.009118+00:00
3,1596021938455195648:0,strongly_positive,2026-09-17 03:13:28.596035+00:00
3,1596006837266309120:0,strongly_positive,2026-09-17 03:13:30.636998+00:00
3,1596005512730275842:0,strongly_positive,2026-09-17 03:13:32.569795+00:00
3,1595998216700723201:0,strongly_positive,2026-09-17 03:13:34.520048+00:00
3,1595986162187137024:0,strongly_positive,2026-09-17 03:13:36.406275+00:00
3,1595982459778502656:0,strongly_positive,2026-09-17 03:13:38.350166+00:00
3,1595980330615599105:0,strongly_positive,2026-09-17 03:13:40.259602+00:00
3,1595968088675340290:0,strongly_positive,2026-09-17 03:13:41.997711+00:00
3,1595821198654726145:0,strongly_positive,2026-09-17 03:13:43.819585+00:00
3,1595807287586983936:0,strongly_positive,2026-09-17 03:13:45.660957+00:00
3,1595803912514469888:0,strongly_positive,2026-09-17 03:13:47.451126+00:00
3,1595796675645575168:0,strongly_positive,2026-09-17 03:13:49.138044+00:00
3,1595783382247829505:0,strongly_positive,2026-09-17 03:13:50.812110+00:00
3,1595776353823264769:0,strongly_positive,2026-09-17 03:13:52.540727+00:00
3,1595748147640545281:0,strongly_positive,2026-09-17 03:13:54.141768+00:00
3,1595733602586996738:0,strongly_positive,2026-09-17 03:13:55.813062+00:00
3,1595724007738933252:0,strongly_positive,2026-09-17 03:13:57.484882+00:00
3,1595695233572171777:0,strongly_positive,2026-09-17 03:13:59.153158+00:00
3,1595682675289100288:0,strongly_positive,2026-09-17 03:14:00.796362+00:00
3,1595677114229231616:0,strongly_positive,2026-09-17 03:14:02.448717+00:00
3,1595673729014845441:0,strongly_positive,2026-09-17 03:14:04.097305+00:00
3,1595663570251190273:0,strongly_positive,2026-09-17 03:14:05.749721+00:00
3,1595654989506301953:0,strongly_positive,2026-09-17 03:14:07.439520+00:00
3,1595647507937529856:0,strongly_positive,2026-09-17 03:14:09.129574+00:00
3,1595621083398705152:0,strongly_positive,2026-09-17 03:14:10.789968+00:00
3,1595610942246916096:0,strongly_positive,2026-09-17 03:14:13.459148+00:00
3,1595595760653197312:0,strongly_positive,2026-09-17 03:14:14.925373+00:00
3,1595592095343202304:0,strongly_positive,2026-09-17 03:14:16.560700+00:00
3,1595585448747110401:0,strongly_positive,2026-09-17 03:14:18.178881+00:00
3,1595426762783363072:0,strongly_positive,2026-09-17 03:14:19.831928+00:00
3,1595416348175503360:0,strongly_positive,2026-09-17 03:14:21.637278+00:00
3,1595400982644785153:0,strongly_positive,2026-09-17 03:14:23.496206+00:00
3,1595395860816281600:0,strongly_positive,2026-09-17 03:14:25.572424+00:00
3,1595391820992651264:0,strongly_positive,2026-09-17 03:14:27.623069+00:00
3,1595377871207661568:0,strongly_positive,2026-09-17 03:14:29.318685+00:00
3,1595371011733884928:0,strongly_positive,2026-09-17 03:14:31.020885+00:00
3,1595366269389533185:0,strongly_positive,2026-09-17 03:14:32.776540+00:00
3,1595344685245304832:0,strongly_positive,2026-09-17 03:14:34.499806+00:00
3,1595338088842395653:0,strongly_positive,2026-09-17 03:14:36.184226+00:00
3,1595329389478412289:0,strongly_positive,2026-09-17 03:14:37.870388+00:00
3,1595316137814032384:0,strongly_positive,2026-09-17 03:14:40.085390+00:00
3,1595302598940426241:0,strongly_positive,2026-09-17 03:14:42.166032+00:00
3,1595297608624660482:0,strongly_positive,2026-09-17 03:14:43.816608+00:00
3,1595280630908342274:0,strongly_positive,2026-09-17 03:14:45.890968+00:00
3,1595263924320231425:0,strongly_positive,2026-09-17 03:14:47.536080+00:00
3,1595255418137509888:0,strongly_positive,2026-09-17 03:14:49.209589+00:00
3,1595235003226796033:0,strongly_positive,2026-09-17 03:14:50.792095+00:00
3,1595213949544595456:0,strongly_positive,2026-09-17 03:14:52.171987+00:00
3,1595083093186170880:0,strongly_positive,2026-09-17 03:14:53.902227+00:00
3,1595075088441040896:0,strongly_positive,2026-09-17 03:14:55.477354+00:00
3,1595071528320004096:0,strongly_positive,2026-09-17 03:14:57.785941+00:00
3,1595068461151322113:0,strongly_positive,2026-09-17 03:14:59.585656+00:00
3,1594998945167847424:0,strongly_positive,2026-09-17 03:15:01.576416+00:00
3,1594966014197829633:0,strongly_positive,2026-09-17 03:15:03.324487+00:00
3,1594940161330413568:0,strongly_positive,2026-09-17 03:15:05.117016+00:00
3,1594929469802024961:0,strongly_positive,2026-09-17 03:15:06.797074+00:00
3,1594893388540973056:0,strongly_positive,2026-09-17 03:15:08.516833+00:00
3,1594885379551039488:0,strongly_positive,2026-09-17 03:15:10.117537+00:00
3,1594881114153582592:0,strongly_positive,2026-09-17 03:15:11.855289+00:00
3,1594324047986556935:0,strongly_positive,2026-09-17 03:15:13.522569+00:00
3,1594188109021089797:0,positive,2026-09-17 03:15:52.759726+00:00
3,1593280358401073152:0,positive,2026-09-17 03:16:00.580367+00:00
3,1593146571830759425:0,positive,2026-09-17 03:16:04.799730+00:00
3,1593060367093334017:0,positive,2026-09-17 03:16:10.517634+00:00
3,1593060367093334017:1,positive,2026-09-17 03:16:15.421170+00:00
3,1592912569693786117:0,positive,2026-09-17 03:16:27.120283+00:00
3,1592813821890293761:0,neutral,2026-09-17 03:16:31.676175+00:00
3,1591344870148669440:0,neutral,2026-09-17 03:16:35.967486+00:00
3,1591259064847433728:0,strongly_positive,2026-09-17 03:16:39.774256+00:00
3,1591259064847433728:1,strongly_positive,2026-09-17 03:16:44.102198+00:00
3,1591082583441707012:0,strongly_positive,2026-09-17 03:16:49.911192+00:00
3,1590292610404737024:0,neutral,2026-09-17 03:17:41.681312+00:00
3,1590247587290152962:0,neutral,2026-09-17 03:17:45.160601+00:00
3,1590228351821975553:0,negative,2026-09-17 03:17:49.896663+00:00
3,1590228351821975553:1,negative,2026-09-17 03:17:53.648421+00:00
3,1590172568958676993:0,negative,2026-09-17 03:17:57.399607+00:00
3,1590172568958676993:1,neutral,2026-09-17 03:18:13.455673+00:00
3,1589207376410054658:0,neutral,2026-09-17 03:18:18.931038+00:00
3,1589207376410054658:1,strongly_positive,2026-09-17 03:18:24.412674+00:00
3,1588838003291877376:0,neutral,2026-09-17 03:18:31.555468+00:00
3,1588796533562290176:0,neutral,2026-09-17 03:19:05.007671+00:00
3,1588796533562290176:1,strongly_positive,2026-09-17 03:19:08.742445+00:00
3,1588100943203422208:0,neutral,2026-09-17 03:19:12.552244+00:00
3,1588100943203422208:1,strongly_positive,2026-09-17 03:19:17.024414+00:00
3,1586607993806028801:0,negative,2026-09-17 03:19:20.640255+00:00
3,1586607993806028801:1,negative,2026-09-17 03:19:26.025889+00:00
3,1586607993806028801:2,neutral,2026-09-17 03:19:31.828313+00:00
3,1586523465003466752:0,strongly_positive,2026-09-17 03:19:36.350221+00:00
3,1585479260848132096:0,strongly_positive,2026-09-17 03:20:18.483059+00:00
3,1585111803331506177:1,strongly_positive,2026-09-17 03:20:22.934857+00:00
3,1581479904453234688:0,negative,2026-09-17 03:20:28.546446+00:00
3,1581479904453234688:1,strongly_positive,2026-09-17 03:21:19.817460+00:00
3,1581479904453234688:2,negative,2026-09-17 03:21:25.989707+00:00
3,1577482200748298243:0,strongly_positive,2026-09-17 03:21:40.244703+00:00
3,1574210822955741186:0,strongly_positive,2026-09-17 03:21:44.134402+00:00
3,1571671635400466433:0,strongly_positive,2026-09-17 03:26:59.451291+00:00
3,1571331421163364353:0,strongly_positive,2026-09-17 03:27:04.172230+00:00
3,1570987666359070720:0,strongly_positive,2026-09-17 03:27:30.094049+00:00
3,1570987666359070720:1,strongly_positive,2026-09-17 03:27:33.241929+00:00
3,1569867371128700928:0,strongly_positive,2026-09-17 03:27:38.580469+00:00
3,1568073466284511233:0,strongly_positive,2026-09-17 03:27:46.676807+00:00
3,1565890462749454336:0,strongly_positive,2026-09-17 03:29:28.238224+00:00
3,1565736436921683968:0,negative,2026-09-17 03:29:32.073007+00:00
3,1565736436921683968:1,negative,2026-09-17 03:29:36.139404+00:00
3,1564430752791826432:0,strongly_positive,2026-09-17 03:29:39.954501+00:00
3,1563872039014121472:0,negative,2026-09-17 03:29:43.732797+00:00
3,1563872039014121472:1,negative,2026-09-17 03:29:47.570878+00:00
3,1561046430558863360:0,negative,2026-09-17 03:29:57.941814+00:00
3,1561046430558863360:1,negative,2026-09-17 03:30:03.324443+00:00
3,1560937078363652096:0,negative,2026-09-17 03:30:17.135135+00:00
3,1560937078363652096:1,negative,2026-09-17 03:30:20.707987+00:00
3,1560442374689816576:0,strongly_positive,2026-09-17 03:30:24.553805+00:00
3,1557896897335291904:0,strongly_positive,2026-09-17 03:30:27.676311+00:00
3,1556942743817289729:0,strongly_positive,2026-09-17 03:30:30.639388+00:00
3,1554317822356234240:0,strongly_positive,2026-09-17 03:30:33.458913+00:00
3,1552918263193284608:0,neutral,2026-09-17 03:30:40.459228+00:00
3,1552918263193284608:1,strongly_positive,2026-09-17 03:30:44.082893+00:00
3,1550710762033025024:0,positive,2026-09-17 03:30:48.291669+00:00
3,1550335383388684288:0,positive,2026-09-17 03:30:54.336563+00:00
3,1547141310922244096:0,strongly_positive,2026-09-17 03:30:57.653168+00:00
3,1547088854901194752:0,strongly_positive,2026-09-17 03:31:01.078046+00:00
3,1545934564249706496:0,strongly_positive,2026-09-17 03:31:04.905185+00:00
3,1543221094433574912:0,positive,2026-09-17 03:31:09.189681+00:00
3,1543221094433574912:1,positive,2026-09-17 03:31:21.675373+00:00
3,1541973182630199296:0,strongly_positive,2026-09-17 03:31:25.080692+00:00
3,1531227667978387458:0,negative,2026-09-17 03:31:32.171770+00:00
3,1531227667978387458:1,negative,2026-09-17 03:33:11.138445+00:00
3,1530725362627649536:0,strongly_positive,2026-09-17 03:33:23.717573+00:00
3,1526050199713755136:0,strongly_positive,2026-09-17 03:33:43.157195+00:00
3,1525120126210969601:0,strongly_positive,2026-09-17 03:34:00.427726+00:00
3,1524990448300720129:0,neutral,2026-09-17 03:34:19.982618+00:00
3,1521353312502972416:0,strongly_positive,2026-09-17 03:34:23.280172+00:00
3,1521335129272352768:0,strongly_positive,2026-09-17 03:34:33.496684+00:00
3,1520617557329596416:0,strongly_positive,2026-09-17 03:34:43.190903+00:00
3,1520257116241797121:0,strongly_positive,2026-09-17 03:34:49.800132+00:00
3,1518117487820546048:0,strongly_positive,2026-09-17 03:35:00.341208+00:00
3,1514433424337289219:0,strongly_positive,2026-09-17 03:35:08.262405+00:00
3,1513046543690915840:0,strongly_positive,2026-09-17 03:35:16.621002+00:00
3,1510995407719235589:0,strongly_positive,2026-09-17 03:35:24.723816+00:00
3,1504447700628275200:0,strongly_positive,2026-09-17 03:35:33.257578+00:00
3,1504271423572873225:0,strongly_positive,2026-09-17 03:35:41.752175+00:00
3,1501945782257487872:0,negative,2026-09-17 03:35:47.173832+00:00
3,1501945782257487872:1,dont_know,2026-09-17 03:36:26.958944+00:00
3,1501017753817587713:0,strongly_positive,2026-09-17 03:36:53.255304+00:00
3,1499631497208528896:0,positive,2026-09-17 03:37:06.066980+00:00
3,1499199433715912705:0,strongly_positive,2026-09-17 03:37:16.057695+00:00
3,1498482687358926851:0,strongly_positive,2026-09-17 03:37:23.749922+00:00
3,1496376540216848384:0,negative,2026-09-17 03:37:36.057607+00:00
3,1496376540216848384:1,negative,2026-09-17 03:37:54.931483+00:00
3,1495752075158102017:0,strongly_positive,2026-09-17 03:38:10.741864+00:00
3,1495752075158102017:1,strongly_positive,2026-09-17 03:38:18.198181+00:00
3,2043866954868633714:0,positive,2026-09-17 03:38:31.701468+00:00
3,2043866954868633714:1,positive,2026-09-17 03:38:46.061401+00:00
3,2043866954868633714:2,strongly_positive,2026-09-17 03:38:49.052001+00:00
3,2030287044061351972:0,strongly_positive,2026-09-17 03:38:54.220069+00:00
3,1962026892007030888:0,positive,2026-09-17 03:39:17.135444+00:00
3,1962026892007030888:1,neutral,2026-09-17 03:39:23.587147+00:00
3,1962026892007030888:2,positive,2026-09-17 03:39:34.298539+00:00
3,1962002703271555563:0,neutral,2026-09-17 03:39:46.208853+00:00
3,1962002703271555563:1,positive,2026-09-17 03:39:56.997964+00:00
3,1962002703271555563:2,positive,2026-09-17 03:40:14.421707+00:00
3,1954406545942282601:0,neutral,2026-09-17 03:40:22.381247+00:00
3,1954406545942282601:1,neutral,2026-09-17 03:40:34.607659+00:00
3,1944045778571559124:0,neutral,2026-09-17 03:40:51.015894+00:00
3,1944045778571559124:1,positive,2026-09-17 03:41:27.259800+00:00
3,1941818549938303384:0,positive,2026-09-17 03:41:39.311390+00:00
3,1941818549938303384:1,positive,2026-09-17 03:41:56.771184+00:00
3,1941468772050895160:0,strongly_positive,2026-09-17 03:42:14.918826+00:00
3,1940848755542315187:0,neutral,2026-09-17 03:42:28.618640+00:00
3,1940848755542315187:1,neutral,2026-09-17 03:42:33.471668+00:00
3,1940776778852978920:0,positive,2026-09-17 03:42:39.898893+00:00
3,1940776778852978920:1,positive,2026-09-17 03:43:01.170822+00:00
3,1936265432509317316:0,positive,2026-09-17 03:43:05.913481+00:00
3,1936265432509317316:1,positive,2026-09-17 03:43:12.071703+00:00
3,1936265432509317316:2,positive,2026-09-17 03:43:41.481332+00:00
3,1936064159780573383:0,positive,2026-09-17 03:43:57.044339+00:00
3,1936064159780573383:1,negative,2026-09-17 03:44:22.118715+00:00
3,1936064159780573383:2,positive,2026-09-17 03:44:35.887826+00:00
3,1935917701819445465:0,positive,2026-09-17 03:44:46.838700+00:00
3,1935917701819445465:1,neutral,2026-09-17 03:44:54.878055+00:00
3,1935917701819445465:2,positive,2026-09-17 03:45:06.660957+00:00
3,1923285047638896926:0,positive,2026-09-17 03:45:22.290200+00:00
3,1923285047638896926:1,positive,2026-09-17 03:45:33.650329+00:00
3,1923285047638896926:2,positive,2026-09-17 03:45:39.016561+00:00
3,1923285047638896926:3,positive,2026-09-17 03:45:46.063369+00:00
3,1923285047638896926:4,positive,2026-09-17 03:45:50.419737+00:00
3,1921787857934434801:0,strongly_positive,2026-09-17 03:47:15.965580+00:00
3,1921787857934434801:1,positive,2026-09-17 03:47:27.629021+00:00
3,1921784921602826407:0,positive,2026-09-17 03:47:32.348259+00:00
3,1921784921602826407:1,positive,2026-09-17 03:47:46.498720+00:00
3,1921784921602826407:2,positive,2026-09-17 03:47:50.438285+00:00
3,1921784921602826407:3,positive,2026-09-17 03:47:57.506094+00:00
3,1919761174234624063:0,negative,2026-09-17 03:48:16.193405+00:00
3,1917777850272473168:0,strongly_positive,2026-09-17 03:48:27.187490+00:00
3,1917777850272473168:1,negative,2026-09-17 03:48:40.073942+00:00
3,1911455357781651734:0,strongly_positive,2026-09-17 03:48:45.765315+00:00
3,1910592663679644010:0,strongly_positive,2026-09-17 03:48:56.311361+00:00
3,1910592663679644010:1,strongly_positive,2026-09-17 03:49:00.991222+00:00
3,1910592663679644010:2,strongly_positive,2026-09-17 03:49:04.991618+00:00
3,1908106398551937534:0,positive,2026-09-17 03:49:20.873713+00:00
3,1908106398551937534:1,positive,2026-09-17 03:49:26.221649+00:00
3,1908106398551937534:2,positive,2026-09-17 03:49:37.260621+00:00
3,1908106132599787710:0,positive,2026-09-17 03:49:43.028675+00:00
3,1908106132599787710:1,positive,2026-09-17 03:49:45.098359+00:00
3,1908106132599787710:2,positive,2026-09-17 03:49:46.928560+00:00
3,1906959003806048628:0,negative,2026-09-17 03:49:51.402823+00:00
3,1906959003806048628:1,positive,2026-09-17 03:50:03.241921+00:00
3,1906959003806048628:2,negative,2026-09-17 03:50:06.426864+00:00
3,1906631618934010119:0,negative,2026-09-17 03:50:09.553865+00:00
3,1906631618934010119:1,negative,2026-09-17 03:50:14.222978+00:00
3,1905148184944312680:0,negative,2026-09-17 03:50:26.669547+00:00
3,1905148184944312680:1,positive,2026-09-17 03:50:34.891868+00:00
3,1905148184944312680:2,negative,2026-09-17 03:50:41.631690+00:00
3,1905148184944312680:3,positive,2026-09-17 03:51:31.760686+00:00
3,1905148184944312680:4,positive,2026-09-17 03:51:38.116630+00:00
3,1903008274544517413:0,strongly_positive,2026-09-17 03:51:42.665202+00:00
3,1902945518231405012:0,neutral,2026-09-17 04:07:39.106972+00:00
3,1902945518231405012:1,neutral,2026-09-17 04:09:09.177029+00:00
3,1901911897324277806:0,strongly_positive,2026-09-17 04:09:17.580685+00:00
3,1899760851927867855:0,positive,2026-09-17 04:09:31.349918+00:00
3,1899760851927867855:1,positive,2026-09-17 04:09:44.951743+00:00
3,1899760851927867855:2,strongly_positive,2026-09-17 04:10:05.181620+00:00
3,1898195529768878427:0,neutral,2026-09-17 04:10:09.503722+00:00
3,1894651130560614808:0,positive,2026-09-17 04:10:29.100372+00:00
3,1894651130560614808:1,negative,2026-09-17 04:10:33.379134+00:00
3,1894651130560614808:2,negative,2026-09-17 04:10:46.231924+00:00
3,1892033215730155883:0,negative,2026-09-17 04:11:13.603079+00:00
3,1890003057280536671:0,neutral,2026-09-17 04:11:26.860943+00:00
3,1890003057280536671:1,neutral,2026-09-17 04:11:31.213128+00:00
3,1890003057280536671:2,neutral,2026-09-17 04:11:50.535259+00:00
3,1890003057280536671:3,positive,2026-09-17 04:12:02.008766+00:00
3,1887687942044590556:0,neutral,2026-09-17 04:12:13.939978+00:00
3,1883857437608083850:0,neutral,2026-09-17 04:12:18.578252+00:00
3,1882777251353362838:0,neutral,2026-09-17 04:12:30.377547+00:00
3,1882777251353362838:1,negative,2026-09-17 04:12:41.124636+00:00
3,1882777251353362838:2,neutral,2026-09-17 04:12:51.701986+00:00
3,1874274392483783093:0,strongly_positive,2026-09-17 04:12:55.992686+00:00
3,1871902123270734076:0,strongly_positive,2026-09-17 04:13:02.321875+00:00
3,1868571930447745363:0,negative,2026-09-17 04:13:09.076074+00:00
3,1868571930447745363:1,negative,2026-09-17 04:13:15.916656+00:00
3,1852604088116249064:0,dont_know,2026-09-17 04:14:07.231692+00:00
3,1852604088116249064:1,dont_know,2026-09-17 04:14:24.750912+00:00
3,1852604088116249064:2,dont_know,2026-09-17 04:14:33.432876+00:00
3,1849781115340632174:0,neutral,2026-09-17 04:14:58.056527+00:00
3,1849781115340632174:1,neutral,2026-09-17 04:15:04.692853+00:00
3,1848993655727788439:0,neutral,2026-09-17 04:15:11.278988+00:00
3,1848993655727788439:1,neutral,2026-09-17 04:15:28.831943+00:00
3,1847307928417759622:0,neutral,2026-09-17 04:15:43.119582+00:00
3,1847307928417759622:1,neutral,2026-09-17 04:16:00.368679+00:00
3,1844705123110719593:0,strongly_positive,2026-09-17 04:16:11.826482+00:00
3,1844705123110719593:1,strongly_positive,2026-09-17 04:16:19.275250+00:00
3,1844208000342556891:0,neutral,2026-09-17 04:16:31.937617+00:00
3,1844208000342556891:1,positive,2026-09-17 04:16:53.485196+00:00
3,1843693764218630176:0,neutral,2026-09-17 04:17:06.965850+00:00
3,1843693764218630176:1,positive,2026-09-17 04:17:23.417738+00:00
3,1843257277941469541:0,neutral,2026-09-17 04:18:10.652533+00:00
3,1843257277941469541:1,neutral,2026-09-17 04:18:26.315105+00:00
3,1839712399714025910:0,positive,2026-09-17 04:18:35.631250+00:00
3,1839712399714025910:1,negative,2026-09-17 04:18:52.354762+00:00
3,1839712399714025910:2,negative,2026-09-17 04:18:59.854733+00:00
3,1795263296565837869:1,positive,2026-09-17 04:19:23.997355+00:00
3,1795263296565837869:2,strongly_positive,2026-09-17 04:19:31.880879+00:00
3,1782437906893975681:0,positive,2026-09-17 04:20:03.996030+00:00
3,1782437906893975681:1,positive,2026-09-17 04:20:16.609574+00:00
3,1782437906893975681:2,strongly_positive,2026-09-17 04:20:24.442412+00:00
3,1782225456173031653:0,strongly_positive,2026-09-17 04:20:34.426964+00:00
3,1752193432557392020:0,positive,2026-09-17 04:21:26.877241+00:00
3,1752193432557392020:1,strongly_positive,2026-09-17 04:21:33.514329+00:00
3,1750716932452454401:0,strongly_positive,2026-09-17 04:21:38.268475+00:00
3,1748227782780600440:0,negative,2026-09-17 04:21:53.019546+00:00
3,1748227782780600440:1,negative,2026-09-17 04:22:01.277615+00:00
3,1748227782780600440:2,negative,2026-09-17 04:22:06.873627+00:00
3,1724394772390109216:0,negative,2026-09-17 04:22:13.144400+00:00
3,1724394772390109216:1,negative,2026-09-17 04:22:18.693703+00:00
3,1724309069564195124:0,neutral,2026-09-17 04:22:27.835169+00:00
3,1724309069564195124:1,positive,2026-09-17 04:22:41.923693+00:00
3,1723757375256174827:0,positive,2026-09-17 04:22:49.394809+00:00
3,1723757375256174827:1,positive,2026-09-17 04:22:54.578637+00:00
3,1714238640539553962:0,positive,2026-09-17 04:23:50.482883+00:00
3,1714238640539553962:1,positive,2026-09-17 04:23:56.873783+00:00
3,1714238640539553962:2,strongly_positive,2026-09-17 04:24:03.537891+00:00
3,1714211532668891535:0,negative,2026-09-17 04:24:41.712360+00:00
3,1714211532668891535:1,negative,2026-09-17 04:25:36.178094+00:00
3,1712475052082606306:0,negative,2026-09-17 04:25:43.162961+00:00
3,1712475052082606306:1,negative,2026-09-17 04:25:47.086468+00:00
3,1712475052082606306:2,negative,2026-09-17 04:25:52.700339+00:00
3,1701261523350630621:0,positive,2026-09-17 04:26:12.871899+00:00
3,1701261523350630621:1,neutral,2026-09-17 04:26:41.292883+00:00
3,1697411429283111194:0,negative,2026-09-17 04:26:46.861058+00:00
3,1697411429283111194:1,negative,2026-09-17 04:26:54.675286+00:00
3,1694338666544738357:0,neutral,2026-09-17 04:27:05.897840+00:00
3,1694338666544738357:1,positive,2026-09-17 04:27:15.741168+00:00
3,1689589294825082880:0,strongly_positive,2026-09-17 04:27:20.566545+00:00
3,1689427948967972864:0,neutral,2026-09-17 04:27:37.699617+00:00
3,1689427948967972864:1,strongly_positive,2026-09-17 04:27:41.909920+00:00
3,1678989400414519299:0,negative,2026-09-17 04:27:45.363017+00:00
3,1678989400414519299:1,negative,2026-09-17 04:27:51.268630+00:00
3,1674249344940380160:0,strongly_positive,2026-09-17 04:28:06.374685+00:00
3,1672147560520364038:0,strongly_positive,2026-09-17 04:28:26.160866+00:00
3,1672147560520364038:1,strongly_positive,2026-09-17 04:28:43.919143+00:00
3,1672105993021583360:0,negative,2026-09-17 04:28:47.641179+00:00
3,1672105993021583360:1,negative,2026-09-17 04:28:52.798150+00:00
3,1672105993021583360:2,negative,2026-09-17 04:29:03.268854+00:00
3,1656528321021382656:0,negative,2026-09-17 04:29:09.075483+00:00
3,1656528321021382656:1,negative,2026-09-17 04:29:12.652276+00:00
3,1656528321021382656:2,positive,2026-09-17 04:29:32.666170+00:00
3,1656528321021382656:3,positive,2026-09-17 04:29:35.673794+00:00
3,1655828842177773570:0,negative,2026-09-17 04:29:41.081014+00:00
3,1655828842177773570:1,negative,2026-09-17 04:29:45.699632+00:00
3,1655828842177773570:2,negative,2026-09-17 04:30:00.575923+00:00
3,1654393784250286081:0,strongly_positive,2026-09-17 04:30:07.619557+00:00
3,1654370625266528257:0,positive,2026-09-17 04:30:27.445541+00:00
3,1654352992223764480:0,positive,2026-09-17 04:30:38.424841+00:00
3,1649408193305645056:0,strongly_positive,2026-09-17 04:30:44.726832+00:00
3,1649408193305645056:1,strongly_positive,2026-09-17 04:31:00.219062+00:00
3,1643886061763043328:0,negative,2026-09-17 04:31:20.648498+00:00
3,1639999990054674433:0,neutral,2026-09-17 04:31:32.058155+00:00
3,1639999990054674433:1,positive,2026-09-17 04:32:15.237530+00:00
3,1639079148542107648:0,positive,2026-09-17 04:32:25.902666+00:00
3,1639079148542107648:1,positive,2026-09-17 04:32:37.101309+00:00
3,1639079148542107648:2,negative,2026-09-17 04:32:42.358434+00:00
3,1636341575692468224:0,strongly_positive,2026-09-17 04:32:58.198790+00:00
3,1636203665123082240:0,positive,2026-09-17 04:33:23.025878+00:00
3,1636203665123082240:1,strongly_positive,2026-09-17 04:33:35.733328+00:00
3,1634870596113956870:0,strongly_positive,2026-09-17 04:33:39.941396+00:00
3,1634870596113956870:1,positive,2026-09-17 04:33:52.552143+00:00
3,1634148513863946242:0,positive,2026-09-17 04:34:05.376382+00:00
3,1634148513863946242:1,neutral,2026-09-17 04:34:32.286327+00:00
3,1633433046673391616:0,positive,2026-09-17 04:34:53.641452+00:00
3,1633433046673391616:1,strongly_positive,2026-09-17 04:35:05.139994+00:00
3,1633282120776032256:0,neutral,2026-09-17 04:35:14.075378+00:00
3,1633282120776032256:1,strongly_positive,2026-09-17 04:35:24.988284+00:00
3,1632927742709886976:0,strongly_positive,2026-09-17 04:36:02.509045+00:00
3,1632389965052276736:0,strongly_positive,2026-09-17 04:42:01.153606+00:00
3,1628977011808169984:0,neutral,2026-09-17 04:42:20.751932+00:00
3,1628977011808169984:1,positive,2026-09-17 04:42:54.677522+00:00
3,1627491030072442880:0,negative,2026-09-17 04:42:58.237795+00:00
3,1627491030072442880:1,negative,2026-09-17 04:43:02.633052+00:00
3,1626130146393739264:0,negative,2026-09-17 04:43:13.687866+00:00
3,1626130146393739264:1,positive,2026-09-17 04:43:34.225098+00:00
3,1618501171936907264:0,strongly_positive,2026-09-17 04:43:45.602572+00:00
3,1608728469156016129:0,negative,2026-09-17 04:43:52.715754+00:00
3,1608728469156016129:1,negative,2026-09-17 04:44:00.742062+00:00
3,1594485562626691073:0,positive,2026-09-17 04:44:12.343080+00:00
3,1593587899349377029:0,strongly_positive,2026-09-17 04:44:28.303240+00:00
3,1593587899349377029:1,strongly_positive,2026-09-17 04:44:39.019848+00:00
3,1593565765986578433:0,positive,2026-09-17 04:45:06.003201+00:00
3,1593303020573724672:0,positive,2026-09-17 04:45:59.574223+00:00
3,1593303020573724672:2,positive,2026-09-17 04:46:03.176648+00:00
3,1593303020573724672:3,positive,2026-09-17 04:46:17.284684+00:00
3,1593161293800026112:0,positive,2026-09-17 04:46:51.366488+00:00
3,1593035756725235712:0,positive,2026-09-17 04:47:42.923925+00:00
3,1592889796619571201:0,neutral,2026-09-17 04:47:53.319005+00:00
3,1592889796619571201:1,strongly_positive,2026-09-17 04:47:56.150335+00:00
3,1592887032355123201:0,neutral,2026-09-17 04:48:08.310008+00:00
3,1592887032355123201:1,strongly_positive,2026-09-17 04:48:12.446321+00:00
3,1592870942078021633:0,positive,2026-09-17 04:48:37.196890+00:00
3,1592674876321460224:0,positive,2026-09-17 04:48:41.841445+00:00
3,1592674876321460224:1,positive,2026-09-17 04:51:29.924790+00:00
3,1591949094876237824:0,positive,2026-09-17 04:53:18.334743+00:00
3,1591949094876237824:1,positive,2026-09-17 04:53:22.220846+00:00
3,1590506290106617856:0,positive,2026-09-17 04:53:27.496841+00:00
3,1590151960602497025:0,negative,2026-09-17 04:53:32.827490+00:00
3,1590151960602497025:1,negative,2026-09-17 04:53:37.895429+00:00
3,1589604790010785798:0,positive,2026-09-17 04:53:46.108555+00:00
3,1589229004057636866:0,positive,2026-09-17 04:59:41.723602+00:00
3,1589225122254454787:0,negative,2026-09-17 05:01:07.972373+00:00
3,1589225122254454787:1,positive,2026-09-17 05:01:52.452316+00:00
3,1588703355538669568:0,dont_know,2026-09-17 05:01:58.817800+00:00
3,1588702493441413120:0,positive,2026-09-17 05:05:37.658239+00:00
3,1588698225707741184:0,positive,2026-09-17 05:05:46.428083+00:00
3,1588698225707741184:1,neutral,2026-09-17 05:05:58.679604+00:00
3,1588494613681434624:0,positive,2026-09-17 05:06:14.042547+00:00
3,1588494613681434624:1,positive,2026-09-17 05:06:24.705615+00:00
3,1588340705512259584:0,positive,2026-09-17 05:06:45.701548+00:00
3,1588340157258018817:0,positive,2026-09-17 05:06:57.426794+00:00
3,1588340157258018817:1,positive,2026-09-17 05:07:08.126792+00:00
3,1584413593583640577:0,positive,2026-09-17 05:07:35.202962+00:00
3,1584413593583640577:1,positive,2026-09-17 05:08:23.573447+00:00
3,1584413593583640577:2,positive,2026-09-17 05:08:34.709333+00:00
3,1584413593583640577:3,positive,2026-09-17 05:08:46.098548+00:00
3,1581477431164407808:0,negative,2026-09-17 05:08:50.756921+00:00
3,1581477431164407808:1,negative,2026-09-17 05:09:20.161577+00:00
3,1581477431164407808:2,positive,2026-09-17 05:09:24.586798+00:00
3,1580906799234191360:0,positive,2026-09-17 05:09:43.243018+00:00
3,1580829534496391170:0,strongly_positive,2026-09-17 05:09:49.744306+00:00
3,1580829534496391170:1,neutral,2026-09-17 05:10:02.667197+00:00
3,1570847219284316160:0,strongly_positive,2026-09-17 05:10:15.539898+00:00
3,1569698766516813831:0,positive,2026-09-17 05:10:29.762949+00:00
3,1566336581019250689:0,negative,2026-09-17 05:10:51.843955+00:00
3,1566336581019250689:1,negative,2026-09-17 05:11:07.193682+00:00
3,1561179559261011968:0,negative,2026-09-17 05:11:12.851219+00:00
3,1561179559261011968:1,positive,2026-09-17 05:11:16.450825+00:00
3,1539618566622052352:0,negative,2026-09-17 05:11:22.061569+00:00
3,1539618566622052352:1,negative,2026-09-17 05:11:25.958240+00:00
3,1539618566622052352:2,negative,2026-09-17 05:11:30.928279+00:00
3,1539193611019231234:0,strongly_positive,2026-09-17 05:11:41.051817+00:00
3,1539193611019231234:1,strongly_positive,2026-09-17 05:11:54.796164+00:00
3,1531229613384269824:0,negative,2026-09-17 05:12:13.743789+00:00
3,1531229613384269824:1,negative,2026-09-17 05:12:31.723296+00:00
3,1500993544005513216:0,positive,2026-09-17 05:12:42.927095+00:00
3,1500993544005513216:1,strongly_positive,2026-09-17 05:12:51.873931+00:00
3,1500474667270021120:0,negative,2026-09-17 05:13:02.516415+00:00
3,1500474667270021120:1,negative,2026-09-17 05:13:07.823088+00:00
3,1500474667270021120:2,positive,2026-09-17 05:13:21.415752+00:00
3,1496858428924645380:0,negative,2026-09-17 05:13:26.109084+00:00
3,1496858428924645380:1,negative,2026-09-17 05:13:30.218866+00:00
3,1493461228517486592:0,negative,2026-09-17 05:13:36.603468+00:00
3,1493461228517486592:1,negative,2026-09-17 05:13:43.693705+00:00
3,1490928260787875840:0,negative,2026-09-17 05:13:58.067918+00:00
3,1490928260787875840:1,neutral,2026-09-17 05:16:17.403279+00:00
3,1487673570335485952:0,negative,2026-09-17 05:16:35.714189+00:00
3,1487673570335485952:1,positive,2026-09-17 05:18:23.340930+00:00
3,1482226981424959491:0,strongly_positive,2026-09-17 05:18:28.735432+00:00
3,1476978719386259456:0,strongly_positive,2026-09-17 05:18:33.003961+00:00
3,1458416028438781952:0,strongly_positive,2026-09-17 05:18:40.702720+00:00
3,1439433468937605120:0,strongly_positive,2026-09-17 05:18:50.838011+00:00
3,1436235759917305861:0,strongly_positive,2026-09-17 05:19:22.234784+00:00
3,1436235759917305861:1,positive,2026-09-17 05:19:56.695358+00:00
3,1435814296169029634:0,strongly_positive,2026-09-17 05:20:10.844237+00:00
3,1435071487480721409:0,strongly_positive,2026-09-17 05:20:29.896577+00:00
3,1432188018908037121:0,negative,2026-09-17 05:20:58.033060+00:00
3,1432188018908037121:1,positive,2026-09-17 05:21:21.640993+00:00
3,1432170954466095107:0,strongly_positive,2026-09-17 05:21:27.493766+00:00
3,1425824955699109896:0,strongly_positive,2026-09-17 05:21:44.161952+00:00
3,1423646059973124104:0,neutral,2026-09-17 05:23:17.482970+00:00
3,1423646059973124104:1,neutral,2026-09-17 05:23:21.519472+00:00
3,1423646059973124104:2,negative,2026-09-17 05:23:34.149108+00:00
3,1423646059973124104:3,positive,2026-09-17 05:23:52.166711+00:00
3,1417669251070976003:0,strongly_positive,2026-09-17 05:23:58.680048+00:00
3,1399742466622853124:0,negative,2026-09-17 05:24:10.460100+00:00
3,1399742466622853124:1,negative,2026-09-17 05:24:14.805398+00:00
3,1397420796960677893:0,strongly_positive,2026-09-17 05:24:19.909968+00:00
3,1397420796960677893:1,positive,2026-09-17 05:24:52.969567+00:00
3,1393906029985861637:0,negative,2026-09-17 05:25:03.002745+00:00
3,1393906029985861637:1,negative,2026-09-17 05:25:30.401349+00:00
3,1393221161597554692:0,strongly_positive,2026-09-17 05:25:35.203173+00:00
3,1393034806590541824:0,strongly_positive,2026-09-17 05:25:41.326704+00:00
3,1392326075527487491:0,negative,2026-09-17 05:25:47.253027+00:00
3,1392326075527487491:1,positive,2026-09-17 05:25:51.039073+00:00
3,1392326075527487491:2,negative,2026-09-17 05:26:45.450077+00:00
3,1391621655290470405:0,neutral,2026-09-17 05:27:10.605725+00:00
3,1390242249179467780:0,negative,2026-09-17 05:27:14.168587+00:00
3,1390242249179467780:1,negative,2026-09-17 05:27:18.361459+00:00
3,1390242249179467780:2,positive,2026-09-17 05:27:32.136451+00:00
3,1390218047504326662:0,negative,2026-09-17 05:27:35.376877+00:00
3,1390218047504326662:1,negative,2026-09-17 05:27:39.161399+00:00
3,1388353749752549380:0,strongly_positive,2026-09-17 05:27:42.359567+00:00
3,1386553877504299009:0,positive,2026-09-17 05:27:55.023821+00:00
3,1386181193322811392:0,strongly_positive,2026-09-17 05:28:12.883896+00:00
3,1385914346497187840:0,negative,2026-09-17 05:28:35.197468+00:00
3,1385914346497187840:1,positive,2026-09-17 05:28:46.557985+00:00
3,1385914346497187840:2,negative,2026-09-17 05:28:54.030939+00:00
3,1385914219971833860:0,positive,2026-09-17 05:29:07.847493+00:00
3,1385914219971833860:1,positive,2026-09-17 05:30:56.040006+00:00
3,1385914219971833860:2,dont_know,2026-09-17 05:31:00.835140+00:00
3,1385881627562323972:0,positive,2026-09-17 05:31:12.205858+00:00
3,1385881627562323972:1,positive,2026-09-17 05:31:14.908805+00:00
3,1385881627562323972:2,strongly_positive,2026-09-17 05:31:20.634601+00:00
3,1385881627562323972:3,strongly_positive,2026-09-17 05:31:23.962618+00:00
3,1385401430719090689:0,negative,2026-09-17 05:31:27.621917+00:00
3,1385198688864137220:0,negative,2026-09-17 05:31:34.367386+00:00
3,1385198688864137220:1,negative,2026-09-17 05:31:39.243719+00:00
3,1382723054149586944:0,neutral,2026-09-17 05:31:55.606839+00:00
3,1382723054149586944:1,positive,2026-09-17 05:32:13.730638+00:00
3,1378262226407104515:0,neutral,2026-09-17 05:32:29.369231+00:00
3,1377969628744282112:0,positive,2026-09-17 05:32:46.715261+00:00
3,1377969628744282112:1,positive,2026-09-17 05:33:01.494625+00:00
3,1376566930060939266:0,positive,2026-09-17 05:33:12.319880+00:00
3,1373957077656240128:0,positive,2026-09-17 05:33:45.216846+00:00
3,1373957077656240128:1,positive,2026-09-17 05:34:01.500763+00:00
3,1373589102738612224:0,strongly_positive,2026-09-17 05:34:07.980047+00:00
3,1372896996181217283:0,strongly_positive,2026-09-17 05:34:46.709899+00:00
3,1371076158041726986:0,strongly_positive,2026-09-17 05:34:54.016969+00:00
3,1368452425493843974:0,neutral,2026-09-17 05:35:09.804443+00:00
3,1368452425493843974:1,positive,2026-09-17 05:35:33.656474+00:00
3,1367689967871225860:0,negative,2026-09-17 05:35:46.449080+00:00
3,1367689967871225860:1,negative,2026-09-17 05:35:59.951372+00:00
3,1350792060098408449:0,neutral,2026-09-17 05:36:11.812200+00:00
3,1350792060098408449:1,neutral,2026-09-17 05:36:32.229644+00:00
3,1348596778736603139:0,positive,2026-09-17 05:36:49.196840+00:00
3,1348596778736603139:1,positive,2026-09-17 05:36:52.628353+00:00
3,1348539516429029377:0,positive,2026-09-17 05:36:56.096051+00:00
3,1348539516429029377:1,positive,2026-09-17 05:37:00.911168+00:00
3,1344109138092072960:0,strongly_positive,2026-09-17 05:37:07.955926+00:00
3,1336719325890134016:0,dont_know,2026-09-17 05:37:30.373773+00:00
3,1336328909650989058:0,strongly_positive,2026-09-17 05:37:35.249870+00:00
3,1336328909650989058:1,strongly_positive,2026-09-17 05:37:38.369607+00:00
3,1329429542973411328:0,strongly_positive,2026-09-17 05:37:44.517558+00:00
3,1327471811529850882:0,positive,2026-09-17 05:37:58.376873+00:00
3,1327471811529850882:1,positive,2026-09-17 05:38:09.017536+00:00
3,1327427326036959232:0,negative,2026-09-17 05:38:14.071703+00:00
3,1327427326036959232:1,strongly_positive,2026-09-17 05:38:17.775833+00:00
3,1327267817427615749:0,negative,2026-09-17 05:38:30.574836+00:00
3,1327267817427615749:1,negative,2026-09-17 05:38:36.687079+00:00
3,1326003517346050049:0,positive,2026-09-17 05:39:15.476811+00:00
3,1326003517346050049:1,positive,2026-09-17 05:39:37.105253+00:00
3,1325344912498286592:0,negative,2026-09-17 05:39:52.810987+00:00
3,1323866167451119619:0,positive,2026-09-17 05:40:04.920911+00:00
3,1323866167451119619:1,strongly_positive,2026-09-17 05:40:08.297729+00:00
3,1323817313053798400:0,negative,2026-09-17 05:40:12.302189+00:00
3,1323817313053798400:1,negative,2026-09-17 05:40:16.490036+00:00
3,1323468094589657088:0,negative,2026-09-17 05:41:00.804392+00:00
3,1323468094589657088:1,negative,2026-09-17 05:41:04.688305+00:00
3,1322062376024252418:0,negative,2026-09-17 05:41:09.974443+00:00
3,1322062376024252418:1,negative,2026-09-17 05:41:16.729875+00:00
3,1316262527047659520:0,negative,2026-09-17 05:41:21.471807+00:00
3,1316262527047659520:1,negative,2026-09-17 05:41:25.242304+00:00
3,1307949142501548037:0,negative,2026-09-17 05:41:29.774566+00:00
3,1307949142501548037:1,negative,2026-09-17 05:42:04.824160+00:00
3,2092657779471536477:0,negative,2026-09-17 05:42:12.594944+00:00
3,2092657779471536477:1,negative,2026-09-17 05:42:26.800447+00:00
3,2092657779471536477:2,dont_know,2026-09-17 05:42:35.026375+00:00
3,2078490481009492169:0,neutral,2026-09-17 05:42:51.866780+00:00
3,2061143640244924700:0,negative,2026-09-17 05:43:18.397585+00:00
3,2061143640244924700:1,neutral,2026-09-17 05:43:56.944867+00:00
3,2061143640244924700:2,neutral,2026-09-17 05:44:26.867022+00:00
3,2058388082815295634:0,positive,2026-09-17 05:44:37.737161+00:00
3,2058388082815295634:1,strongly_positive,2026-09-17 05:45:25.052258+00:00
3,2048581024461066718:0,positive,2026-09-17 05:46:56.135698+00:00
3,2048581024461066718:1,positive,2026-09-17 05:47:06.831135+00:00
3,2048581024461066718:2,negative,2026-09-17 05:47:39.308133+00:00
3,2047510597408068095:0,positive,2026-09-17 05:48:47.401677+00:00
3,2047330140766749146:0,negative,2026-09-17 05:49:13.274142+00:00
3,2044967415650660514:0,strongly_positive,2026-09-17 05:49:19.674133+00:00
3,2043888612195090432:0,negative,2026-09-17 05:49:47.835324+00:00
3,2043888612195090432:1,strongly_positive,2026-09-17 05:49:55.251255+00:00
3,2041463497226350776:0,strongly_positive,2026-09-17 05:50:00.912819+00:00
3,2037726473570898033:0,negative,2026-09-17 05:50:13.747992+00:00
3,2037726473570898033:1,negative,2026-09-17 05:51:14.406644+00:00
3,2037726473570898033:2,neutral,2026-09-17 05:51:32.152714+00:00
3,2037463704279855518:0,strongly_positive,2026-09-17 05:51:39.293730+00:00
3,2037359645250167183:0,dont_know,2026-09-17 05:54:38.074238+00:00
3,2037359645250167183:1,positive,2026-09-17 05:54:59.018053+00:00
3,2037359645250167183:2,positive,2026-09-17 05:55:32.198341+00:00
3,2037359645250167183:3,positive,2026-09-17 05:55:50.247079+00:00
3,2033388510363984061:0,neutral,2026-09-17 05:56:03.840830+00:00
3,2033388510363984061:1,neutral,2026-09-17 08:18:59.583391+00:00
3,2033388510363984061:2,neutral,2026-09-17 08:19:20.377319+00:00
3,2032773556812345793:0,neutral,2026-09-17 08:19:38.201286+00:00
3,2032773556812345793:1,positive,2026-09-17 08:19:54.753833+00:00
3,2032773556812345793:3,negative,2026-09-17 08:20:23.497985+00:00
3,2032773556812345793:2,negative,2026-09-17 08:20:29.719771+00:00
3,2030504539594674578:0,positive,2026-09-17 08:20:41.559907+00:00
3,2030504539594674578:1,negative,2026-09-17 08:54:09.404416+00:00
3,2030504539594674578:2,negative,2026-09-17 08:54:25.178843+00:00
3,2030504539594674578:3,positive,2026-09-17 08:54:32.897057+00:00
3,2028284963439955986:0,negative,2026-09-17 08:54:47.529407+00:00
3,2025590741452693559:0,neutral,2026-09-17 08:55:04.881722+00:00
3,2024318887899418997:0,strongly_positive,2026-09-17 08:55:10.027488+00:00
3,2019808215928889674:1,positive,2026-09-17 08:55:45.981067+00:00
3,2017128984954470551:0,positive,2026-09-17 08:56:00.024776+00:00
3,2016854617431351545:0,positive,2026-09-17 08:56:07.159889+00:00
3,2016737128550715871:0,neutral,2026-09-17 08:56:53.098954+00:00
3,2013803326190821609:0,neutral,2026-09-17 08:57:30.045494+00:00
3,2013803326190821609:1,positive,2026-09-17 08:57:36.854827+00:00
3,2013475207588057564:0,strongly_positive,2026-09-17 08:57:48.155070+00:00
3,2013475207588057564:1,positive,2026-09-17 08:57:57.066462+00:00
3,2013475207588057564:2,positive,2026-09-17 08:58:06.074718+00:00
3,2011644539862389091:0,positive,2026-09-17 08:58:23.012289+00:00
3,2011644539862389091:1,positive,2026-09-17 08:58:34.663256+00:00
3,2010189982552764542:0,positive,2026-09-17 08:58:41.204663+00:00
3,2007706638103527576:0,negative,2026-09-17 08:58:57.771706+00:00
3,2007706638103527576:1,negative,2026-09-17 08:59:06.352543+00:00
3,2004863773824418011:0,positive,2026-09-17 08:59:23.015154+00:00
3,2004863773824418011:1,positive,2026-09-17 08:59:34.256377+00:00
3,2004518344180060176:1,strongly_positive,2026-09-17 08:59:40.596246+00:00
3,2004518344180060176:2,strongly_positive,2026-09-17 08:59:46.001624+00:00
3,2003303172765634948:0,positive,2026-09-17 08:59:55.897258+00:00
3,2003303172765634948:1,neutral,2026-09-17 09:00:15.249261+00:00
3,2003303172765634948:2,positive,2026-09-17 09:00:25.639709+00:00
3,2001469545765343580:0,neutral,2026-09-17 09:00:34.283074+00:00
3,2001469545765343580:1,neutral,2026-09-17 09:00:40.211847+00:00
3,2001469545765343580:2,positive,2026-09-17 09:01:29.236813+00:00
3,2000568457100935629:0,neutral,2026-09-17 09:01:38.767981+00:00
3,2000568457100935629:1,positive,2026-09-17 09:01:54.699715+00:00
3,2000568457100935629:2,positive,2026-09-17 09:01:58.795000+00:00
3,2000159036038414717:0,positive,2026-09-17 09:02:05.721854+00:00
3,2019808215928889674:0,positive,2026-09-17 13:03:20.910669+00:00
3,1999831758691508363:0,positive,2026-09-17 13:03:49.240983+00:00
3,1999831758691508363:1,neutral,2026-09-17 13:04:06.213820+00:00
3,1999681937720639544:0,positive,2026-09-17 13:04:20.103839+00:00
3,1999681937720639544:1,positive,2026-09-17 13:04:32.758606+00:00
3,1998754980736676294:0,strongly_positive,2026-09-17 13:04:36.715416+00:00
3,1995379673967300853:0,strongly_positive,2026-09-17 13:04:47.660590+00:00
3,1995379673967300853:1,strongly_positive,2026-09-17 13:11:08.569411+00:00
3,1992912454935040003:0,positive,2026-09-17 13:11:57.020251+00:00
3,1992912454935040003:1,neutral,2026-09-17 13:15:38.381352+00:00
3,1992214054254055653:0,neutral,2026-09-17 13:15:49.226730+00:00
3,1992188112446099946:0,positive,2026-09-17 13:16:00.575096+00:00
3,1992188112446099946:1,neutral,2026-09-17 13:16:18.167098+00:00
3,1992188112446099946:2,neutral,2026-09-17 13:16:49.498908+00:00
3,1992067374603010518:0,positive,2026-09-17 13:17:01.312138+00:00
3,1992067374603010518:1,neutral,2026-09-17 13:17:29.987325+00:00
3,1992067374603010518:2,neutral,2026-09-17 13:17:59.172177+00:00
3,1992067374603010518:3,positive,2026-09-17 13:18:17.508038+00:00
3,1992067374603010518:4,neutral,2026-09-17 13:18:34.090900+00:00
3,1991343219624538389:0,negative,2026-09-17 13:18:41.120316+00:00
3,1991343219624538389:1,neutral,2026-09-17 13:19:37.689815+00:00
3,1991343219624538389:2,negative,2026-09-17 13:20:03.677839+00:00
3,1991343219624538389:3,positive,2026-09-17 13:20:15.037966+00:00
3,1989912468249038943:0,strongly_positive,2026-09-17 13:20:18.965896+00:00
3,1989714765787144213:0,neutral,2026-09-17 13:20:23.484120+00:00
3,1989310380179399028:0,neutral,2026-09-17 13:20:28.372693+00:00
3,1989310380179399028:2,positive,2026-09-17 13:21:12.553699+00:00
3,1989310380179399028:3,positive,2026-09-17 13:21:28.287717+00:00
3,1988507934687469661:1,neutral,2026-09-17 13:21:33.620340+00:00
3,1987529477619142994:0,positive,2026-09-17 13:21:51.407460+00:00
3,1987529477619142994:1,positive,2026-09-17 13:22:17.341786+00:00
3,1987529477619142994:2,positive,2026-09-17 13:22:27.457938+00:00
3,1987483605271183465:0,positive,2026-09-17 13:23:31.341905+00:00
3,1987483605271183465:1,positive,2026-09-17 13:23:53.203002+00:00
3,1987483605271183465:2,positive,2026-09-17 13:24:37.620104+00:00
3,1986818629246267778:0,positive,2026-09-17 13:24:50.996141+00:00
3,1986806647625507089:0,positive,2026-09-17 13:25:01.080362+00:00
3,1986806647625507089:1,negative,2026-09-17 13:28:01.552581+00:00
3,1985723312568517061:0,positive,2026-09-17 13:28:20.043884+00:00
3,1985723312568517061:1,neutral,2026-09-17 13:28:55.744394+00:00
3,1984928335970087032:1,positive,2026-09-17 13:30:04.465473+00:00
3,1984928335970087032:0,positive,2026-09-17 13:30:12.535215+00:00
3,1981161384185675961:0,positive,2026-09-17 13:30:32.117799+00:00
3,1968889880605294980:0,strongly_positive,2026-09-17 13:30:43.915623+00:00
3,1968889880605294980:1,positive,2026-09-17 13:32:51.635155+00:00
3,1968889880605294980:2,positive,2026-09-17 13:33:13.850125+00:00
3,1966446158118621196:0,neutral,2026-09-17 13:33:21.785611+00:00
3,1966446158118621196:1,neutral,2026-09-17 14:20:36.397619+00:00
3,1966446158118621196:2,negative,2026-09-17 14:20:55.988376+00:00
3,1966446158118621196:3,neutral,2026-09-17 14:21:07.882228+00:00
3,1966085386008162690:0,positive,2026-09-17 14:21:27.815326+00:00
3,1966085386008162690:1,neutral,2026-09-17 14:21:43.642441+00:00
3,1966085386008162690:2,positive,2026-09-17 14:21:52.160649+00:00
3,1966067348609314885:1,positive,2026-09-17 14:21:59.741996+00:00
3,1966067348609314885:2,positive,2026-09-17 14:22:05.938282+00:00
3,1966067348609314885:3,positive,2026-09-17 14:22:41.420888+00:00
3,1966067348609314885:4,positive,2026-09-17 14:22:48.564169+00:00
3,1962198371776774648:0,neutral,2026-09-17 14:23:16.175177+00:00
3,1962198371776774648:1,strongly_positive,2026-09-17 14:23:54.698646+00:00
3,1955224893949428083:0,dont_know,2026-09-17 14:24:17.450371+00:00
3,1952223053959540947:0,negative,2026-09-17 14:24:30.090901+00:00
3,1952223053959540947:1,negative,2026-09-17 14:24:45.912803+00:00
3,1952223053959540947:2,negative,2026-09-17 14:24:56.743413+00:00
3,1947866300409409796:0,positive,2026-09-17 14:25:08.646985+00:00
3,1947866300409409796:1,positive,2026-09-17 14:28:11.241993+00:00
3,1946138572358144381:0,neutral,2026-09-17 14:28:22.402001+00:00
3,1945654173380571269:0,positive,2026-09-17 14:28:46.034426+00:00
3,1945654173380571269:1,strongly_positive,2026-09-17 14:28:49.650362+00:00
3,1943143041625395340:0,strongly_positive,2026-09-17 14:29:01.254446+00:00
3,1942964808263041450:0,positive,2026-09-17 14:29:54.731912+00:00
3,1942964808263041450:1,negative,2026-09-17 14:30:12.554430+00:00
3,1942606768041083065:0,neutral,2026-09-17 14:30:29.384902+00:00
3,1941537395364467174:0,neutral,2026-09-17 14:30:46.093214+00:00
3,1929058190844440975:0,positive,2026-09-17 14:31:05.395055+00:00
3,1929058190844440975:1,positive,2026-09-17 14:31:20.670534+00:00
3,1928818654407188944:0,positive,2026-09-17 14:31:25.478199+00:00
3,1928818654407188944:1,positive,2026-09-17 14:31:42.466931+00:00
3,1927911833832227096:0,positive,2026-09-17 14:32:02.290022+00:00
3,1927911833832227096:1,strongly_positive,2026-09-17 14:32:09.226679+00:00
3,1927684225806795094:0,neutral,2026-09-17 14:32:17.909998+00:00
3,1927684225806795094:1,neutral,2026-09-17 14:32:21.433792+00:00
3,1926013359767323018:0,neutral,2026-09-17 14:32:25.748801+00:00
3,1926013359767323018:1,strongly_positive,2026-09-17 14:32:29.955415+00:00
3,1926013359767323018:2,positive,2026-09-17 14:32:41.318547+00:00
3,1920369918190469439:0,positive,2026-09-17 14:33:40.992089+00:00
3,1920369918190469439:1,neutral,2026-09-17 14:33:54.358428+00:00
3,1919792902839906496:0,positive,2026-09-17 14:34:49.664097+00:00
3,1919792902839906496:1,neutral,2026-09-17 14:35:16.909223+00:00
3,1919792902839906496:2,neutral,2026-09-17 14:35:30.499118+00:00
3,1919792902839906496:3,neutral,2026-09-17 14:35:48.081869+00:00
3,1919792902839906496:4,negative,2026-09-17 14:36:35.317298+00:00
3,1916836902227022133:0,neutral,2026-09-17 14:38:45.914376+00:00
3,1916836902227022133:1,positive,2026-09-17 14:39:10.918607+00:00
3,1916368348201275702:0,positive,2026-09-17 14:39:25.674801+00:00
3,1916368348201275702:1,strongly_positive,2026-09-17 14:39:31.137707+00:00
3,1916059861294715066:0,negative,2026-09-17 14:39:51.922081+00:00
3,1916059861294715066:1,positive,2026-09-17 14:39:58.288842+00:00
3,1915783094868783351:0,positive,2026-09-17 14:40:13.337495+00:00
3,1915273204194574544:0,neutral,2026-09-17 14:40:22.984320+00:00
3,1915273204194574544:1,strongly_positive,2026-09-17 14:40:28.048080+00:00
3,1915273204194574544:2,positive,2026-09-17 14:40:51.985240+00:00
3,1915273204194574544:3,positive,2026-09-17 14:40:56.196221+00:00
3,1915273204194574544:4,positive,2026-09-17 14:41:02.779595+00:00
3,1915273204194574544:5,positive,2026-09-17 14:41:13.093330+00:00
3,1913512874657685830:0,positive,2026-09-17 14:43:20.133729+00:00
3,1913512874657685830:1,neutral,2026-09-17 14:43:35.269860+00:00
3,1912740932161814933:0,positive,2026-09-17 14:44:47.199701+00:00
3,1912740932161814933:1,neutral,2026-09-17 14:45:04.699746+00:00
3,1911689876254363691:0,negative,2026-09-17 14:45:10.335530+00:00
3,1911689876254363691:1,positive,2026-09-17 14:45:42.548286+00:00
3,1911402270907941312:0,positive,2026-09-17 14:45:54.034367+00:00
3,1910639190414352650:0,neutral,2026-09-17 14:46:08.459167+00:00
3,1910639190414352650:1,strongly_positive,2026-09-17 14:46:12.510952+00:00
3,1910235437693559030:1,neutral,2026-09-17 14:46:19.337884+00:00
3,1910194030404591661:0,neutral,2026-09-17 14:47:12.393477+00:00
3,1909898525443305492:0,neutral,2026-09-17 14:47:34.444865+00:00
3,1909609665953931310:0,neutral,2026-09-17 14:48:14.285292+00:00
3,1909413194101408003:0,neutral,2026-09-17 14:48:42.138088+00:00
3,1909115750997950770:0,positive,2026-09-17 14:48:54.074876+00:00
3,1909115750997950770:1,negative,2026-09-17 14:48:57.619403+00:00
3,1909115750997950770:2,positive,2026-09-17 14:49:25.336993+00:00
3,1907300726600335547:0,neutral,2026-09-17 14:49:30.903586+00:00
3,1906962830383001828:0,neutral,2026-09-17 14:49:35.772114+00:00
3,1906962830383001828:1,neutral,2026-09-17 14:49:40.844482+00:00
3,1906962830383001828:2,neutral,2026-09-17 14:49:45.139420+00:00
3,1906712237123002622:0,positive,2026-09-17 14:50:35.127956+00:00
3,1906712237123002622:1,neutral,2026-09-17 14:50:47.078306+00:00
3,1906712237123002622:2,positive,2026-09-17 14:50:55.533663+00:00
3,1906712237123002622:3,neutral,2026-09-17 14:51:04.910312+00:00
3,1906590210663629001:0,neutral,2026-09-17 14:51:24.496703+00:00
3,1906569878695203276:0,neutral,2026-09-17 14:51:39.817148+00:00
3,1906569878695203276:1,positive,2026-09-17 14:51:52.387318+00:00
3,1906527575536738719:0,strongly_positive,2026-09-17 14:52:14.743610+00:00
3,1879058883416879182:3,positive,2026-09-17 15:35:03.417144+00:00
3,1906387824125136971:0,neutral,2026-09-17 15:00:47.475563+00:00
3,1906387824125136971:2,dont_know,2026-09-17 15:00:50.505716+00:00
3,1906387824125136971:3,dont_know,2026-09-17 15:03:55.768942+00:00
3,1906290884653547719:0,neutral,2026-09-17 15:04:17.450869+00:00
3,1906290884653547719:1,neutral,2026-09-17 15:06:18.849272+00:00
3,1906290884653547719:2,negative,2026-09-17 15:06:35.880106+00:00
3,1905459557020979671:0,positive,2026-09-17 15:06:49.953731+00:00
3,1905459557020979671:1,negative,2026-09-17 15:07:06.156022+00:00
3,1905459557020979671:3,positive,2026-09-17 15:07:21.793125+00:00
3,1903802376554688573:0,neutral,2026-09-17 15:07:39.053097+00:00
3,1903802376554688573:1,positive,2026-09-17 15:07:52.573570+00:00
3,1903109738210136541:0,positive,2026-09-17 15:08:10.769705+00:00
3,1903109738210136541:1,neutral,2026-09-17 15:08:26.955945+00:00
3,1902569797168275746:0,positive,2026-09-17 15:08:56.131768+00:00
3,1902569797168275746:1,neutral,2026-09-17 15:09:19.240975+00:00
3,1902569797168275746:2,neutral,2026-09-17 15:09:33.578458+00:00
3,1902336328022601748:0,positive,2026-09-17 15:09:53.883896+00:00
3,1901573359990685920:0,positive,2026-09-17 15:12:02.480325+00:00
3,1901573359990685920:1,positive,2026-09-17 15:12:20.464636+00:00
3,1901571970904535484:0,positive,2026-09-17 15:12:35.963260+00:00
3,1901571970904535484:1,positive,2026-09-17 15:12:51.059743+00:00
3,1901473883334611257:0,positive,2026-09-17 15:13:07.360183+00:00
3,1901473883334611257:1,positive,2026-09-17 15:13:19.652704+00:00
3,1901473274212880755:0,positive,2026-09-17 15:13:25.885859+00:00
3,1901473274212880755:1,positive,2026-09-17 15:13:31.636593+00:00
3,1901466045334053109:0,positive,2026-09-17 15:13:39.741708+00:00
3,1901466045334053109:1,positive,2026-09-17 15:13:46.392463+00:00
3,1901460772238328049:0,positive,2026-09-17 15:13:51.675987+00:00
3,1901460772238328049:1,positive,2026-09-17 15:14:02.655085+00:00
3,1901458507913986365:0,positive,2026-09-17 15:14:09.503986+00:00
3,1901458507913986365:1,positive,2026-09-17 15:15:31.829717+00:00
3,1900124657929642375:0,positive,2026-09-17 15:19:11.171593+00:00
3,1900124657929642375:1,strongly_positive,2026-09-17 15:21:12.335347+00:00
3,1900044375981191538:0,strongly_positive,2026-09-17 15:21:24.875323+00:00
3,1898212017670176872:0,strongly_positive,2026-09-17 15:22:45.929608+00:00
3,1896952910959038839:0,negative,2026-09-17 15:22:58.270209+00:00
3,1896952910959038839:1,negative,2026-09-17 15:23:16.285199+00:00
3,1896952910959038839:2,positive,2026-09-17 15:23:30.952278+00:00
3,1896952910959038839:3,positive,2026-09-17 15:23:34.776790+00:00
3,1896952910959038839:4,strongly_positive,2026-09-17 15:23:41.598254+00:00
3,1895870770099945667:0,neutral,2026-09-17 15:24:05.117934+00:00
3,1895345497571024996:0,positive,2026-09-17 15:26:20.880007+00:00
3,1895345497571024996:1,positive,2026-09-17 15:26:25.257177+00:00
3,1895345497571024996:2,strongly_positive,2026-09-17 15:26:28.245858+00:00
3,1895094953430393065:0,positive,2026-09-17 15:26:42.153087+00:00
3,1894601024541003932:0,negative,2026-09-17 15:26:57.099609+00:00
3,1894601024541003932:1,positive,2026-09-17 15:27:11.059015+00:00
3,1894601024541003932:2,neutral,2026-09-17 15:27:23.998093+00:00
3,1894601024541003932:3,strongly_positive,2026-09-17 15:27:30.272632+00:00
3,1892762176626315545:0,positive,2026-09-17 15:28:05.595153+00:00
3,1892032231842918713:0,strongly_positive,2026-09-17 15:28:19.952822+00:00
3,1892032231842918713:1,strongly_positive,2026-09-17 15:28:25.580813+00:00
3,1891404553343353209:0,neutral,2026-09-17 15:29:04.138825+00:00
3,1891404553343353209:1,neutral,2026-09-17 15:29:14.275528+00:00
3,1891404553343353209:2,neutral,2026-09-17 15:29:23.204082+00:00
3,1891404553343353209:3,positive,2026-09-17 15:29:30.234134+00:00
3,1890815941040083060:0,positive,2026-09-17 15:30:13.028639+00:00
3,1890602195554299916:0,neutral,2026-09-17 15:30:39.184528+00:00
3,1890217453273383261:0,positive,2026-09-17 15:30:50.088742+00:00
3,1888261561325912458:0,strongly_positive,2026-09-17 15:31:11.411696+00:00
3,1888200060263141834:0,positive,2026-09-17 15:31:30.891598+00:00
3,1887757645207248983:0,positive,2026-09-17 15:31:48.740323+00:00
3,1887757645207248983:1,strongly_positive,2026-09-17 15:31:54.098690+00:00
3,1886791612493390205:1,positive,2026-09-17 15:32:07.478594+00:00
3,1886791612493390205:2,positive,2026-09-17 15:32:22.246095+00:00
3,1886791612493390205:3,positive,2026-09-17 15:32:29.504027+00:00
3,1886791612493390205:4,positive,2026-09-17 15:32:46.169644+00:00
3,1885983734161457278:0,neutral,2026-09-17 15:33:09.295838+00:00
3,1885358270208156049:0,neutral,2026-09-17 15:33:33.482342+00:00
3,1884461619008393681:1,positive,2026-09-17 15:33:43.606836+00:00
3,1881728631438967069:0,neutral,2026-09-17 15:34:04.313287+00:00
3,1881304577338941671:0,neutral,2026-09-17 15:34:20.076771+00:00
3,1879735653925261813:0,positive,2026-09-17 15:34:25.525310+00:00
3,1879058883416879182:0,positive,2026-09-17 15:34:37.568158+00:00
3,1879058883416879182:1,positive,2026-09-17 15:34:43.343832+00:00
3,1879058883416879182:2,positive,2026-09-17 15:34:50.669271+00:00
3,1877956815453102121:0,positive,2026-09-17 15:35:19.681433+00:00
3,1877956815453102121:1,positive,2026-09-17 15:35:24.810978+00:00
3,1877956815453102121:2,neutral,2026-09-17 15:35:55.465399+00:00
3,1877212696908599692:0,positive,2026-09-17 15:36:05.027727+00:00
3,1877212696908599692:1,neutral,2026-09-17 15:36:21.293925+00:00
3,1877212696908599692:2,negative,2026-09-17 15:36:29.582119+00:00
3,1877212696908599692:3,negative,2026-09-17 15:36:37.468049+00:00
3,1875549415748071838:0,positive,2026-09-17 15:37:20.466373+00:00
3,1875008200195682341:0,negative,2026-09-17 15:37:32.287284+00:00
3,1875008200195682341:1,positive,2026-09-17 15:37:37.613288+00:00
3,1874336694365020480:0,strongly_positive,2026-09-17 15:37:43.200578+00:00
3,1874114092996452828:0,positive,2026-09-17 15:38:05.076693+00:00
3,1874114092996452828:1,positive,2026-09-17 15:38:11.241865+00:00
3,1874114092996452828:2,positive,2026-09-17 15:38:16.709477+00:00
3,1854341817699115488:0,strongly_positive,2026-09-17 15:38:28.527885+00:00
3,1854341817699115488:1,positive,2026-09-17 15:38:36.415667+00:00
3,1844575514398425359:0,strongly_positive,2026-09-17 15:38:41.629941+00:00
3,1836590042254651883:1,strongly_positive,2026-09-17 15:39:04.922498+00:00
3,1831917799171879050:0,strongly_positive,2026-09-17 15:39:18.077300+00:00
3,1830453072923156673:0,positive,2026-09-17 15:39:49.776813+00:00
3,1829889704327856155:0,strongly_positive,2026-09-17 15:40:00.961092+00:00
3,1825365919352373640:0,strongly_positive,2026-09-17 15:40:21.493582+00:00
3,1821260435620089965:0,strongly_positive,2026-09-17 15:40:25.544693+00:00
3,1820855609778180430:0,strongly_positive,2026-09-17 15:40:30.745876+00:00
3,1813765603796349427:0,strongly_positive,2026-09-17 15:41:12.102857+00:00
3,1812765744318538167:1,strongly_positive,2026-09-17 15:41:23.178991+00:00
3,1811060363506635210:0,neutral,2026-09-17 15:41:47.301890+00:00
3,1811016304217948245:0,neutral,2026-09-18 03:58:32.267271+00:00
3,1809258451216015590:0,negative,2026-09-18 03:59:10.005805+00:00
3,1809258451216015590:1,negative,2026-09-18 04:00:28.715964+00:00
3,1809258451216015590:3,negative,2026-09-18 04:41:20.082666+00:00
3,1808845228809539829:0,positive,2026-09-18 04:41:36.204104+00:00
3,1808845228809539829:1,negative,2026-09-18 04:42:15.999664+00:00
3,1807717550228394476:0,neutral,2026-09-18 04:42:34.333134+00:00
3,1807345109413019756:0,neutral,2026-09-18 04:42:48.598813+00:00
3,1807345109413019756:1,positive,2026-09-18 04:43:31.131843+00:00
3,1806872993584304611:0,neutral,2026-09-18 04:44:07.272267+00:00
3,1806872993584304611:1,positive,2026-09-18 04:44:18.945745+00:00
3,1806872993584304611:3,negative,2026-09-18 04:45:00.702672+00:00
3,1806550383969657016:1,positive,2026-09-18 04:45:12.736718+00:00
3,1806540897544503314:1,positive,2026-09-18 04:45:17.751694+00:00
3,1805771024891625850:1,positive,2026-09-18 04:45:28.120114+00:00
3,1805514383961080215:0,neutral,2026-09-18 04:45:37.983148+00:00
3,1805514383961080215:2,positive,2026-09-18 04:45:41.776807+00:00
3,1805514383961080215:3,neutral,2026-09-18 04:45:53.822490+00:00
3,1804708055227204029:0,positive,2026-09-18 04:46:03.015939+00:00
3,1804708055227204029:1,neutral,2026-09-18 04:48:16.877591+00:00
3,1804415363947377019:0,neutral,2026-09-18 04:49:11.260686+00:00
3,1804415363947377019:1,neutral,2026-09-18 04:49:25.494518+00:00
3,1804415363947377019:2,positive,2026-09-18 04:49:37.571784+00:00
3,1803954992753316056:0,positive,2026-09-18 04:50:00.621426+00:00
3,1841703635937296575:0,negative,2026-09-18 04:52:03.898969+00:00
3,1837539004327383337:0,positive,2026-09-18 04:52:34.956141+00:00
3,1836778992608973138:0,neutral,2026-09-18 04:52:56.657670+00:00
3,1836590042254651883:0,positive,2026-09-18 04:53:31.396783+00:00
3,1836034000080490670:0,positive,2026-09-18 04:54:13.951791+00:00
3,1832299867395231793:0,positive,2026-09-18 04:54:40.320221+00:00
3,1831270553602470201:0,negative,2026-09-18 04:55:20.727446+00:00
3,1831257943846588790:0,neutral,2026-09-18 04:57:17.756067+00:00
3,1828801406561849850:0,neutral,2026-09-18 04:58:25.906818+00:00
3,1828801406561849850:1,positive,2026-09-18 04:59:10.070413+00:00
3,1825437897647919458:0,neutral,2026-09-18 05:02:01.036809+00:00
3,1825437897647919458:3,positive,2026-09-18 05:02:17.735745+00:00
3,1820445334684012558:0,positive,2026-09-18 05:03:00.134054+00:00
3,1820411146958233894:0,positive,2026-09-18 05:07:27.239536+00:00
3,1820411146958233894:1,positive,2026-09-18 05:09:08.275162+00:00
3,1817935561656864862:0,neutral,2026-09-18 05:09:45.161681+00:00
3,1817935561656864862:1,neutral,2026-09-18 05:10:17.568852+00:00
3,1817935561656864862:3,neutral,2026-09-18 05:11:41.342561+00:00
3,1816055026495701189:0,neutral,2026-09-18 05:11:58.595131+00:00
3,1816055026495701189:1,negative,2026-09-18 05:12:17.723040+00:00
3,1813596305454989662:0,neutral,2026-09-18 05:12:58.172040+00:00
3,1813596305454989662:1,positive,2026-09-18 05:13:31.415452+00:00
3,1812765744318538167:0,positive,2026-09-18 05:14:27.490173+00:00
3,1803954992753316056:1,positive,2026-09-18 05:18:21.699103+00:00
3,1803078140190658670:0,neutral,2026-09-18 05:18:28.919952+00:00
3,1802939994891514302:0,neutral,2026-09-18 05:20:05.032526+00:00
3,1801906028885250060:0,neutral,2026-09-18 05:20:47.821904+00:00
3,1799440321786658831:0,negative,2026-09-18 05:21:29.614320+00:00
3,1799440321786658831:1,negative,2026-09-18 05:22:05.669657+00:00
3,1799255892908441907:1,positive,2026-09-18 05:23:59.157307+00:00
3,1796681141598175615:0,positive,2026-09-18 05:24:15.828510+00:00
3,1796681141598175615:1,positive,2026-09-18 05:32:10.159995+00:00
3,1796681141598175615:2,positive,2026-09-18 05:32:16.733897+00:00
3,1795323363994571112:0,positive,2026-09-18 05:32:41.224443+00:00
3,1795323363994571112:1,positive,2026-09-18 05:36:53.698863+00:00
3,1793425673262117367:0,neutral,2026-09-18 05:36:58.777427+00:00
3,1793425673262117367:1,strongly_positive,2026-09-18 05:37:02.541242+00:00
3,1793425673262117367:2,positive,2026-09-18 05:37:18.464642+00:00
3,1793425673262117367:3,positive,2026-09-18 05:37:24.202346+00:00
3,1792526556101058710:0,neutral,2026-09-18 05:37:30.329367+00:00
3,1792526556101058710:2,neutral,2026-09-18 05:37:38.564360+00:00
3,1792526556101058710:3,neutral,2026-09-18 05:38:03.587699+00:00
3,1791008533347275137:0,neutral,2026-09-18 05:38:15.361671+00:00
3,1791008533347275137:1,neutral,2026-09-18 05:38:25.147102+00:00
3,1790408121871163650:0,negative,2026-09-18 05:38:35.871924+00:00
3,1790274743591109075:0,positive,2026-09-18 05:38:46.026041+00:00
3,1790274743591109075:1,positive,2026-09-18 05:38:56.724815+00:00
3,1790274743591109075:2,strongly_positive,2026-09-18 05:39:00.171582+00:00
3,1788236452649947578:0,positive,2026-09-18 05:39:13.273435+00:00
3,1788236452649947578:1,neutral,2026-09-18 05:39:18.475088+00:00
3,1788236452649947578:2,dont_know,2026-09-18 05:39:23.791569+00:00
3,1788169739455590584:0,positive,2026-09-18 05:39:27.560356+00:00
3,1786733516606091554:0,positive,2026-09-18 05:39:36.613623+00:00
3,1786733516606091554:1,positive,2026-09-18 05:39:45.888531+00:00
3,1786733516606091554:2,positive,2026-09-18 05:39:51.143018+00:00
3,1779137083384512720:0,strongly_positive,2026-09-18 05:39:54.703667+00:00
3,1777352831424733310:0,neutral,2026-09-18 05:40:20.389673+00:00
3,1774389905327858171:0,strongly_positive,2026-09-18 05:40:24.349453+00:00
3,1774389905327858171:1,positive,2026-09-18 05:40:38.290936+00:00
3,1774389905327858171:2,positive,2026-09-18 05:40:52.645748+00:00
3,1773174121200837092:0,positive,2026-09-18 05:41:05.578039+00:00
3,1773174121200837092:1,strongly_positive,2026-09-18 05:41:11.082259+00:00
3,1772828417756672482:0,neutral,2026-09-18 08:11:31.111144+00:00
3,1772828417756672482:2,positive,2026-09-18 08:11:34.234722+00:00
3,1772828417756672482:4,neutral,2026-09-18 08:12:09.470875+00:00
3,1772112300079550970:0,neutral,2026-09-18 08:12:16.885586+00:00
3,1772112300079550970:1,strongly_positive,2026-09-18 08:12:36.808672+00:00
3,1771784302033875064:0,strongly_positive,2026-09-18 08:24:10.715261+00:00
3,1770446816359989750:0,strongly_positive,2026-09-18 08:24:19.859547+00:00
3,1770092628434178241:0,positive,2026-09-18 08:25:00.633168+00:00
3,1768057679870599467:0,strongly_positive,2026-09-18 08:25:15.677838+00:00
3,1768057679870599467:1,neutral,2026-09-18 08:25:26.283084+00:00
3,1768057679870599467:2,positive,2026-09-18 08:25:42.125613+00:00
3,1765920798609707042:0,strongly_positive,2026-09-18 08:25:48.818270+00:00
3,1763760374955040775:0,neutral,2026-09-18 08:26:05.094209+00:00
3,1763760374955040775:1,neutral,2026-09-18 08:26:17.963473+00:00
3,1763580040086958300:0,strongly_positive,2026-09-18 08:26:21.849916+00:00
3,1762503973410673022:0,positive,2026-09-18 08:26:24.947525+00:00
3,1762141737416569160:0,negative,2026-09-18 08:26:28.566470+00:00
3,1762141737416569160:1,positive,2026-09-18 08:26:39.554558+00:00
3,1762141737416569160:2,negative,2026-09-18 08:26:45.084804+00:00
3,1759552681490968658:0,neutral,2026-09-18 08:49:06.057328+00:00
3,1759552681490968658:1,neutral,2026-09-18 08:49:17.079220+00:00
3,1759552681490968658:2,neutral,2026-09-18 08:49:23.538822+00:00
3,1759552681490968658:3,strongly_positive,2026-09-18 08:49:32.145797+00:00
3,1758483159740764303:0,strongly_positive,2026-09-18 08:49:37.768574+00:00
3,1757608811773546867:0,positive,2026-09-18 08:50:03.888234+00:00
3,1757595519986380829:0,positive,2026-09-18 08:50:36.064741+00:00
3,1757595519986380829:1,positive,2026-09-18 08:51:00.671061+00:00
3,1756551013723697597:0,strongly_positive,2026-09-18 08:51:10.345676+00:00
3,1756314424468816377:0,positive,2026-09-18 08:51:41.142863+00:00
3,1756314424468816377:1,positive,2026-09-18 08:52:39.512353+00:00
3,1755570100843757720:0,positive,2026-09-18 08:53:07.388305+00:00
3,1755570100843757720:1,positive,2026-09-18 08:55:04.491407+00:00
3,1755083673735467135:0,neutral,2026-09-18 09:02:21.215091+00:00
3,1754146677395702012:0,neutral,2026-09-18 09:02:45.086049+00:00
3,1752981374796235066:0,neutral,2026-09-18 09:05:48.334197+00:00
3,1751644117900411016:0,neutral,2026-09-18 09:06:08.177277+00:00
3,1751644117900411016:1,neutral,2026-09-18 09:09:49.361696+00:00
3,1751210555455549911:0,positive,2026-09-18 09:10:13.119843+00:00
3,1750358249688457409:0,neutral,2026-09-18 09:11:22.913885+00:00
3,1750173080037769547:0,positive,2026-09-18 09:12:01.010034+00:00
3,1749101252452188562:0,positive,2026-09-18 09:13:00.341551+00:00
3,1749101252452188562:1,neutral,2026-09-18 09:18:35.481166+00:00
3,1748726403514986722:0,neutral,2026-09-18 09:18:42.762518+00:00
3,1746746899602805224:0,positive,2026-09-18 09:27:07.716650+00:00
3,1742782635154481594:0,positive,2026-09-18 09:28:00.380526+00:00
3,1742573596340371777:0,positive,2026-09-18 09:28:39.258483+00:00
3,1742573596340371777:1,neutral,2026-09-18 09:29:36.480799+00:00
3,1742553281803538852:0,neutral,2026-09-18 09:30:08.911079+00:00
3,1741654360483082698:0,strongly_positive,2026-09-18 09:30:19.115484+00:00
3,1740284260907684214:0,neutral,2026-09-18 09:31:00.207099+00:00
3,1740284260907684214:1,negative,2026-09-18 09:31:59.664621+00:00
3,1738197214122725496:0,positive,2026-09-18 09:32:24.017221+00:00
3,1738197214122725496:1,neutral,2026-09-18 09:34:11.964175+00:00
3,1736049918593446067:0,positive,2026-09-18 09:35:58.754324+00:00
3,1731530707535819241:0,neutral,2026-09-18 09:36:57.803791+00:00
3,1730581113985515966:0,neutral,2026-09-18 09:37:20.390480+00:00
3,1726534197484073377:0,neutral,2026-09-18 09:37:29.924445+00:00
3,1726534197484073377:1,negative,2026-09-18 09:37:40.389039+00:00
3,1726534197484073377:2,positive,2026-09-18 09:37:49.093085+00:00
3,1726534197484073377:4,positive,2026-09-18 09:37:55.956644+00:00
3,1725708125725168124:0,negative,2026-09-18 09:38:27.451050+00:00
3,1723525772428927000:0,strongly_positive,2026-09-18 09:38:31.900020+00:00
3,1721907744972951650:0,neutral,2026-09-18 09:38:48.219960+00:00
3,1721482678380216583:0,neutral,2026-09-18 09:39:11.990911+00:00
3,1720606158199673006:0,negative,2026-09-18 09:39:28.272597+00:00
3,1720606158199673006:1,neutral,2026-09-18 09:39:40.109023+00:00
3,1720606158199673006:2,negative,2026-09-18 09:39:51.164057+00:00
3,1720372178833854676:0,strongly_positive,2026-09-18 09:40:24.166500+00:00
3,1719672299002155180:0,neutral,2026-09-18 09:41:08.311229+00:00
3,1719672299002155180:1,positive,2026-09-18 09:41:13.530842+00:00
3,1719342154148184452:0,positive,2026-09-18 09:41:19.781030+00:00
3,1716802085755445302:0,positive,2026-09-18 09:41:24.422734+00:00
3,1716802085755445302:1,positive,2026-09-18 09:41:28.198589+00:00
3,1716623627934900371:0,strongly_positive,2026-09-18 09:42:20.395189+00:00
3,1716432724830167379:0,neutral,2026-09-18 09:42:46.517439+00:00
3,1716336082407895372:0,positive,2026-09-18 09:46:17.589150+00:00
3,1714683504775356925:0,positive,2026-09-18 09:47:27.571102+00:00
3,1714683504775356925:1,neutral,2026-09-18 09:51:54.147016+00:00
3,1713823294691139913:0,negative,2026-09-18 09:52:36.327177+00:00
3,1713203221144236270:0,neutral,2026-09-18 09:52:48.608083+00:00
3,1713203221144236270:1,neutral,2026-09-18 09:53:58.464878+00:00
3,1712105135957254476:0,positive,2026-09-18 09:55:24.225999+00:00
3,1712105135957254476:1,positive,2026-09-18 09:55:55.837140+00:00
3,1711994908977058194:0,neutral,2026-09-18 09:56:18.732079+00:00
3,1711994908977058194:1,positive,2026-09-18 09:57:05.939867+00:00
3,1709545380822897047:0,positive,2026-09-18 09:58:23.373870+00:00
3,1709545380822897047:1,positive,2026-09-18 09:59:33.645515+00:00
3,1708865638381605225:0,neutral,2026-09-18 09:59:53.147621+00:00
3,1708432831272440012:0,positive,2026-09-18 10:00:13.101346+00:00
3,1706914488061157834:0,positive,2026-09-18 10:00:48.871592+00:00
3,1703611754180448646:0,positive,2026-09-18 10:03:04.423663+00:00
3,1702248637970165883:0,strongly_positive,2026-09-18 10:03:09.147171+00:00
3,1701434190254797305:0,negative,2026-09-18 10:03:15.268146+00:00
3,1700705959621103952:0,positive,2026-09-18 10:04:50.335516+00:00
3,1700323069234229262:0,positive,2026-09-18 10:06:15.847305+00:00
3,1699621936064782501:0,strongly_positive,2026-09-18 10:06:22.238062+00:00
3,1699621936064782501:1,positive,2026-09-18 10:13:00.583807+00:00
3,1699621936064782501:2,positive,2026-09-18 10:14:48.113759+00:00
3,1697453972150513781:0,neutral,2026-09-18 10:14:58.692937+00:00
3,1697174817060057170:1,neutral,2026-09-18 10:15:10.464734+00:00
3,1697174817060057170:3,neutral,2026-09-18 10:15:25.442256+00:00
3,1697174817060057170:4,neutral,2026-09-18 10:16:34.272114+00:00
3,1697174817060057170:5,dont_know,2026-09-18 10:18:40.638651+00:00
3,1696368971799527627:0,positive,2026-09-18 10:18:49.677869+00:00
3,1696368971799527627:2,positive,2026-09-18 10:20:11.635975+00:00
3,1696368971799527627:3,neutral,2026-09-18 10:20:58.160835+00:00
3,1696368971799527627:4,positive,2026-09-18 10:22:42.710516+00:00
3,1696368971799527627:5,positive,2026-09-18 10:22:47.839595+00:00
3,1696368971799527627:6,positive,2026-09-18 10:23:32.003270+00:00
3,1696132893653991525:0,positive,2026-09-18 10:23:36.432999+00:00
3,1686382276803018754:0,neutral,2026-09-18 10:26:06.310419+00:00
3,1679042844630347777:0,negative,2026-09-18 10:26:32.372659+00:00
3,1677518906695766017:0,negative,2026-09-18 10:27:42.825506+00:00
3,1677518906695766017:1,negative,2026-09-18 10:28:05.459517+00:00
3,1674661195268378625:0,strongly_positive,2026-09-18 10:28:13.264284+00:00
3,1674439304377171969:0,positive,2026-09-18 10:28:28.036016+00:00
3,1674439304377171969:1,positive,2026-09-18 10:28:45.749130+00:00
3,1674439304377171969:2,positive,2026-09-18 10:29:20.451670+00:00
3,1674439304377171969:3,negative,2026-09-18 10:29:33.826770+00:00
3,1668047330136977409:0,strongly_positive,2026-09-18 10:30:01.438985+00:00
3,1663502936348196864:0,negative,2026-09-18 10:32:28.210099+00:00
3,1663502936348196864:1,negative,2026-09-18 10:33:40.024200+00:00
3,1663502936348196864:2,negative,2026-09-18 10:46:05.869455+00:00
3,1663071453452070912:0,positive,2026-09-18 10:46:54.285194+00:00
3,1663071453452070912:1,positive,2026-09-18 10:47:13.659670+00:00
3,1661209858832764929:0,strongly_positive,2026-09-18 10:47:22.733883+00:00
3,1661209858832764929:1,strongly_positive,2026-09-18 10:47:31.436428+00:00
3,1660325666393559040:0,strongly_positive,2026-09-18 10:54:59.980680+00:00
3,1660325666393559040:1,strongly_positive,2026-09-18 10:55:08.929722+00:00
3,1657198817463402502:0,strongly_positive,2026-09-18 10:55:54.565126+00:00
3,1652851974944206848:0,strongly_positive,2026-09-18 10:56:14.033175+00:00
3,1652629512352600064:0,neutral,2026-09-18 11:01:04.527646+00:00
3,1652579382932930560:0,neutral,2026-09-18 11:01:29.259296+00:00
3,1650345563085479937:0,positive,2026-09-18 11:03:54.891484+00:00
3,1649945108337532930:0,positive,2026-09-18 11:04:36.185448+00:00
3,1649945108337532930:2,positive,2026-09-18 11:05:22.966364+00:00
3,1649945108337532930:3,positive,2026-09-18 11:05:48.010484+00:00
3,1649945108337532930:4,positive,2026-09-18 11:08:52.075115+00:00
3,1649945108337532930:5,strongly_positive,2026-09-18 11:09:23.279393+00:00
3,1649676595177865217:0,strongly_positive,2026-09-18 11:09:29.931092+00:00
3,1648890032613359616:0,strongly_positive,2026-09-18 11:09:36.782663+00:00
3,1647514703281676288:0,negative,2026-09-18 11:10:00.158211+00:00
3,1647514703281676288:1,positive,2026-09-18 11:10:57.960762+00:00
3,1646719429320003585:0,strongly_positive,2026-09-18 11:11:02.272781+00:00
3,1641807070776393729:0,strongly_positive,2026-09-18 11:11:09.278026+00:00
3,1641655119405289473:0,strongly_positive,2026-09-18 11:11:15.287041+00:00
3,1635594042556964864:2,negative,2026-09-18 11:18:25.295104+00:00
3,1634928810406875136:0,neutral,2026-09-18 11:18:36.513818+00:00
3,1634928810406875136:1,strongly_positive,2026-09-18 11:18:39.300669+00:00
3,1634027861144387585:0,neutral,2026-09-18 11:18:58.072488+00:00
3,1634027861144387585:1,strongly_positive,2026-09-18 11:19:32.799285+00:00
3,1633684579382087680:0,positive,2026-09-18 11:19:41.254805+00:00
3,1633684579382087680:1,positive,2026-09-18 11:30:41.583412+00:00
3,1633684579382087680:2,strongly_positive,2026-09-18 11:30:56.401893+00:00
3,1633347110728011776:0,strongly_positive,2026-09-18 11:31:07.857340+00:00
3,1632566854194720772:0,strongly_positive,2026-09-18 11:31:21.187494+00:00
3,1631348620716015616:0,strongly_positive,2026-09-18 11:31:36.495691+00:00
3,1631348620716015616:1,strongly_positive,2026-09-18 11:31:48.098829+00:00
3,1630250789678780417:0,strongly_positive,2026-09-18 11:33:17.491075+00:00
3,1630069914336890881:0,neutral,2026-09-18 11:34:33.522402+00:00
3,1630069914336890881:1,neutral,2026-09-18 11:42:30.177699+00:00
3,1630069914336890881:2,negative,2026-09-18 11:48:24.862407+00:00
3,1630069914336890881:3,neutral,2026-09-18 11:48:31.985584+00:00
3,1627183517682786305:0,positive,2026-09-18 11:54:05.622116+00:00
3,1627183517682786305:1,strongly_positive,2026-09-18 11:54:12.432654+00:00
3,1626775806155558912:0,positive,2026-09-18 11:55:12.215411+00:00
3,1624611784308199424:0,strongly_positive,2026-09-18 11:55:18.180567+00:00
3,1622978941123432449:0,neutral,2026-09-18 11:55:23.316975+00:00
3,1621707463711154176:0,neutral,2026-09-18 11:55:30.973960+00:00
3,1621707463711154176:1,neutral,2026-09-18 11:56:15.394511+00:00
3,1621707463711154176:2,negative,2026-09-18 11:56:51.985545+00:00
3,1621421305718505473:0,neutral,2026-09-18 11:57:07.140898+00:00
3,1621115178439053315:0,positive,2026-09-18 11:57:31.446424+00:00
3,1619948129331331073:0,negative,2026-09-18 11:57:49.240407+00:00
3,1617103224233947136:0,neutral,2026-09-18 12:00:30.007741+00:00
3,1617103224233947136:1,positive,2026-09-18 12:00:45.773232+00:00
3,1616701683316424706:0,positive,2026-09-18 12:02:43.384320+00:00
3,1615190982370426882:0,strongly_positive,2026-09-18 12:02:51.249464+00:00
3,1614599772723380227:0,neutral,2026-09-18 12:02:58.299655+00:00
3,1614599772723380227:1,neutral,2026-09-18 12:03:06.548001+00:00
3,1614599772723380227:2,neutral,2026-09-18 12:04:27.570796+00:00
3,1614599772723380227:3,negative,2026-09-18 12:04:44.802565+00:00
3,1614591024957132800:0,strongly_positive,2026-09-18 12:04:49.200670+00:00
3,1613011433519972352:0,positive,2026-09-18 12:07:34.497767+00:00
3,1612113238552109057:0,neutral,2026-09-18 12:08:03.297139+00:00
3,1612113238552109057:1,neutral,2026-09-18 12:08:15.696691+00:00
3,1612113238552109057:2,neutral,2026-09-18 12:08:29.011762+00:00
3,1612113238552109057:3,neutral,2026-09-18 12:08:59.940065+00:00
3,1612113238552109057:4,positive,2026-09-18 12:10:50.848409+00:00
3,1610112756887490560:0,neutral,2026-09-18 12:13:00.124976+00:00
3,1609429926381498368:0,strongly_positive,2026-09-18 12:13:03.381539+00:00
3,1609429926381498368:1,neutral,2026-09-18 12:13:07.177805+00:00
3,1607406034162974721:0,strongly_positive,2026-09-18 12:13:12.378118+00:00
3,1607406034162974721:1,positive,2026-09-18 12:14:02.451260+00:00
3,1607406034162974721:2,positive,2026-09-18 12:15:00.563999+00:00
3,1607405424457973766:0,strongly_positive,2026-09-18 12:15:06.711918+00:00
3,1601250012616306688:0,dont_know,2026-09-18 12:16:31.577142+00:00
3,1599673057307566081:0,neutral,2026-09-18 12:18:54.633671+00:00
3,1599673057307566081:1,positive,2026-09-18 12:18:57.013155+00:00
3,1599359506680811521:0,neutral,2026-09-18 12:19:14.486216+00:00
3,1599275262440779776:0,positive,2026-09-18 12:19:35.490808+00:00
3,1598985738502430720:0,neutral,2026-09-18 12:22:44.492549+00:00
3,1598680068447870976:0,positive,2026-09-18 12:23:02.640358+00:00
3,1598564064346910726:0,strongly_positive,2026-09-18 12:23:10.388743+00:00
3,1598564064346910726:1,neutral,2026-09-18 12:24:29.817243+00:00
3,1598142397820547073:0,positive,2026-09-18 12:24:51.762060+00:00
3,1597488084202844161:0,positive,2026-09-18 12:25:36.656029+00:00
3,1597488084202844161:1,positive,2026-09-18 12:26:45.388604+00:00
3,1597089626031681536:0,negative,2026-09-18 12:27:35.723936+00:00
3,1597089626031681536:1,positive,2026-09-18 12:27:50.645649+00:00
3,1596529240161521664:0,strongly_positive,2026-09-18 12:36:04.723636+00:00
3,1596529240161521664:1,strongly_positive,2026-09-18 12:36:16.059515+00:00
3,1595313673563557888:0,neutral,2026-09-18 12:36:55.778481+00:00
3,1594368310224691200:0,strongly_positive,2026-09-18 12:36:59.452221+00:00
3,1594368310224691200:1,strongly_positive,2026-09-18 12:39:59.635504+00:00
3,1594153172443942913:0,neutral,2026-09-18 12:40:48.304135+00:00
3,1593292390705823744:0,neutral,2026-09-18 12:41:07.478447+00:00
3,1593292390705823744:1,positive,2026-09-18 12:45:15.829785+00:00
3,1593264744081022976:0,neutral,2026-09-18 12:45:39.520987+00:00
3,1593248295752957952:0,strongly_positive,2026-09-18 12:45:43.988599+00:00
3,1593234914803339264:0,neutral,2026-09-18 12:45:56.888601+00:00
3,1593234914803339264:1,positive,2026-09-18 12:46:10.106112+00:00
3,1593190939270344704:0,positive,2026-09-18 12:47:02.106646+00:00
3,1592887884235051008:0,positive,2026-09-18 12:47:17.785449+00:00
3,1592809519427772417:0,positive,2026-09-18 12:47:39.888524+00:00
3,1592706188080480256:0,positive,2026-09-18 12:48:21.196435+00:00
3,1592413311966273538:0,neutral,2026-09-18 12:50:56.186949+00:00
3,1592344132747411456:0,positive,2026-09-18 12:51:21.155440+00:00
3,1592156559421116417:0,positive,2026-09-18 12:51:57.518537+00:00
3,1592115738860716032:0,positive,2026-09-18 12:52:08.838739+00:00
3,1592050232128589824:0,positive,2026-09-18 12:52:38.155833+00:00
3,1591980738240401408:0,positive,2026-09-18 12:52:49.400412+00:00
3,1591807486176395264:0,positive,2026-09-18 12:52:53.169149+00:00
3,1591620615399608320:0,positive,2026-09-18 12:52:56.469500+00:00
3,1591365106377854976:0,positive,2026-09-18 12:53:00.123979+00:00
3,1591255711077441536:0,positive,2026-09-18 12:53:02.876959+00:00
3,1591030059439390720:0,positive,2026-09-18 12:53:07.257993+00:00
3,1590894581780025344:0,positive,2026-09-18 12:53:38.334548+00:00
3,1590644436740214784:0,positive,2026-09-18 12:53:42.533660+00:00
3,1590529425438740480:0,positive,2026-09-18 12:53:48.587990+00:00
3,1590167358613909507:0,positive,2026-09-18 12:54:13.642268+00:00
3,1589822708191481856:0,positive,2026-09-18 12:54:22.727529+00:00
3,1589583945460420608:0,positive,2026-09-18 12:54:37.570150+00:00
3,1589214762633773056:0,positive,2026-09-18 12:54:40.213630+00:00
3,1589082011662450688:0,positive,2026-09-18 12:54:45.045113+00:00
3,1588861803265916928:0,positive,2026-09-18 12:55:08.825548+00:00
3,1588503291066982401:0,positive,2026-09-18 12:55:21.956172+00:00
3,1588145217496289281:0,positive,2026-09-18 12:55:28.329218+00:00
3,1588136380068421635:0,positive,2026-09-18 12:55:31.877889+00:00
3,1587765212010127362:0,positive,2026-09-18 12:55:33.991753+00:00
3,1587414156721893377:0,positive,2026-09-18 12:55:40.795137+00:00
3,1587052560615342080:0,positive,2026-09-18 12:55:43.298004+00:00
3,1586681823995645952:0,positive,2026-09-18 12:55:48.645051+00:00
3,1586534994511790080:0,strongly_positive,2026-09-18 12:55:52.213925+00:00
3,1586323938980003840:0,positive,2026-09-18 12:55:56.633026+00:00
3,1585974392538148864:0,positive,2026-09-18 12:56:23.729744+00:00
3,1585456969338753024:0,strongly_positive,2026-09-18 12:56:28.558538+00:00
3,1585097885451812864:0,strongly_positive,2026-09-18 12:56:50.134159+00:00
3,1584737762489651200:0,strongly_positive,2026-09-18 12:56:52.922364+00:00
3,1584382924345974785:0,strongly_positive,2026-09-18 12:56:56.479710+00:00
3,1584367825098940417:0,strongly_positive,2026-09-18 12:56:59.333279+00:00
3,1584068811996950533:0,strongly_positive,2026-09-18 12:57:14.741549+00:00
3,1584010470335324162:0,strongly_positive,2026-09-18 12:57:21.104010+00:00
3,1582338289649913856:0,positive,2026-09-18 12:58:35.840477+00:00
3,1582246097015033856:0,positive,2026-09-18 12:59:45.991660+00:00
3,1580880761841852422:1,neutral,2026-09-18 12:59:56.137298+00:00
3,1580880761841852422:2,neutral,2026-09-18 13:00:25.285903+00:00
3,1580604868024160256:0,positive,2026-09-18 13:01:34.099160+00:00
3,1580604868024160256:1,neutral,2026-09-18 13:02:56.948994+00:00
3,1580238476041023496:0,neutral,2026-09-18 13:03:13.833024+00:00
3,1580238476041023496:1,positive,2026-09-18 13:03:20.005580+00:00
3,1580109382351613952:0,neutral,2026-09-18 13:03:31.708578+00:00
3,1579146230080319489:0,positive,2026-09-18 13:04:45.767149+00:00
3,1576850811266605057:0,positive,2026-09-18 13:13:50.581160+00:00
3,1576768031015174144:0,strongly_positive,2026-09-18 13:13:54.678534+00:00
3,1576558221019336707:0,strongly_positive,2026-09-18 13:13:58.444045+00:00
3,1576420591632265216:0,strongly_positive,2026-09-18 13:15:44.132484+00:00
3,1574235986183462914:0,strongly_positive,2026-09-18 13:36:47.989184+00:00
3,1573188405584080901:1,positive,2026-09-18 13:37:04.051593+00:00
3,1572614984542351360:0,negative,2026-09-18 13:37:30.262355+00:00
3,1572614984542351360:1,negative,2026-09-18 13:37:43.401249+00:00
3,1572614984542351360:2,positive,2026-09-18 13:38:01.977360+00:00
3,1571700321147318274:0,positive,2026-09-18 13:38:47.399949+00:00
3,1566984550647201792:0,negative,2026-09-18 13:39:11.074295+00:00
3,1566737948292198400:0,positive,2026-09-18 13:39:21.975931+00:00
3,1566674105146884096:0,positive,2026-09-18 13:39:25.836955+00:00
3,1566674105146884096:2,positive,2026-09-18 13:41:59.685864+00:00
3,1565342442022268928:0,neutral,2026-09-18 13:42:55.217436+00:00
3,1564999326874472448:0,positive,2026-09-18 13:43:05.180003+00:00
3,1564560809430093826:0,positive,2026-09-18 13:43:23.740938+00:00
3,1564477138505711616:0,strongly_positive,2026-09-18 13:43:31.130452+00:00
3,1563579540105965574:0,positive,2026-09-18 13:44:15.371395+00:00
3,1563345224487010304:0,strongly_positive,2026-09-18 13:44:21.487433+00:00
3,1562772483027046401:0,strongly_positive,2026-09-18 13:44:29.367525+00:00
3,2088168513928372547:0,negative,2026-09-18 13:44:45.519650+00:00
3,2085748709833445855:0,negative,2026-09-18 13:45:08.737708+00:00
3,2085748709833445855:1,neutral,2026-09-18 13:45:20.801395+00:00
3,2071207722926620754:0,positive,2026-09-18 13:47:30.823122+00:00
3,2071207722926620754:1,positive,2026-09-18 13:48:56.695133+00:00
3,2063814973890109935:0,neutral,2026-09-18 13:53:38.567974+00:00
3,2063814941707300881:0,positive,2026-09-18 13:54:56.182878+00:00
3,2063694317273883015:0,neutral,2026-09-18 13:55:10.484456+00:00
3,2063694242061726017:0,positive,2026-09-18 13:55:34.550250+00:00
3,2063693139534393533:0,positive,2026-09-18 13:57:45.722180+00:00
3,2063631698898919761:0,neutral,2026-09-18 13:57:57.821768+00:00
3,2063631562034553148:0,neutral,2026-09-18 13:58:15.848355+00:00
3,2063629333407948942:0,dont_know,2026-09-18 13:58:22.549827+00:00
3,2063434938691858855:0,neutral,2026-09-18 14:20:19.512641+00:00
3,2062354474384195974:0,strongly_positive,2026-09-18 14:20:34.876819+00:00
3,2061431984619208795:0,positive,2026-09-18 14:22:23.365746+00:00
3,2060879439899373809:0,positive,2026-09-18 14:22:38.816971+00:00
3,2060879439899373809:1,positive,2026-09-18 14:22:46.872915+00:00
3,2058385537065758926:0,neutral,2026-09-18 14:23:09.356566+00:00
3,2050062471105536214:0,strongly_positive,2026-09-18 14:23:13.825307+00:00
3,2050062471105536214:1,strongly_positive,2026-09-18 14:23:20.121152+00:00
3,2045921695584993445:0,positive,2026-09-18 14:24:58.160129+00:00
3,2045485175635849237:0,positive,2026-09-18 14:25:27.546918+00:00
3,2043875710646051077:0,strongly_positive,2026-09-18 14:25:35.390476+00:00
3,2037451241337618924:0,strongly_positive,2026-09-18 14:28:00.844116+00:00
3,2037451241337618924:1,positive,2026-09-18 14:28:22.680646+00:00
3,2032644897967321558:0,negative,2026-09-18 14:28:29.183974+00:00
3,2032644897967321558:1,negative,2026-09-18 14:28:38.861686+00:00
3,2032644897967321558:2,negative,2026-09-18 14:28:59.507156+00:00
3,2030504868465831980:0,positive,2026-09-18 14:29:49.558919+00:00
3,2030504868465831980:1,positive,2026-09-18 14:30:36.001336+00:00
3,2029558333288730999:0,strongly_positive,2026-09-18 14:30:40.526266+00:00
3,2029369418434986213:0,positive,2026-09-18 14:31:31.715490+00:00
3,2029369418434986213:1,positive,2026-09-18 14:32:27.363347+00:00
3,2029369418434986213:2,positive,2026-09-18 14:32:34.083786+00:00
3,2028521573750288570:0,strongly_positive,2026-09-18 14:32:38.347664+00:00
3,2028521573750288570:1,strongly_positive,2026-09-18 14:32:43.306153+00:00
3,2028488667350876352:0,positive,2026-09-18 14:33:00.044707+00:00
3,2028488667350876352:1,positive,2026-09-18 14:33:18.354817+00:00
3,2028416622718067066:0,positive,2026-09-18 14:33:24.116896+00:00
3,2028416622718067066:1,positive,2026-09-18 14:33:35.447848+00:00
3,2028416622718067066:2,positive,2026-09-18 14:33:49.840955+00:00
3,2028349167979122837:0,positive,2026-09-18 14:34:05.210405+00:00
3,2028349167979122837:1,positive,2026-09-18 14:34:16.151731+00:00
3,2028320470014316766:0,positive,2026-09-18 14:34:20.845758+00:00
3,2028320470014316766:1,positive,2026-09-18 14:34:34.798344+00:00
3,2028320470014316766:2,positive,2026-09-18 14:34:40.398280+00:00
3,2028039193029747017:0,positive,2026-09-18 14:34:51.159676+00:00
3,2028039193029747017:1,positive,2026-09-18 14:35:02.383640+00:00
3,2028039193029747017:2,positive,2026-09-18 14:35:12.115685+00:00
3,2028022984871387310:0,positive,2026-09-18 14:35:23.232672+00:00
3,2028022984871387310:1,positive,2026-09-18 14:37:41.382917+00:00
3,2028022984871387310:2,positive,2026-09-18 14:38:13.804738+00:00
3,2027792643170963584:0,negative,2026-09-18 14:41:51.328788+00:00
3,2027792643170963584:1,neutral,2026-09-18 14:47:03.992768+00:00
3,2027697443757035883:0,neutral,2026-09-18 14:47:51.535895+00:00
3,2027697443757035883:1,positive,2026-09-18 14:49:17.055637+00:00
3,2027638520274424243:0,positive,2026-09-18 14:49:36.303162+00:00
3,2027638520274424243:1,positive,2026-09-18 14:49:55.691642+00:00
3,2027638520274424243:2,positive,2026-09-18 14:50:14.605943+00:00
3,2027410344772296848:0,neutral,2026-09-18 14:50:22.096143+00:00
3,2027387542279192994:0,neutral,2026-09-18 14:50:42.659420+00:00
3,2027387542279192994:1,negative,2026-09-18 14:51:29.850028+00:00
3,2027387542279192994:2,negative,2026-09-18 14:51:35.940652+00:00
3,2027357303024857571:0,positive,2026-09-18 14:52:18.886632+00:00
3,2027357303024857571:1,positive,2026-09-18 14:52:28.278208+00:00
3,2027357303024857571:2,negative,2026-09-18 14:52:38.407659+00:00
3,2027236222821863784:0,strongly_positive,2026-09-18 14:53:13.700615+00:00
3,2027236222821863784:1,positive,2026-09-18 14:57:31.867066+00:00
3,2027045788707389681:0,positive,2026-09-18 14:58:36.667037+00:00
3,2027045788707389681:1,positive,2026-09-18 14:58:55.927210+00:00
3,2026694933739090417:0,positive,2026-09-18 14:59:14.815668+00:00
3,2026646441037586847:0,positive,2026-09-18 14:59:32.988580+00:00
3,2026646441037586847:1,strongly_positive,2026-09-18 14:59:47.755827+00:00
3,2026275710805905422:0,positive,2026-09-18 14:59:59.227648+00:00
3,2026275710805905422:1,positive,2026-09-18 15:01:22.567240+00:00
3,2026275710805905422:2,positive,2026-09-18 15:01:42.014479+00:00
3,2026275710805905422:3,positive,2026-09-18 15:04:57.823464+00:00
3,2025986373078159429:0,neutral,2026-09-18 15:07:10.783510+00:00
3,2025946778277921215:0,positive,2026-09-18 15:07:29.062956+00:00
3,2025540955190010284:0,positive,2026-09-18 15:08:30.012642+00:00
3,2025540955190010284:1,positive,2026-09-18 15:09:16.113519+00:00
3,2025540955190010284:2,positive,2026-09-18 15:09:30.992616+00:00
3,2023962081117007910:0,neutral,2026-09-18 15:12:25.689367+00:00
3,2022713721999524289:0,positive,2026-09-18 15:12:42.448736+00:00
3,2021830716565467582:0,neutral,2026-09-18 15:12:53.868688+00:00
3,2021830716565467582:1,dont_know,2026-09-18 15:12:59.872604+00:00
3,2020886364569670084:0,positive,2026-09-18 15:15:41.928513+00:00
3,2020886364569670084:1,positive,2026-09-18 15:15:46.748220+00:00
3,2020886364569670084:2,positive,2026-09-18 15:15:57.101475+00:00
3,2020886364569670084:3,positive,2026-09-18 15:18:51.918980+00:00
3,2020886364569670084:4,positive,2026-09-18 15:19:02.900455+00:00
3,2020867406143307933:0,positive,2026-09-18 15:19:12.561179+00:00
3,2020867406143307933:1,positive,2026-09-18 15:24:57.998285+00:00
3,2020470208553439643:0,strongly_positive,2026-09-18 15:25:03.560230+00:00
3,2020140033454358663:0,positive,2026-09-18 15:25:17.935535+00:00
3,2020140033454358663:1,positive,2026-09-18 15:25:38.223544+00:00
3,2020140033454358663:2,positive,2026-09-18 15:26:00.768615+00:00
3,2020140033454358663:3,positive,2026-09-18 15:26:13.378122+00:00
3,2020140033454358663:4,positive,2026-09-18 15:26:28.544896+00:00
3,2019772857010589731:0,positive,2026-09-18 15:28:24.488953+00:00
3,2019772857010589731:1,strongly_positive,2026-09-18 15:28:27.901831+00:00
3,2019704797788864997:0,positive,2026-09-18 15:28:41.396282+00:00
3,2019704797788864997:1,negative,2026-09-18 15:28:58.758322+00:00
3,2019420065976971614:0,positive,2026-09-18 15:29:08.977875+00:00
3,2019420065976971614:1,positive,2026-09-18 15:30:16.528259+00:00
3,2019420065976971614:2,strongly_positive,2026-09-18 15:31:24.537605+00:00
3,2018707140739834260:0,neutral,2026-09-18 15:44:35.376528+00:00
3,2018707140739834260:1,positive,2026-09-18 15:45:40.576950+00:00
3,2018707140739834260:2,positive,2026-09-18 15:45:47.287546+00:00
3,2016411523644850189:0,positive,2026-09-18 15:47:25.701183+00:00
3,2016411523644850189:1,positive,2026-09-18 15:51:54.749671+00:00
3,2016411523644850189:2,positive,2026-09-18 15:52:21.401422+00:00
3,2015983567155998768:1,positive,2026-09-18 15:52:31.200956+00:00
3,2015983567155998768:2,neutral,2026-09-18 15:54:53.957188+00:00
3,2015430818337103934:0,positive,2026-09-18 15:55:44.087263+00:00
3,2015042168310976670:0,positive,2026-09-18 15:56:53.725334+00:00
3,2015042168310976670:1,positive,2026-09-18 15:57:14.442808+00:00
3,2014532304946016350:0,dont_know,2026-09-18 15:58:13.052771+00:00
3,2014532304946016350:1,dont_know,2026-09-18 15:58:38.522276+00:00
3,2014341105664610718:0,neutral,2026-09-18 15:58:52.422434+00:00
3,2014341105664610718:1,positive,2026-09-18 16:13:03.831949+00:00
3,2014341105664610718:2,strongly_positive,2026-09-18 16:13:09.417961+00:00
3,2013957940181713308:0,positive,2026-09-18 16:15:36.827439+00:00
3,2013957940181713308:1,positive,2026-09-18 16:15:50.657881+00:00
3,2013849671903686664:0,positive,2026-09-18 16:15:59.785173+00:00
3,2013849671903686664:1,positive,2026-09-18 16:17:10.549487+00:00
3,2013573335792394747:0,positive,2026-09-18 16:17:20.235623+00:00
3,2013573335792394747:1,positive,2026-09-18 16:17:36.182858+00:00
3,2013573335792394747:2,dont_know,2026-09-18 16:17:42.824412+00:00
3,2013559894830653461:0,positive,2026-09-18 16:17:47.698964+00:00
3,2013559894830653461:1,positive,2026-09-18 16:17:50.886304+00:00
3,2013559894830653461:2,positive,2026-09-18 16:18:08.846917+00:00
3,2013559894830653461:3,positive,2026-09-18 16:18:28.490933+00:00
3,2013559894830653461:4,dont_know,2026-09-18 16:19:12.245218+00:00
3,2012539413851496508:0,neutral,2026-09-18 16:19:36.538011+00:00
3,2010545501515780233:0,neutral,2026-09-18 16:19:41.593369+00:00
3,2010399345003426035:0,neutral,2026-09-18 16:19:57.295949+00:00
3,2010322811446059479:0,positive,2026-09-18 16:20:01.793547+00:00
3,2010322811446059479:1,positive,2026-09-18 16:21:53.743198+00:00
3,2010322811446059479:2,dont_know,2026-09-18 16:22:07.803749+00:00
3,2009527047790698901:0,positive,2026-09-18 16:22:20.373540+00:00
3,1991290278502887772:0,dont_know,2026-09-18 16:22:24.958442+00:00
3,1982777255773528137:0,positive,2026-09-18 16:22:33.171540+00:00
3,1982777255773528137:1,positive,2026-09-18 16:22:37.536734+00:00
3,1963483069257576788:0,dont_know,2026-09-18 16:27:19.742188+00:00
3,1963483069257576788:1,negative,2026-09-18 16:36:55.372619+00:00
3,1963483069257576788:2,positive,2026-09-18 16:37:36.153761+00:00
3,1963483069257576788:3,positive,2026-09-18 16:42:50.327891+00:00
2,1570582295572283393:2,neutral,2026-09-18 19:27:18.034477+00:00
2,1563128813504315399:0,positive,2026-09-18 19:27:23.793111+00:00
2,1563128813504315399:1,positive,2026-09-18 19:27:34.347936+00:00
2,1563128813504315399:2,strongly_positive,2026-09-18 19:27:38.494652+00:00
2,1563128813504315399:3,negative,2026-09-18 19:27:48.487622+00:00
2,1563128813504315399:4,positive,2026-09-18 19:27:53.663706+00:00
2,1562763661084864512:0,strongly_negative,2026-09-18 19:28:01.651601+00:00
2,1562763661084864512:1,strongly_negative,2026-09-18 19:28:05.466825+00:00
2,1562763661084864512:3,strongly_negative,2026-09-18 19:28:14.641236+00:00
2,1562763661084864512:4,strongly_negative,2026-09-18 19:28:21.181750+00:00
2,1559543867938316288:0,strongly_negative,2026-09-18 19:28:27.944119+00:00
2,1558379222741434369:0,negative,2026-09-18 19:28:37.700922+00:00
2,1558379222741434369:1,negative,2026-09-18 19:28:46.972824+00:00
2,1558379222741434369:4,negative,2026-09-18 19:28:54.595771+00:00
2,1548454326884265984:0,neutral,2026-09-18 19:29:02.437230+00:00
2,1547960697782665216:0,positive,2026-09-18 19:29:08.130683+00:00
2,1547958207662141440:0,negative,2026-09-18 19:29:17.264734+00:00
2,1547734048524861440:0,positive,2026-09-18 19:29:26.599832+00:00
2,1547734048524861440:1,dont_know,2026-09-18 19:29:37.666503+00:00
2,1547734048524861440:2,negative,2026-09-18 19:29:50.066184+00:00
2,1547734048524861440:3,positive,2026-09-18 19:30:02.955426+00:00
2,1546455011517153280:0,negative,2026-09-18 19:30:11.029074+00:00
2,1546455011517153280:1,negative,2026-09-18 19:30:21.288054+00:00
2,1541444000028454913:0,neutral,2026-09-18 19:30:26.259637+00:00
2,1541444000028454913:1,neutral,2026-09-18 19:30:37.039599+00:00
2,1533636974900555777:0,neutral,2026-09-18 19:30:44.610497+00:00
2,1524086221815029760:1,dont_know,2026-09-18 19:30:49.067987+00:00
2,1524086221815029760:2,neutral,2026-09-18 19:30:55.063065+00:00
2,1523468074779025408:0,positive,2026-09-18 19:31:03.791512+00:00
2,1521543862719709184:0,neutral,2026-09-18 19:31:14.797069+00:00
2,1521543862719709184:1,neutral,2026-09-18 19:31:25.100547+00:00
2,1521543862719709184:2,positive,2026-09-18 19:31:34.359594+00:00
2,1520398460259819520:0,positive,2026-09-18 19:31:45.473174+00:00
2,1520298164342771712:0,strongly_positive,2026-09-18 19:31:48.284279+00:00
2,1518583323345375232:0,neutral,2026-09-18 19:31:56.998558+00:00
2,1518583323345375232:1,positive,2026-09-18 19:32:09.038838+00:00
2,1518403849966419968:0,negative,2026-09-18 19:32:17.212586+00:00
2,1518403849966419968:1,positive,2026-09-18 19:32:22.663268+00:00
2,1518403849966419968:2,strongly_positive,2026-09-18 19:32:27.931419+00:00
2,1518403849966419968:3,strongly_positive,2026-09-18 19:32:33.423594+00:00
2,1518403849966419968:4,strongly_positive,2026-09-18 19:32:37.041962+00:00
2,1517149782908698624:0,neutral,2026-09-18 19:32:48.537858+00:00
2,1516611736270376962:0,neutral,2026-09-18 19:33:07.466267+00:00
2,1515345006545887238:0,neutral,2026-09-18 19:33:15.293219+00:00
2,1515345006545887238:1,neutral,2026-09-18 19:33:23.219225+00:00
2,1514478158652723208:0,neutral,2026-09-18 19:33:34.106829+00:00
2,1514478158652723208:1,neutral,2026-09-18 19:34:25.565144+00:00
2,1514478158652723208:2,dont_know,2026-09-19 01:09:45.992887+00:00
2,1514430964520263680:0,positive,2026-09-19 01:10:31.664136+00:00
2,1514430964520263680:1,strongly_positive,2026-09-19 01:11:20.243218+00:00
2,1514159368672989184:0,positive,2026-09-19 01:11:25.642044+00:00
2,1514159368672989184:1,positive,2026-09-19 01:11:31.992195+00:00
2,1513536325906931712:0,positive,2026-09-19 01:11:43.968947+00:00
2,1513536325906931712:1,positive,2026-09-19 01:11:54.428293+00:00
2,1513536325906931712:2,positive,2026-09-19 01:14:00.201593+00:00
2,1513367768552280064:0,neutral,2026-09-19 01:14:10.511319+00:00
2,1510427804617248768:0,neutral,2026-09-19 01:14:20.623306+00:00
2,1510427804617248768:1,neutral,2026-09-19 01:14:27.959613+00:00
2,1510232412160098409:0,negative,2026-09-19 01:14:43.053368+00:00
2,1510232412160098409:1,neutral,2026-09-19 01:15:48.043335+00:00
2,1509360382485295107:0,neutral,2026-09-19 01:16:52.020597+00:00
2,1509360382485295107:1,dont_know,2026-09-19 01:17:06.284344+00:00
2,1509360382485295107:2,neutral,2026-09-19 01:17:17.574113+00:00
2,1509360382485295107:3,neutral,2026-09-19 01:17:28.222580+00:00
2,1509171876190310408:0,strongly_negative,2026-09-19 01:18:21.997450+00:00
2,1508995833399705605:0,strongly_positive,2026-09-19 01:18:28.472733+00:00
2,1508995833399705605:1,neutral,2026-09-19 01:18:42.112099+00:00
2,1508621103169646593:0,negative,2026-09-19 01:19:37.673614+00:00
2,1508621103169646593:1,neutral,2026-09-19 01:19:47.100966+00:00
2,1508621103169646593:2,neutral,2026-09-19 01:19:57.180762+00:00
2,1508621103169646593:3,neutral,2026-09-19 01:20:00.450095+00:00
2,1508280677078249477:0,positive,2026-09-19 01:20:09.949097+00:00
2,1508280677078249477:1,negative,2026-09-19 01:21:28.495141+00:00
2,1507895866543116290:0,neutral,2026-09-19 01:21:40.079696+00:00
2,1507895866543116290:1,negative,2026-09-19 01:21:48.578465+00:00
2,1507518901726302213:0,neutral,2026-09-19 01:22:07.136024+00:00
2,1507518901726302213:1,positive,2026-09-19 01:22:59.505838+00:00
2,1507039209034375195:0,negative,2026-09-19 01:23:31.590803+00:00
2,1506816848527966210:0,dont_know,2026-09-19 01:23:59.976547+00:00
2,1506083838367178756:0,neutral,2026-09-19 01:24:09.590248+00:00
2,1506083838367178756:1,neutral,2026-09-19 01:24:16.095280+00:00
2,1506083838367178756:2,negative,2026-09-19 01:24:39.985616+00:00
2,1505525826082680837:0,neutral,2026-09-19 01:24:59.467221+00:00
2,1505143205435650049:0,negative,2026-09-19 01:25:08.166364+00:00
2,1505143205435650049:1,positive,2026-09-19 01:25:26.841394+00:00
2,1504667144558051329:0,positive,2026-09-19 01:25:38.901017+00:00
2,1504667144558051329:1,neutral,2026-09-19 01:25:46.133880+00:00
2,1504296764450299905:0,neutral,2026-09-19 01:25:52.537198+00:00
2,1504296267672743938:0,dont_know,2026-09-19 01:26:44.063907+00:00
2,1504113659160629261:0,dont_know,2026-09-19 01:27:08.829467+00:00
2,1503374210458038276:0,neutral,2026-09-19 01:29:31.800865+00:00
2,1502814911591710722:0,negative,2026-09-19 01:30:04.341516+00:00
2,1502814911591710722:1,dont_know,2026-09-19 01:30:14.586902+00:00
2,1502814911591710722:2,negative,2026-09-19 01:30:22.817515+00:00
2,1502126561100636169:0,neutral,2026-09-19 01:31:35.632068+00:00
2,1502126561100636169:1,positive,2026-09-19 01:35:34.292844+00:00
2,1502126561100636169:2,dont_know,2026-09-19 01:35:41.744629+00:00
2,1499207174404251649:0,strongly_negative,2026-09-19 01:41:27.610053+00:00
2,1499207174404251649:1,neutral,2026-09-19 01:42:13.245261+00:00
2,1498496981232091141:0,positive,2026-09-19 01:42:49.369654+00:00
2,1498496981232091141:1,neutral,2026-09-19 01:43:00.261503+00:00
2,1497939579285880835:0,negative,2026-09-19 01:45:06.769476+00:00
2,1497044814566617089:0,positive,2026-09-19 01:55:43.629446+00:00
2,1497044814566617089:1,neutral,2026-09-19 01:55:57.579897+00:00
2,1495008739191001093:0,neutral,2026-09-19 01:56:40.541214+00:00
2,1495008739191001093:1,positive,2026-09-19 01:57:13.861141+00:00
2,1494836432032059393:0,positive,2026-09-19 01:57:27.462916+00:00
2,1494304217162412033:0,neutral,2026-09-19 01:57:57.708443+00:00
2,1494304217162412033:1,neutral,2026-09-19 01:58:03.420937+00:00
2,1494304217162412033:2,positive,2026-09-19 01:58:17.270655+00:00
2,1494194637212323841:0,strongly_positive,2026-09-19 02:00:45.053492+00:00
2,1493974926075727874:0,negative,2026-09-19 02:00:52.332684+00:00
2,1492879674090803204:0,positive,2026-09-19 02:01:05.506670+00:00
2,1491394692252303361:0,negative,2026-09-19 02:01:15.498641+00:00
2,1491394692252303361:1,negative,2026-09-19 02:01:24.556687+00:00
2,1491394692252303361:2,positive,2026-09-19 02:01:31.802222+00:00
2,2092485427110510649:0,neutral,2026-09-19 02:06:28.200919+00:00
2,2092485427110510649:1,positive,2026-09-19 02:06:33.160854+00:00
2,2092485427110510649:2,dont_know,2026-09-19 02:07:27.727804+00:00
2,2091752366966182317:0,negative,2026-09-19 02:07:42.146612+00:00
2,2091752366966182317:1,neutral,2026-09-19 02:09:43.800538+00:00
2,2091752366966182317:2,negative,2026-09-19 02:19:36.285894+00:00
2,2091150913520234579:0,neutral,2026-09-19 02:19:51.103576+00:00
2,2091150913520234579:1,positive,2026-09-19 02:20:01.275426+00:00
3,1963483069257576788:4,positive,2026-09-19 05:27:32.586244+00:00
3,1960184859533467895:0,strongly_positive,2026-09-19 09:12:00.625333+00:00
3,1950082389788807481:0,neutral,2026-09-19 09:57:27.194911+00:00
3,1950082389788807481:1,positive,2026-09-19 09:58:34.080508+00:00
3,1950082389788807481:2,neutral,2026-09-19 09:59:02.868266+00:00
3,1942811348997423368:0,neutral,2026-09-19 10:00:13.891149+00:00
3,1942481787558428826:0,neutral,2026-09-19 10:00:34.020696+00:00
3,1942481787558428826:1,strongly_positive,2026-09-19 10:00:38.234456+00:00
3,1939731347825991999:0,dont_know,2026-09-19 10:07:24.091270+00:00
3,1939189052605096046:0,positive,2026-09-19 10:07:42.539521+00:00
3,1939189052605096046:1,strongly_positive,2026-09-19 10:07:45.867083+00:00
3,1932470197056950595:0,negative,2026-09-19 10:08:12.236116+00:00
3,1932470197056950595:1,negative,2026-09-19 10:08:24.908432+00:00
3,1932260533782319542:0,neutral,2026-09-19 10:08:36.221450+00:00
3,1931174290319192370:0,neutral,2026-09-19 10:08:47.950819+00:00
3,1931174290319192370:1,negative,2026-09-19 10:09:38.161643+00:00
3,1931174290319192370:2,dont_know,2026-09-19 10:10:12.193151+00:00
3,1928110767548580261:0,positive,2026-09-19 10:10:58.104633+00:00
3,1928110767548580261:1,positive,2026-09-19 10:11:30.162462+00:00
3,1928110767548580261:2,positive,2026-09-19 10:11:41.886293+00:00
3,1928110767548580261:3,positive,2026-09-19 10:12:00.589522+00:00
3,1928110767548580261:4,dont_know,2026-09-19 10:12:29.786170+00:00
3,1927357374316077349:0,positive,2026-09-19 10:13:06.285186+00:00
3,1927357374316077349:1,positive,2026-09-19 10:13:31.251411+00:00
3,1925003251520565388:0,strongly_positive,2026-09-19 10:13:38.864595+00:00
3,1925003251520565388:1,positive,2026-09-19 10:14:22.057470+00:00
3,1920751822374871089:0,neutral,2026-09-19 10:37:24.828631+00:00
3,1917530934322290981:0,positive,2026-09-19 10:39:24.721280+00:00
3,1917530934322290981:1,dont_know,2026-09-19 10:40:28.195259+00:00
3,1915039331741470843:0,neutral,2026-09-19 10:41:10.737521+00:00
3,1915039331741470843:1,dont_know,2026-09-19 10:41:19.063146+00:00
3,1915011544477475236:0,positive,2026-09-19 10:41:47.530527+00:00
3,1915011544477475236:1,positive,2026-09-19 10:42:42.176278+00:00
3,1912768301266014308:0,positive,2026-09-19 10:46:19.049078+00:00
3,1912768301266014308:1,positive,2026-09-19 10:48:47.818806+00:00
3,1912768301266014308:2,positive,2026-09-19 10:51:49.124150+00:00
3,1910569066382700730:0,positive,2026-09-19 10:56:51.110260+00:00
3,1910569066382700730:1,positive,2026-09-19 10:57:26.928353+00:00
3,1907030920315687004:0,negative,2026-09-19 10:58:06.161699+00:00
3,1907030920315687004:1,negative,2026-09-19 10:59:43.281943+00:00
3,1906264546639315081:0,neutral,2026-09-19 11:03:27.741933+00:00
3,1906264546639315081:1,positive,2026-09-19 11:24:46.546045+00:00
3,1906264546639315081:2,positive,2026-09-19 11:24:54.720441+00:00
3,1903670495331147787:0,positive,2026-09-19 11:25:24.626603+00:00
3,1903670495331147787:1,positive,2026-09-19 11:25:38.273808+00:00
3,1903670495331147787:2,dont_know,2026-09-19 11:27:03.241663+00:00
3,1902725432849707160:0,positive,2026-09-19 11:27:23.660357+00:00
3,1902725432849707160:1,positive,2026-09-19 11:27:41.853597+00:00
3,1902725432849707160:2,positive,2026-09-19 11:28:07.273921+00:00
3,1898200320284786823:0,strongly_positive,2026-09-19 11:28:09.987027+00:00
3,1878013169152704639:0,positive,2026-09-19 11:28:57.307043+00:00
3,1878013169152704639:1,positive,2026-09-19 11:29:14.550549+00:00
3,1878013169152704639:2,positive,2026-09-19 11:29:36.011195+00:00
3,1871191521892204663:0,positive,2026-09-19 11:29:46.112095+00:00
3,1871191521892204663:1,positive,2026-09-19 11:30:13.242797+00:00
3,1858151031181598743:0,negative,2026-09-19 11:31:55.481457+00:00
3,1858151031181598743:1,positive,2026-09-19 11:32:23.185519+00:00
3,1858151031181598743:2,neutral,2026-09-19 11:32:54.788322+00:00
3,1856644289587007605:0,positive,2026-09-19 11:33:26.693976+00:00
3,1854490691822587978:0,positive,2026-09-19 11:33:37.930740+00:00
3,1854490691822587978:1,dont_know,2026-09-19 11:34:22.587926+00:00
3,1854178896033558931:0,positive,2026-09-19 11:34:37.923223+00:00
3,1854178896033558931:1,strongly_positive,2026-09-19 11:34:43.481070+00:00
3,1854178896033558931:2,dont_know,2026-09-19 11:35:33.729238+00:00
3,1851921180355097029:0,strongly_positive,2026-09-19 11:35:36.519417+00:00
3,1849321841162440726:0,strongly_positive,2026-09-19 11:35:48.393216+00:00
3,1847896747067998513:0,negative,2026-09-19 11:35:59.918459+00:00
3,1847896747067998513:1,negative,2026-09-19 11:36:11.821998+00:00
3,1844952243944161619:0,strongly_positive,2026-09-19 11:36:15.232651+00:00
3,1844242650901381582:0,negative,2026-09-19 11:37:09.658647+00:00
3,1842552600941494739:0,dont_know,2026-09-19 11:47:32.627181+00:00
3,1842132150767976620:0,neutral,2026-09-19 11:47:53.973630+00:00
3,1842132150767976620:1,positive,2026-09-19 11:55:29.299112+00:00
3,1841665447034519567:0,positive,2026-09-19 11:55:37.270024+00:00
3,1841665447034519567:1,strongly_positive,2026-09-19 11:55:41.407954+00:00
3,1840364401360048326:0,positive,2026-09-19 11:55:45.084696+00:00
3,1840364401360048326:1,positive,2026-09-19 11:55:56.227447+00:00
3,1840364401360048326:2,positive,2026-09-19 11:56:28.197133+00:00
3,1840356095501447361:0,neutral,2026-09-19 11:56:34.353487+00:00
3,1840356095501447361:1,neutral,2026-09-19 11:56:48.713626+00:00
3,1840356095501447361:2,positive,2026-09-19 11:57:00.162956+00:00
3,1840356095501447361:3,dont_know,2026-09-19 11:57:15.495768+00:00
3,1839618193532264826:0,positive,2026-09-19 11:57:36.771899+00:00
3,1839618193532264826:1,positive,2026-09-19 11:57:48.004607+00:00
3,1839297190596063477:0,positive,2026-09-19 11:58:18.804021+00:00
3,1839126925518024815:0,positive,2026-09-19 11:58:34.396146+00:00
3,1839126925518024815:1,positive,2026-09-19 11:58:44.840742+00:00
3,1839126925518024815:2,positive,2026-09-19 11:58:56.475830+00:00
3,1836613285699031352:0,positive,2026-09-19 11:59:26.476724+00:00
3,1836613285699031352:1,positive,2026-09-19 11:59:39.040424+00:00
3,1835968588420677880:0,positive,2026-09-19 11:59:59.800974+00:00
3,1835968588420677880:1,positive,2026-09-19 12:00:04.967686+00:00
3,1835968588420677880:2,neutral,2026-09-19 12:01:31.068662+00:00
3,1835870608502186219:0,strongly_positive,2026-09-19 12:01:35.005746+00:00
3,1835535530643337633:0,positive,2026-09-19 12:01:47.921120+00:00
3,1835535530643337633:1,positive,2026-09-19 12:01:58.370854+00:00
3,1834425587269542069:0,dont_know,2026-09-19 12:02:10.375200+00:00
3,1832993274044551328:0,strongly_positive,2026-09-19 12:02:14.529060+00:00
3,1832993274044551328:1,positive,2026-09-19 12:02:28.163308+00:00
3,1832993274044551328:2,positive,2026-09-19 12:02:38.380016+00:00
3,1831874994315710588:0,strongly_positive,2026-09-19 12:02:53.458433+00:00
3,1831874994315710588:1,positive,2026-09-19 12:03:03.856295+00:00
3,1831874994315710588:2,positive,2026-09-19 12:03:16.755277+00:00
3,1830593834289700994:0,neutral,2026-09-19 12:03:22.910892+00:00
3,1830593834289700994:1,positive,2026-09-19 12:03:33.652286+00:00
3,1830593834289700994:2,positive,2026-09-19 12:03:55.801037+00:00
3,1830524707961278663:0,strongly_positive,2026-09-19 12:03:59.713784+00:00
3,1830524707961278663:1,positive,2026-09-19 12:04:15.612241+00:00
3,1830524707961278663:2,positive,2026-09-19 12:04:25.599514+00:00
3,1830112552111792223:0,positive,2026-09-19 12:04:38.438685+00:00
3,1830112552111792223:1,positive,2026-09-19 12:04:54.677432+00:00
3,1830112552111792223:2,positive,2026-09-19 12:05:06.415830+00:00
3,1830112552111792223:3,dont_know,2026-09-19 12:05:09.630466+00:00
3,1829788160387399758:0,positive,2026-09-19 13:37:35.315720+00:00
3,1829788160387399758:1,positive,2026-09-19 13:37:39.764932+00:00
3,1827883113516859602:0,strongly_positive,2026-09-19 13:37:42.480064+00:00
3,1825538253912690823:0,dont_know,2026-09-19 13:38:08.359046+00:00
3,1825538253912690823:1,dont_know,2026-09-19 13:38:11.450472+00:00
3,1822499668929970287:0,positive,2026-09-19 13:38:32.328600+00:00
3,1822244864202850760:0,positive,2026-09-19 13:39:04.049841+00:00
3,1822244864202850760:1,positive,2026-09-19 13:39:07.762081+00:00
3,1822244864202850760:2,strongly_positive,2026-09-19 13:39:10.652891+00:00
3,1821755650986107345:1,neutral,2026-09-19 13:39:43.904059+00:00
3,1821755650986107345:2,positive,2026-09-19 13:40:08.165647+00:00
3,1820864318541373508:0,neutral,2026-09-19 13:40:23.160296+00:00
3,1817569450750603441:0,positive,2026-09-19 13:40:37.912674+00:00
3,1817569450750603441:1,positive,2026-09-19 13:40:42.400179+00:00
3,1817569450750603441:2,dont_know,2026-09-19 13:40:59.005928+00:00
3,1817569450750603441:3,neutral,2026-09-19 13:41:04.177085+00:00
3,1817569450750603441:4,positive,2026-09-19 13:41:07.739756+00:00
3,1817450932260454882:0,neutral,2026-09-19 13:41:29.015065+00:00
3,1817450932260454882:1,negative,2026-09-19 13:41:47.781398+00:00
3,1817048866153464118:0,strongly_positive,2026-09-19 13:41:51.184997+00:00
3,1817048866153464118:1,positive,2026-09-19 13:42:11.342152+00:00
3,1817048866153464118:2,positive,2026-09-19 13:42:45.231115+00:00
3,1815995286818275603:0,negative,2026-09-19 13:42:58.250254+00:00
3,1815995286818275603:1,positive,2026-09-19 13:43:13.711341+00:00
3,1815698730240328004:0,positive,2026-09-19 13:43:39.103190+00:00
3,1815698730240328004:1,negative,2026-09-19 13:43:45.616730+00:00
3,1815698730240328004:2,neutral,2026-09-19 13:44:05.361932+00:00
3,1815238095811584136:0,negative,2026-09-19 13:45:22.406900+00:00
3,1815238095811584136:1,negative,2026-09-19 13:45:26.894195+00:00
3,1815238095811584136:2,dont_know,2026-09-19 13:46:11.332355+00:00
3,1814955605485912304:0,dont_know,2026-09-19 13:46:13.307256+00:00
3,1813917974539149369:0,negative,2026-09-19 13:46:17.744346+00:00
3,1813917974539149369:1,positive,2026-09-19 13:46:28.344130+00:00
3,1812734840325746813:0,strongly_positive,2026-09-19 13:46:31.509326+00:00
3,1812734840325746813:1,positive,2026-09-19 13:46:41.457512+00:00
3,1812734840325746813:2,dont_know,2026-09-19 13:55:30.773846+00:00
3,1811255423061864928:0,neutral,2026-09-19 13:55:57.264923+00:00
3,1811255423061864928:1,positive,2026-09-19 13:56:32.624568+00:00
3,1810592820509774252:0,positive,2026-09-19 13:56:52.954244+00:00
3,1809616998424539555:0,dont_know,2026-09-19 13:57:09.715217+00:00
3,1809616998424539555:1,dont_know,2026-09-19 13:57:24.614447+00:00
3,1809616998424539555:2,positive,2026-09-19 13:57:32.477221+00:00
3,1809616998424539555:3,dont_know,2026-09-19 13:58:05.800318+00:00
3,1809598113193005204:0,positive,2026-09-19 13:58:32.265275+00:00
3,1808497073744232646:0,dont_know,2026-09-19 13:58:45.171265+00:00
3,1808497073744232646:1,positive,2026-09-19 13:59:21.824151+00:00
3,1808497073744232646:2,positive,2026-09-19 13:59:27.224059+00:00
3,1808360858114052541:0,positive,2026-09-19 13:59:31.626576+00:00
3,1808360858114052541:1,positive,2026-09-19 13:59:42.215238+00:00
3,1807778825683816485:0,positive,2026-09-19 14:00:04.226994+00:00
3,1807778825683816485:1,positive,2026-09-19 14:00:10.215920+00:00
3,1807778825683816485:2,positive,2026-09-19 14:00:17.091315+00:00
3,1807778825683816485:3,positive,2026-09-19 14:00:22.667848+00:00
3,1807407835921404287:0,neutral,2026-09-19 14:01:50.286629+00:00
3,1807407835921404287:1,positive,2026-09-19 14:01:59.437156+00:00
3,1807407835921404287:2,positive,2026-09-19 14:02:20.339843+00:00
3,1806261135706099840:0,positive,2026-09-19 14:02:26.416935+00:00
3,1806220440379240895:0,neutral,2026-09-19 14:21:07.736365+00:00
3,1806220440379240895:1,neutral,2026-09-19 14:21:18.887066+00:00
3,1806220440379240895:2,neutral,2026-09-19 14:21:31.642150+00:00
3,1806220440379240895:3,neutral,2026-09-19 14:21:44.787711+00:00
3,1806220440379240895:4,neutral,2026-09-19 14:21:50.371453+00:00
3,1805650534642467331:0,neutral,2026-09-19 14:21:54.549110+00:00
3,1805650177099022688:0,positive,2026-09-19 14:22:06.571309+00:00
3,1805650177099022688:1,positive,2026-09-19 14:22:28.551469+00:00
3,1805563522262462850:0,neutral,2026-09-19 14:23:09.603393+00:00
3,1805563522262462850:1,positive,2026-09-19 14:23:34.768370+00:00
3,1805563522262462850:2,dont_know,2026-09-19 14:23:48.718309+00:00
3,1805530192770973799:0,neutral,2026-09-19 14:24:11.914211+00:00
3,1805125806005637530:0,neutral,2026-09-19 14:24:55.691012+00:00
3,1805125806005637530:1,positive,2026-09-19 14:25:08.248198+00:00
3,1805125806005637530:2,dont_know,2026-09-19 14:25:20.375833+00:00
3,1802962733442408821:0,positive,2026-09-19 14:25:29.552223+00:00
3,1802962733442408821:1,positive,2026-09-19 14:25:32.410840+00:00
3,1801985843185483884:0,neutral,2026-09-19 14:25:50.254062+00:00
3,1801985843185483884:1,positive,2026-09-19 14:26:15.979202+00:00
3,1801985843185483884:2,positive,2026-09-19 14:27:53.374734+00:00
3,1801245863609516250:0,negative,2026-09-19 14:28:12.946806+00:00
3,1800129722682421737:0,dont_know,2026-09-19 14:28:24.112244+00:00
3,1797496299350368485:0,strongly_positive,2026-09-19 14:28:34.089332+00:00
3,1782993971628982394:0,positive,2026-09-19 14:30:37.182158+00:00
3,1782993971628982394:1,positive,2026-09-19 14:31:05.248544+00:00
3,1781881825981517914:0,dont_know,2026-09-19 14:31:17.732707+00:00
3,1778974250260377824:0,positive,2026-09-19 14:31:26.702314+00:00
3,1778974250260377824:1,positive,2026-09-19 14:31:32.058272+00:00
3,1778974250260377824:2,positive,2026-09-19 14:32:49.818827+00:00
3,1778974181004067209:0,dont_know,2026-09-19 14:33:34.666868+00:00
3,1775532143244186027:0,positive,2026-09-19 14:33:48.853831+00:00
3,1775532092681826381:0,positive,2026-09-19 14:34:02.196577+00:00
3,1775414805408710855:0,positive,2026-09-19 14:34:14.943048+00:00
3,1775414805408710855:1,positive,2026-09-19 14:34:32.270443+00:00
3,1775414805408710855:2,neutral,2026-09-19 14:35:57.074346+00:00
3,1774401682732138517:0,negative,2026-09-19 14:36:06.650118+00:00
3,1774401682732138517:1,negative,2026-09-19 14:36:44.738709+00:00
3,1774401682732138517:2,negative,2026-09-19 14:36:48.992440+00:00
3,1773199726449463661:0,neutral,2026-09-19 14:37:56.268056+00:00
3,1773199726449463661:1,strongly_positive,2026-09-19 14:38:06.680500+00:00
3,1771477494840828161:0,neutral,2026-09-19 14:38:11.181145+00:00
3,1771477494840828161:1,positive,2026-09-19 14:38:24.626146+00:00
3,1771475327895720254:0,positive,2026-09-19 14:39:14.568601+00:00
3,1769966120071541227:0,negative,2026-09-19 14:39:28.316706+00:00
3,1769966120071541227:1,negative,2026-09-19 14:39:32.181598+00:00
3,1763450529303429589:0,dont_know,2026-09-19 14:39:56.125289+00:00
3,1757574376776684007:0,strongly_positive,2026-09-19 14:40:01.424509+00:00
3,1756124825301709231:0,strongly_positive,2026-09-19 14:40:23.387101+00:00
3,1755840081607455150:0,positive,2026-09-19 14:41:08.764588+00:00
3,1754830425309196348:0,negative,2026-09-19 14:41:22.894223+00:00
3,1754830425309196348:1,negative,2026-09-19 14:41:29.774470+00:00
3,1752174469060469015:0,positive,2026-09-19 14:41:41.008559+00:00
3,1751780357022601511:0,positive,2026-09-19 14:41:58.923484+00:00
3,1751780150729924714:0,positive,2026-09-19 14:42:20.866452+00:00
3,1751214316307808363:0,positive,2026-09-19 14:43:10.524627+00:00
3,1751214316307808363:1,positive,2026-09-19 14:43:27.094181+00:00
3,1751214316307808363:2,neutral,2026-09-19 14:43:43.617068+00:00
3,1751146672875512075:0,strongly_positive,2026-09-19 14:44:04.784280+00:00
3,1751146672875512075:1,positive,2026-09-19 14:44:30.598874+00:00
3,1751078364440621357:0,strongly_positive,2026-09-19 14:44:45.489401+00:00
3,1751078364440621357:1,positive,2026-09-19 14:45:05.098014+00:00
3,1750827569526833359:0,neutral,2026-09-19 14:45:26.784170+00:00
3,1750827569526833359:1,positive,2026-09-19 14:45:43.126238+00:00
3,1750827569526833359:2,dont_know,2026-09-19 14:45:47.953080+00:00
3,1750784172250017813:0,neutral,2026-09-19 14:46:05.838128+00:00
3,1750784172250017813:1,neutral,2026-09-19 14:52:51.399473+00:00
3,1750784172250017813:2,positive,2026-09-19 14:53:07.154614+00:00
3,1750784172250017813:3,positive,2026-09-19 14:53:27.401794+00:00
3,1750747074860302569:0,negative,2026-09-19 14:53:50.682284+00:00
3,1750550656799117383:0,strongly_positive,2026-09-19 14:53:58.298664+00:00
3,1750326619414176035:0,neutral,2026-09-19 14:54:36.175472+00:00
3,1750326619414176035:1,positive,2026-09-19 14:54:44.920916+00:00
3,1750065288136310877:0,strongly_positive,2026-09-19 14:54:55.043032+00:00
3,1747567862435418467:0,neutral,2026-09-19 14:55:26.283600+00:00
3,1747567862435418467:1,neutral,2026-09-19 14:55:30.530541+00:00
3,1747118665928196284:0,positive,2026-09-19 14:55:50.822229+00:00
3,1746790004825698811:0,strongly_positive,2026-09-19 14:56:00.054757+00:00
3,1741625551142715590:0,positive,2026-09-19 14:56:20.764101+00:00
3,1741319116034900422:0,neutral,2026-09-19 14:56:35.830777+00:00
3,1741319116034900422:1,dont_know,2026-09-19 14:56:44.706944+00:00
3,1741319116034900422:2,positive,2026-09-19 14:57:06.671211+00:00
3,1741266922707259542:0,strongly_positive,2026-09-19 14:57:11.168266+00:00
3,1739501036027736362:0,strongly_positive,2026-09-19 14:57:21.758143+00:00
3,1739501036027736362:1,positive,2026-09-19 14:57:42.309865+00:00
3,1739456241578250362:0,strongly_positive,2026-09-19 14:57:49.262977+00:00
3,1739454983601561949:0,strongly_positive,2026-09-19 14:57:52.987479+00:00
3,1732656954839806456:0,neutral,2026-09-19 14:58:10.387493+00:00
3,1732353680664318292:0,neutral,2026-09-19 14:58:21.919582+00:00
3,1729050625747698007:0,strongly_positive,2026-09-19 14:58:27.358883+00:00
3,1729050625747698007:1,positive,2026-09-19 14:58:45.037265+00:00
3,1729050625747698007:2,positive,2026-09-19 14:58:56.014632+00:00
3,1727496183944454500:0,strongly_positive,2026-09-19 14:59:05.645943+00:00
3,1727496183944454500:1,neutral,2026-09-19 14:59:56.052527+00:00
3,1726228017280872527:0,positive,2026-09-19 15:00:51.827199+00:00
3,1726228017280872527:1,positive,2026-09-19 15:01:17.721096+00:00
3,1726228017280872527:2,dont_know,2026-09-19 15:02:54.955929+00:00
3,1726046632427368625:0,strongly_positive,2026-09-19 15:03:15.007399+00:00
3,1725819774989652036:0,neutral,2026-09-19 15:03:35.394159+00:00
3,1725819774989652036:1,neutral,2026-09-19 15:03:50.143206+00:00
3,1725819774989652036:2,positive,2026-09-19 15:04:50.894483+00:00
3,1724597080864206951:0,strongly_positive,2026-09-19 15:05:32.539799+00:00
3,1724287738768408968:0,strongly_positive,2026-09-19 15:05:38.198865+00:00
3,1723763527616196799:0,neutral,2026-09-19 15:07:22.882552+00:00
3,1723536777766654238:0,strongly_positive,2026-09-19 15:07:38.983845+00:00
3,1723509917296816629:0,strongly_positive,2026-09-19 15:07:48.007953+00:00
3,1721752471369040063:0,neutral,2026-09-19 15:08:08.192238+00:00
3,1721752471369040063:1,neutral,2026-09-19 15:08:28.016554+00:00
3,1720794145726611827:0,neutral,2026-09-19 15:09:10.222739+00:00
3,1720794145726611827:1,neutral,2026-09-19 15:09:50.188276+00:00
3,1720794145726611827:2,positive,2026-09-19 15:10:31.207612+00:00
3,1720794145726611827:3,neutral,2026-09-19 15:11:38.161939+00:00
3,1720097394069798950:0,positive,2026-09-19 15:12:12.325545+00:00
3,1716624548110475489:0,positive,2026-09-19 15:12:23.929421+00:00
3,1716624548110475489:1,strongly_positive,2026-09-19 15:12:27.524656+00:00
3,1715537384404561944:0,neutral,2026-09-19 15:13:14.761310+00:00
3,1715537384404561944:1,neutral,2026-09-19 15:15:28.568963+00:00
3,1714214500281545008:0,positive,2026-09-19 15:17:24.329683+00:00
3,1714214500281545008:1,positive,2026-09-19 15:18:28.496515+00:00
3,1714214500281545008:2,positive,2026-09-19 15:19:57.318030+00:00
3,1713852032015380949:0,positive,2026-09-19 15:20:46.162609+00:00
3,1713851917544325412:0,positive,2026-09-19 15:40:24.474234+00:00
3,1713803316243902574:0,neutral,2026-09-19 15:40:37.130572+00:00
3,1713803316243902574:1,neutral,2026-09-19 15:40:46.054638+00:00
3,1713803316243902574:2,neutral,2026-09-19 15:41:25.569305+00:00
3,1713762162861379702:0,positive,2026-09-19 15:42:30.725733+00:00
3,1713762162861379702:1,strongly_positive,2026-09-19 15:42:34.957499+00:00
3,1713460247531291106:0,neutral,2026-09-19 15:43:14.742350+00:00
3,1713460247531291106:1,neutral,2026-09-19 15:43:33.598656+00:00
3,1713460247531291106:2,positive,2026-09-19 15:43:37.258502+00:00
3,1713460247531291106:3,positive,2026-09-19 15:43:48.358336+00:00
3,1713435471618216407:0,positive,2026-09-20 05:27:03.546803+00:00
3,1713435471618216407:1,positive,2026-09-20 05:27:06.722661+00:00
3,1713363057034789189:0,positive,2026-09-20 05:27:11.966238+00:00
3,1713363057034789189:1,strongly_positive,2026-09-20 05:27:14.749783+00:00
3,1713225042807668774:0,positive,2026-09-20 05:30:18.739957+00:00
3,1713117544637440122:0,neutral,2026-09-20 05:30:53.243100+00:00
3,1713117544637440122:1,neutral,2026-09-20 05:31:26.416730+00:00
3,1713117544637440122:2,positive,2026-09-20 05:31:54.618626+00:00
3,1710463954160365788:0,strongly_positive,2026-09-20 05:32:06.754164+00:00
3,1709084903890194896:0,positive,2026-09-20 05:33:51.440751+00:00
3,1709084903890194896:1,neutral,2026-09-20 05:36:40.435709+00:00
3,1707202463575810376:0,strongly_positive,2026-09-20 05:36:57.430385+00:00
3,1706748771257008225:0,positive,2026-09-20 05:37:35.592425+00:00
3,1706553306217103810:0,dont_know,2026-09-20 05:38:13.202874+00:00
3,1705994592426881485:0,positive,2026-09-20 05:39:12.836062+00:00
3,1705819557183844620:0,positive,2026-09-20 05:41:02.075208+00:00
3,1705819557183844620:1,dont_know,2026-09-20 05:42:57.348473+00:00
3,1704330273259929821:0,strongly_positive,2026-09-20 05:43:17.309692+00:00
3,1704330273259929821:1,positive,2026-09-20 05:43:31.800974+00:00
3,1704330273259929821:2,positive,2026-09-20 05:43:43.128456+00:00
3,1703988544426135571:0,positive,2026-09-20 05:43:53.757043+00:00
3,1703988544426135571:1,positive,2026-09-20 05:44:11.322165+00:00
3,1703578584642691146:0,strongly_positive,2026-09-20 05:44:19.585382+00:00
3,1703216196831584323:0,strongly_positive,2026-09-20 05:44:28.079259+00:00
3,1702491421071356097:0,strongly_positive,2026-09-20 05:44:46.126358+00:00
3,1835346270451593604:0,positive,2026-09-20 05:45:22.822380+00:00
3,2092527284066611509:0,dont_know,2026-09-20 05:49:45.716498+00:00
3,2092142454833307788:0,dont_know,2026-09-20 05:50:12.690977+00:00
3,2090813813096673304:0,negative,2026-09-20 05:50:46.631906+00:00
3,2090813813096673304:1,negative,2026-09-20 05:51:03.824915+00:00
3,2090813813096673304:2,dont_know,2026-09-20 05:54:17.447667+00:00
3,2090813813096673304:3,dont_know,2026-09-20 05:57:48.634064+00:00
3,2090813813096673304:4,dont_know,2026-09-20 05:58:29.077045+00:00
3,2090623948463681729:0,negative,2026-09-20 05:59:08.915847+00:00
3,2090623948463681729:1,neutral,2026-09-20 05:59:51.158709+00:00
3,2090623948463681729:2,positive,2026-09-20 06:00:23.325944+00:00
3,2090097388300230880:0,dont_know,2026-09-20 06:02:24.190401+00:00
3,2088995356424171717:0,positive,2026-09-20 06:02:49.537528+00:00
3,2088993684759175269:0,neutral,2026-09-20 07:02:40.644669+00:00
3,2088992997233008742:0,neutral,2026-09-20 07:03:07.486643+00:00
3,2088581193398972777:0,neutral,2026-09-20 07:03:13.898574+00:00
3,2088581193398972777:1,dont_know,2026-09-20 07:05:07.176553+00:00
3,2086827012262613058:0,dont_know,2026-09-20 07:06:41.157946+00:00
3,2086788412082885077:0,positive,2026-09-20 07:07:22.837566+00:00
3,2086320965638836488:0,positive,2026-09-20 07:08:41.091599+00:00
3,2085948814201086263:0,dont_know,2026-09-20 07:09:37.997665+00:00
3,2085939986055250037:0,negative,2026-09-20 07:10:39.102773+00:00
3,2085197755291709776:0,negative,2026-09-20 08:32:07.187319+00:00
3,2083546816914850277:0,dont_know,2026-09-20 08:32:34.543521+00:00
3,2083215546200555586:0,positive,2026-09-20 08:33:56.084614+00:00
3,2083215546200555586:1,dont_know,2026-09-20 08:34:01.486230+00:00
3,2082860163560853530:0,positive,2026-09-20 08:34:06.653613+00:00
3,2082846911653142804:0,neutral,2026-09-20 08:36:07.162651+00:00
3,2082363439864021492:0,negative,2026-09-20 08:37:28.398858+00:00
3,2080319975924125803:0,positive,2026-09-20 08:39:05.566510+00:00
3,2078370457355694131:0,neutral,2026-09-20 13:52:57.143235+00:00
3,2078370457355694131:1,positive,2026-09-20 13:53:08.970216+00:00
3,2078370457355694131:2,neutral,2026-09-20 13:53:17.144028+00:00
3,2078370457355694131:3,dont_know,2026-09-20 13:53:29.171511+00:00
3,2078370457355694131:4,positive,2026-09-20 13:53:34.979789+00:00
3,2077026641495335120:0,dont_know,2026-09-20 13:55:23.525025+00:00
3,2076687405109891317:0,negative,2026-09-20 13:56:12.047274+00:00
3,2075880432290455641:0,negative,2026-09-20 13:56:39.165009+00:00
3,2075780684145394030:0,dont_know,2026-09-20 13:57:02.712105+00:00
3,2075593803931742495:0,dont_know,2026-09-20 13:57:11.868869+00:00
3,2075570255578234893:0,negative,2026-09-20 13:57:29.225922+00:00
3,2075570255578234893:1,negative,2026-09-20 13:57:52.809527+00:00
3,2074543413438075355:0,negative,2026-09-20 13:58:11.685031+00:00
3,2073572610319982796:0,negative,2026-09-20 13:58:27.357443+00:00
3,2073572610319982796:1,dont_know,2026-09-20 13:58:33.312264+00:00
3,2072875603569840323:0,dont_know,2026-09-20 13:59:21.110931+00:00
3,2072875518693900750:0,dont_know,2026-09-20 13:59:40.854763+00:00
3,2072865399016919448:0,dont_know,2026-09-20 14:00:26.918883+00:00
3,2072495607298871736:0,dont_know,2026-09-20 14:01:06.985971+00:00
3,2072495349781200984:0,dont_know,2026-09-20 14:01:40.982863+00:00
3,2072495349781200984:1,positive,2026-09-20 14:03:27.228896+00:00
3,2072211436626211258:0,dont_know,2026-09-20 14:03:38.473452+00:00
3,2072211436626211258:1,negative,2026-09-20 14:04:01.056647+00:00
3,2072211391843565946:0,neutral,2026-09-20 14:04:13.682071+00:00
3,2071571937806213417:0,neutral,2026-09-20 14:04:21.208618+00:00
3,2071571937806213417:1,neutral,2026-09-20 14:04:31.672491+00:00
3,2071528002278814019:0,negative,2026-09-20 14:04:43.259249+00:00
3,2071528002278814019:1,dont_know,2026-09-20 14:04:51.565800+00:00
3,2071257137993666928:0,neutral,2026-09-20 14:05:11.260904+00:00
3,2068602791220920788:0,neutral,2026-09-20 14:06:05.052807+00:00
3,2067965664690831582:0,dont_know,2026-09-20 14:06:09.792007+00:00
3,2067062109880627629:0,dont_know,2026-09-20 14:06:13.935785+00:00
3,2066142303341953314:0,neutral,2026-09-20 14:06:37.264080+00:00
3,2065970872201208299:0,neutral,2026-09-20 14:06:42.888812+00:00
3,2065970872201208299:1,neutral,2026-09-20 14:07:03.368335+00:00
3,2065624152430797073:0,neutral,2026-09-20 14:07:07.642849+00:00
3,2065624152430797073:1,dont_know,2026-09-20 14:07:27.716476+00:00
3,2065607493209006328:0,dont_know,2026-09-20 14:07:58.506606+00:00
3,2065452185463443481:0,positive,2026-09-20 14:08:03.743604+00:00
3,2065101455519031547:0,dont_know,2026-09-20 14:08:49.614701+00:00
3,2064692829604171823:0,neutral,2026-09-20 14:09:11.553531+00:00
3,2064358800208052426:0,positive,2026-09-20 14:09:18.047282+00:00
3,2064358800208052426:1,dont_know,2026-09-20 14:09:29.071532+00:00
3,2061625036633731280:0,positive,2026-09-20 14:09:38.637053+00:00
3,2060951776325493240:0,positive,2026-09-20 14:09:54.788447+00:00
3,2056759379022782534:0,dont_know,2026-09-20 14:10:09.247232+00:00
3,2054962168379105523:0,negative,2026-09-20 14:10:28.181954+00:00
3,2054962168379105523:1,negative,2026-09-20 14:11:35.899222+00:00
3,2054913378444042504:0,neutral,2026-09-20 14:11:50.732793+00:00
3,2054913325503504657:0,dont_know,2026-09-20 14:11:55.388766+00:00
3,2053050847131807788:1,positive,2026-09-20 14:12:03.175828+00:00
3,2053050847131807788:2,positive,2026-09-20 14:12:12.655624+00:00
3,2052560989519036903:0,dont_know,2026-09-20 14:12:20.249091+00:00
3,2052272696499769452:0,positive,2026-09-20 14:30:46.272601+00:00
3,2052272696499769452:1,positive,2026-09-20 14:31:13.420642+00:00
3,2052272696499769452:2,neutral,2026-09-20 14:31:28.967500+00:00
3,2052272696499769452:3,neutral,2026-09-20 14:31:43.444127+00:00
3,2050032948259492020:0,positive,2026-09-20 14:32:26.931971+00:00
3,2050032948259492020:1,neutral,2026-09-20 14:32:31.278963+00:00
3,2047340205737492980:0,neutral,2026-09-20 14:33:00.567693+00:00
3,2047340205737492980:1,dont_know,2026-09-20 14:33:15.161629+00:00
3,2046600778807427289:0,neutral,2026-09-20 14:34:13.384213+00:00
3,2046600778807427289:1,neutral,2026-09-20 14:35:20.715206+00:00
3,2046600612440354880:0,positive,2026-09-20 14:36:00.596932+00:00
3,2046050890898104805:0,neutral,2026-09-20 14:36:48.168587+00:00
3,2045888703269351689:0,neutral,2026-09-20 14:38:44.235469+00:00
3,2045888703269351689:1,positive,2026-09-20 14:40:05.340514+00:00
3,2045888703269351689:2,positive,2026-09-20 14:40:27.826218+00:00
3,2045888703269351689:3,neutral,2026-09-20 14:40:51.677501+00:00
3,2044395133068841287:0,dont_know,2026-09-20 14:41:09.518406+00:00
3,2043870639233331658:0,positive,2026-09-20 14:41:25.627029+00:00
3,2043870639233331658:1,dont_know,2026-09-20 14:41:57.333284+00:00
3,2043864825844134337:0,strongly_positive,2026-09-20 14:42:21.681789+00:00
3,2043267371046232195:0,dont_know,2026-09-20 14:42:27.850518+00:00
3,2041693788889055573:0,neutral,2026-09-20 14:43:00.644585+00:00
3,2041528933695512723:0,neutral,2026-09-20 14:43:27.224176+00:00
3,2041528933695512723:1,neutral,2026-09-20 14:43:48.961427+00:00
3,2041528933695512723:2,neutral,2026-09-20 14:44:29.242410+00:00
3,2041528933695512723:3,neutral,2026-09-20 14:44:53.213206+00:00
3,2039356469091652093:0,positive,2026-09-20 14:45:42.708435+00:00
3,2039020249014808754:0,negative,2026-09-20 14:47:55.305776+00:00
3,2037194651422142855:0,positive,2026-09-20 14:53:33.044014+00:00
3,2036686841500340276:0,positive,2026-09-20 14:54:41.609087+00:00
3,2036686841500340276:1,positive,2026-09-20 14:54:51.400726+00:00
3,2036686841500340276:2,dont_know,2026-09-20 14:55:01.558451+00:00
3,2036282378256056636:0,positive,2026-09-20 14:59:38.763862+00:00
3,2032445321637154869:0,neutral,2026-09-20 15:03:58.220665+00:00
3,2032112721702109585:0,strongly_positive,2026-09-20 15:04:13.965863+00:00
3,2032111261329297452:0,dont_know,2026-09-20 15:04:42.101308+00:00
3,2031691944678813811:0,neutral,2026-09-20 15:08:06.856314+00:00
3,2031359511324406156:0,neutral,2026-09-20 15:08:35.538074+00:00
3,2031359511324406156:1,positive,2026-09-20 15:24:09.851867+00:00
3,2031250536356565117:0,dont_know,2026-09-20 15:24:29.318243+00:00
3,2031030662892060802:0,strongly_positive,2026-09-20 15:24:53.569666+00:00
3,2030512312239731178:0,dont_know,2026-09-20 15:25:28.911969+00:00
3,2030292262295662842:0,neutral,2026-09-20 15:25:52.190395+00:00
3,2029576853242151083:0,neutral,2026-09-21 02:30:58.544045+00:00
3,2029199121589166143:0,neutral,2026-09-21 02:31:17.436146+00:00
3,2029080666789560709:0,positive,2026-09-21 02:31:31.374437+00:00
3,2028789397710364964:0,neutral,2026-09-21 02:31:45.211832+00:00
3,2028789397710364964:1,dont_know,2026-09-21 02:32:14.066732+00:00
3,2028493028625928275:0,dont_know,2026-09-21 02:32:19.002714+00:00
3,2028309933964525761:0,dont_know,2026-09-21 02:32:23.908410+00:00
3,2027770604959723728:0,negative,2026-09-21 02:33:29.207870+00:00
3,2027757105604923845:0,neutral,2026-09-21 02:33:46.806373+00:00
3,2027652648267354436:0,positive,2026-09-21 02:33:58.403111+00:00
3,2027652648267354436:4,neutral,2026-09-21 02:34:10.492520+00:00
3,2027652648267354436:5,neutral,2026-09-21 02:34:14.871248+00:00
3,2027560529578033615:0,positive,2026-09-21 02:34:32.783037+00:00
3,2027397409484222475:0,neutral,2026-09-21 02:34:45.249729+00:00
3,2027397409484222475:1,neutral,2026-09-21 02:35:07.896205+00:00
3,2027200636811645221:0,neutral,2026-09-21 02:35:12.664072+00:00
3,2027200636811645221:1,neutral,2026-09-21 02:35:26.177500+00:00
3,2027200636811645221:2,neutral,2026-09-21 02:35:41.141693+00:00
3,2027200636811645221:3,neutral,2026-09-21 02:35:59.107116+00:00
3,2027067162834473047:0,positive,2026-09-21 02:56:07.783874+00:00
3,2027067162834473047:1,neutral,2026-09-21 05:46:15.309140+00:00
3,2026676104648597657:0,neutral,2026-09-21 05:47:01.522501+00:00
3,2026292904944398501:0,neutral,2026-09-21 05:47:41.742164+00:00
3,2026292224607310335:0,dont_know,2026-09-21 05:47:59.303503+00:00
3,2025948917402407296:0,positive,2026-09-21 05:48:20.919291+00:00
3,2025948917402407296:1,positive,2026-09-21 05:48:48.782184+00:00
3,2025948917402407296:2,neutral,2026-09-21 05:49:14.316238+00:00
3,2025855692792639713:0,neutral,2026-09-21 05:49:55.399119+00:00
3,2025810349736505767:0,positive,2026-09-21 05:50:54.626970+00:00
3,2025760784098505066:0,neutral,2026-09-21 05:51:15.275677+00:00
3,2025760784098505066:1,neutral,2026-09-21 05:52:02.656952+00:00
3,2025760784098505066:2,dont_know,2026-09-21 05:52:14.796476+00:00
3,2025573185681588535:0,dont_know,2026-09-21 05:52:43.686137+00:00
3,2024865817624789316:0,neutral,2026-09-21 05:52:55.157702+00:00
3,2024865817624789316:1,neutral,2026-09-21 05:54:14.308806+00:00
3,2024857972460101857:1,positive,2026-09-21 05:54:36.779425+00:00
3,2024857972460101857:2,positive,2026-09-21 05:54:43.197621+00:00
3,2024515551889182917:2,neutral,2026-09-21 05:54:53.752282+00:00
3,2024515459027177678:0,neutral,2026-09-21 05:54:59.811830+00:00
3,2024500088308191283:0,neutral,2026-09-21 05:55:15.944961+00:00
3,2024500038144319494:0,neutral,2026-09-21 05:57:20.875130+00:00
3,2024299521711407601:0,neutral,2026-09-21 05:59:15.569618+00:00
3,2023409146092273925:0,neutral,2026-09-21 05:59:28.430870+00:00
3,2023409146092273925:1,positive,2026-09-21 06:00:48.663319+00:00
3,2023228841267998744:0,neutral,2026-09-21 06:01:08.189085+00:00
3,2023060167047479476:0,neutral,2026-09-21 06:01:20.919058+00:00
3,2023060167047479476:1,dont_know,2026-09-21 06:01:33.510621+00:00
3,2023060167047479476:2,dont_know,2026-09-21 06:01:38.390544+00:00
3,2022864982745174292:0,neutral,2026-09-21 06:01:51.758073+00:00
3,2022689507817242847:0,neutral,2026-09-21 06:02:02.454220+00:00
3,2022689507817242847:1,neutral,2026-09-21 06:02:13.663173+00:00
3,2022689507817242847:2,neutral,2026-09-21 06:02:28.288107+00:00
3,2022673491934482640:0,neutral,2026-09-21 06:02:38.190886+00:00
3,2022673249096847728:0,neutral,2026-09-21 06:02:47.558939+00:00
3,2022635366344462518:0,neutral,2026-09-21 06:03:00.181318+00:00
3,2022629681737216102:0,neutral,2026-09-21 06:03:09.605732+00:00
3,2022607275693662637:0,positive,2026-09-21 06:03:20.331041+00:00
3,2022607275693662637:1,positive,2026-09-21 06:03:24.593970+00:00
3,2022607275693662637:2,positive,2026-09-21 06:03:29.987730+00:00
3,2022607275693662637:3,positive,2026-09-21 06:03:42.216771+00:00
3,2022607275693662637:4,positive,2026-09-21 06:03:51.027955+00:00
3,2022607275693662637:5,dont_know,2026-09-21 06:03:54.702178+00:00
3,2021958866259562516:0,dont_know,2026-09-21 06:04:23.085909+00:00
3,2021593949937291693:0,negative,2026-09-21 06:04:44.995775+00:00
3,2019687252415430988:0,positive,2026-09-21 06:04:55.959395+00:00
3,2018936415854407778:0,neutral,2026-09-21 06:05:05.161759+00:00
3,2018936415854407778:1,neutral,2026-09-21 06:05:14.132628+00:00
3,2018886397407703129:0,neutral,2026-09-21 06:05:25.168147+00:00
3,2017975035303223667:0,dont_know,2026-09-21 06:05:42.804026+00:00
3,2017975035303223667:1,positive,2026-09-21 06:05:52.641362+00:00
3,2017975035303223667:2,neutral,2026-09-21 06:06:04.548990+00:00
3,2017600864387797451:0,neutral,2026-09-21 06:06:10.235551+00:00
3,2017245734220009680:0,positive,2026-09-21 06:06:26.903075+00:00
3,2017245734220009680:1,negative,2026-09-21 06:06:39.240793+00:00
3,2016713437657911568:0,neutral,2026-09-21 06:06:46.584699+00:00
3,2016519978917519459:0,neutral,2026-09-21 06:06:55.775557+00:00
3,2016157911102456096:0,neutral,2026-09-21 06:07:12.426503+00:00
3,2016157911102456096:1,positive,2026-09-21 13:15:54.973505+00:00
3,2016156238334283988:0,dont_know,2026-09-21 13:16:10.552520+00:00
3,2016127334903095432:0,dont_know,2026-09-21 13:16:15.967461+00:00
3,2015797360362995759:0,positive,2026-09-21 13:16:33.937286+00:00
3,2015693599724454269:0,neutral,2026-09-21 13:16:45.670077+00:00
3,2015028396007493847:0,negative,2026-09-21 13:17:00.796959+00:00
3,2014325819850838377:0,neutral,2026-09-21 13:17:04.083897+00:00
3,2013887401261748736:0,neutral,2026-09-21 13:17:21.186048+00:00
3,2013812881322553798:0,dont_know,2026-09-21 13:17:37.471271+00:00
3,2013624524508385399:0,dont_know,2026-09-21 13:17:55.147900+00:00
3,2013624524508385399:1,positive,2026-09-21 13:19:32.954550+00:00
3,2012886680257348026:0,positive,2026-09-21 13:19:54.462205+00:00
3,2012886680257348026:1,positive,2026-09-21 13:20:09.683398+00:00
3,2012886680257348026:2,positive,2026-09-21 13:20:25.669002+00:00
3,2012505748828565970:0,neutral,2026-09-21 13:20:38.507338+00:00
3,2010274456686788662:0,strongly_positive,2026-09-21 13:20:53.957489+00:00
3,2010274456686788662:1,positive,2026-09-21 13:21:04.185489+00:00
3,2009815299189801416:0,dont_know,2026-09-21 13:21:29.980168+00:00
3,2009626560324943950:0,neutral,2026-09-21 13:21:33.204786+00:00
3,2009597655396364746:0,neutral,2026-09-21 13:21:49.815571+00:00
3,2009257587716362247:0,negative,2026-09-21 13:22:13.901783+00:00
3,2009244247871091136:0,neutral,2026-09-21 13:22:29.201675+00:00
3,2008885979768352789:0,neutral,2026-09-21 13:23:05.370538+00:00
3,2008170253398983092:0,positive,2026-09-21 13:23:33.652454+00:00
3,2008162012623511814:0,neutral,2026-09-21 13:23:49.210112+00:00
3,2007365124169080943:0,dont_know,2026-09-21 13:24:31.549241+00:00
3,2007362542591709443:0,positive,2026-09-21 13:25:19.366071+00:00
3,2007362542591709443:1,neutral,2026-09-21 13:25:43.223779+00:00
3,2007362542591709443:2,positive,2026-09-21 13:26:39.200828+00:00
3,2007295141284049237:0,positive,2026-09-21 13:27:33.087744+00:00
3,2007295141284049237:1,positive,2026-09-21 13:27:55.921555+00:00
3,2006927795482714384:0,neutral,2026-09-21 13:28:24.655947+00:00
3,2006927795482714384:1,positive,2026-09-21 13:28:40.343670+00:00
3,2006921831228510216:0,dont_know,2026-09-21 13:28:56.703934+00:00
3,2006365504081195048:0,neutral,2026-09-21 13:29:16.095043+00:00
3,2004542958515921049:0,positive,2026-09-21 13:29:52.581100+00:00
3,2004181360676950359:0,positive,2026-09-21 13:30:03.960373+00:00
3,2004181360676950359:1,positive,2026-09-21 13:30:15.962270+00:00
3,2004181360676950359:2,positive,2026-09-21 13:30:28.477024+00:00
3,2004181360676950359:3,neutral,2026-09-21 13:30:57.452030+00:00
3,2003831079497879919:0,dont_know,2026-09-21 13:31:08.935764+00:00
3,2003637750743093446:0,neutral,2026-09-21 13:31:15.487274+00:00
3,2003300473340895486:0,negative,2026-09-21 13:31:36.821327+00:00
3,2003300473340895486:1,dont_know,2026-09-21 13:31:51.800869+00:00
3,2003300473340895486:2,positive,2026-09-21 13:32:02.378891+00:00
3,2003300473340895486:3,positive,2026-09-21 13:32:13.246732+00:00
3,2002184614560117005:0,positive,2026-09-21 13:32:58.744914+00:00
3,2002175922188005470:0,positive,2026-09-21 13:33:39.138825+00:00
3,2001270109399290118:0,neutral,2026-09-21 13:33:59.047222+00:00
3,2000955250040258595:0,positive,2026-09-21 13:36:03.697145+00:00
3,2000912544144482538:0,neutral,2026-09-21 13:36:22.750866+00:00
3,2000912544144482538:1,neutral,2026-09-21 13:37:02.876308+00:00
3,2000912544144482538:2,neutral,2026-09-21 13:37:12.844030+00:00
3,2000580245599240215:0,neutral,2026-09-21 13:37:16.889108+00:00
3,2000569516636692823:0,positive,2026-09-21 13:49:27.234957+00:00
3,2000569516636692823:3,dont_know,2026-09-21 13:50:10.262481+00:00
3,2000383864452366438:0,neutral,2026-09-21 13:50:36.068900+00:00
3,2000383864452366438:1,neutral,2026-09-21 13:51:02.510642+00:00
3,2000383864452366438:2,neutral,2026-09-21 13:51:19.149869+00:00
3,2000378449450651832:0,neutral,2026-09-21 13:51:33.207990+00:00
3,2000237044698951808:0,positive,2026-09-21 13:51:57.450395+00:00
3,2000237044698951808:1,dont_know,2026-09-21 13:52:07.201574+00:00
3,1999668713700958230:0,positive,2026-09-21 13:52:33.012306+00:00
3,1999300875999936864:0,positive,2026-09-21 13:52:51.238234+00:00
3,1998964200660783222:0,positive,2026-09-21 13:54:13.622039+00:00
3,1998964200660783222:1,positive,2026-09-21 13:54:47.821750+00:00
3,1998964200660783222:2,neutral,2026-09-21 13:55:02.477475+00:00
3,1998963411342983488:0,dont_know,2026-09-21 13:55:39.030421+00:00
3,1998959311490527697:0,neutral,2026-09-21 13:57:03.793948+00:00
3,1998751983516168377:0,neutral,2026-09-21 13:57:18.775195+00:00
3,1998272855759589874:0,positive,2026-09-21 13:58:22.673155+00:00
3,1998076386708464049:0,negative,2026-09-21 13:59:24.809974+00:00
3,1998034098846376129:0,neutral,2026-09-21 14:01:19.442246+00:00
3,1996930547713823052:0,neutral,2026-09-21 14:02:05.800015+00:00
3,1996575839933317499:0,dont_know,2026-09-21 14:02:19.380676+00:00
3,1996406136699060595:0,positive,2026-09-21 14:02:46.232987+00:00
3,1996201556132446598:0,dont_know,2026-09-21 14:03:20.845525+00:00
3,1996201321792430454:0,neutral,2026-09-21 14:03:32.489331+00:00
3,1995487783016910920:0,dont_know,2026-09-21 14:03:37.881001+00:00
3,1995137739084480767:0,neutral,2026-09-21 14:03:55.109428+00:00
3,1994769131040915956:0,neutral,2026-09-21 14:04:08.114306+00:00
3,1994769131040915956:1,positive,2026-09-21 14:04:28.496975+00:00
3,1994659081840443772:0,neutral,2026-09-21 14:05:01.622450+00:00
3,1994659081840443772:1,neutral,2026-09-21 14:05:13.010009+00:00
3,1994011477469274558:0,strongly_positive,2026-09-21 14:05:17.536364+00:00
3,1994011477469274558:1,dont_know,2026-09-21 14:05:21.281978+00:00
3,1993919590947279237:0,positive,2026-09-21 14:05:41.091431+00:00
3,1993669047205122446:0,neutral,2026-09-21 14:05:56.140127+00:00
3,1993669047205122446:1,positive,2026-09-21 14:06:06.179615+00:00
3,1993502066246140191:1,positive,2026-09-21 14:06:20.943212+00:00
3,1993502066246140191:2,dont_know,2026-09-21 14:06:25.569287+00:00
3,1993302971011289153:0,neutral,2026-09-21 14:06:47.801260+00:00
3,1993302971011289153:1,neutral,2026-09-21 14:06:59.895545+00:00
3,1992953182809620751:0,neutral,2026-09-21 14:07:04.100578+00:00
3,1992179210107142442:0,dont_know,2026-09-21 14:07:18.025416+00:00
3,1991111957974540792:0,negative,2026-09-21 14:07:34.768454+00:00
3,1991079409479020600:0,negative,2026-09-21 14:07:51.644006+00:00
3,1990793466880876786:0,neutral,2026-09-21 14:08:07.392908+00:00
3,1990793466880876786:1,neutral,2026-09-21 14:08:18.530288+00:00
3,1990790703514071156:0,positive,2026-09-21 14:09:13.365372+00:00
3,1990660569331085424:0,neutral,2026-09-21 14:09:28.273416+00:00
3,1990660569331085424:1,negative,2026-09-21 14:09:52.308084+00:00
3,1989502656516374841:0,neutral,2026-09-21 14:10:55.527386+00:00
3,1988965342706823672:0,positive,2026-09-21 14:16:19.857247+00:00
3,1988965342706823672:1,positive,2026-09-21 14:16:40.379046+00:00
3,1988956202517336496:0,neutral,2026-09-21 14:17:03.750439+00:00
3,1988590350160535690:0,neutral,2026-09-21 14:17:22.198599+00:00
3,1987898371080896568:1,dont_know,2026-09-21 14:17:39.859133+00:00
3,1987898371080896568:2,negative,2026-09-21 14:18:08.375778+00:00
3,1987878415677190285:0,neutral,2026-09-21 14:18:34.835625+00:00
3,1987878415677190285:1,neutral,2026-09-21 14:19:08.039736+00:00
3,1987878415677190285:2,neutral,2026-09-21 14:19:30.310342+00:00
3,1987878415677190285:3,dont_know,2026-09-21 14:19:35.405492+00:00
3,1986616944955695173:0,neutral,2026-09-21 14:19:47.552159+00:00
3,1986616944955695173:1,negative,2026-09-21 14:20:26.555838+00:00
3,1986430945382322561:0,neutral,2026-09-21 14:30:38.172426+00:00
3,1986250249837621310:0,dont_know,2026-09-21 14:30:47.377685+00:00
3,1986246629297680574:0,positive,2026-09-21 14:31:10.864828+00:00
3,1986048479089787055:0,neutral,2026-09-21 14:31:27.476120+00:00
3,1985702029168398801:0,neutral,2026-09-21 14:31:40.411510+00:00
3,1985701661059514750:0,positive,2026-09-21 14:31:56.578825+00:00
3,1983204405341237568:0,negative,2026-09-21 14:32:11.780075+00:00
3,1983204405341237568:1,negative,2026-09-21 14:32:24.970970+00:00
3,1982077985810514201:0,dont_know,2026-09-21 14:32:41.108123+00:00
3,1982077985810514201:1,dont_know,2026-09-21 14:33:16.754337+00:00
3,1982077985810514201:2,negative,2026-09-21 14:33:32.909178+00:00
3,1982077985810514201:3,dont_know,2026-09-21 14:33:37.645242+00:00
3,1979923919491736034:0,positive,2026-09-21 14:33:52.652449+00:00
3,1979923919491736034:1,neutral,2026-09-21 14:34:09.639494+00:00
3,1979923919491736034:2,positive,2026-09-21 14:34:34.145811+00:00
3,1979887692394508336:0,neutral,2026-09-21 14:36:09.748477+00:00
3,1978631079897502106:0,neutral,2026-09-21 14:36:28.681006+00:00
3,1978110984670564724:0,negative,2026-09-21 14:36:48.507113+00:00
3,1978110984670564724:1,neutral,2026-09-21 14:36:52.391754+00:00
3,1976653337270550711:0,negative,2026-09-21 14:37:05.459092+00:00
3,1976653337270550711:1,dont_know,2026-09-21 14:37:25.111439+00:00
3,1976133128319271283:0,positive,2026-09-21 14:37:39.486090+00:00
3,1976130841924252011:0,neutral,2026-09-21 14:37:53.509071+00:00
3,1976119140869079450:0,positive,2026-09-21 14:38:15.306992+00:00
3,1974834319442182422:0,positive,2026-09-21 14:38:31.550268+00:00
3,1971939911889719449:0,dont_know,2026-09-21 14:38:48.976055+00:00
3,1971549533546119391:0,positive,2026-09-21 14:39:03.034004+00:00
3,1971407345147314619:0,neutral,2026-09-21 14:39:08.326678+00:00
3,1971237103825731868:1,positive,2026-09-21 14:39:16.889693+00:00
3,1971201890068124029:0,neutral,2026-09-21 14:39:39.210019+00:00
3,1971201890068124029:1,dont_know,2026-09-21 14:39:53.424314+00:00
3,1971009903990034876:0,neutral,2026-09-21 14:39:58.426609+00:00
3,1970868737516662863:0,neutral,2026-09-21 14:40:16.852429+00:00
3,1970868737516662863:1,neutral,2026-09-21 14:41:04.449028+00:00
3,1970503196453044357:0,positive,2026-09-21 14:41:29.249529+00:00
3,1969416698974650770:0,negative,2026-09-21 14:42:13.806047+00:00
3,1969416698974650770:2,positive,2026-09-21 14:42:25.942111+00:00
3,1969416698974650770:3,positive,2026-09-21 14:42:40.603367+00:00
3,1969416698974650770:4,dont_know,2026-09-21 14:42:45.529252+00:00
3,1968852930557063539:0,neutral,2026-09-21 14:43:03.323074+00:00
3,1968666403499639069:0,neutral,2026-09-21 14:43:08.321870+00:00
3,1968495188655096097:0,neutral,2026-09-21 14:43:15.933504+00:00
3,1967078807481053313:0,positive,2026-09-21 14:43:28.664545+00:00
3,1967078807481053313:1,positive,2026-09-21 14:43:33.857113+00:00
3,1967078807481053313:2,positive,2026-09-21 14:43:40.269457+00:00
3,1966859626596757977:0,neutral,2026-09-21 14:43:46.409061+00:00
3,1966762744033751049:0,positive,2026-09-21 14:43:51.727930+00:00
3,1966410601351229901:0,positive,2026-09-21 14:44:04.574693+00:00
3,1966410601351229901:1,positive,2026-09-22 03:37:16.984680+00:00
3,1966398479028437016:0,dont_know,2026-09-22 03:37:53.121016+00:00
3,1966398433113391329:0,positive,2026-09-22 03:38:11.751544+00:00
3,1966339751226847264:0,positive,2026-09-22 03:38:37.367749+00:00
3,1966339751226847264:1,dont_know,2026-09-22 03:39:42.733673+00:00
3,1966308297650426012:0,negative,2026-09-22 03:40:08.447370+00:00
3,1965706748347723932:0,negative,2026-09-22 03:40:20.167783+00:00
3,1965706748347723932:2,positive,2026-09-22 03:40:37.114210+00:00
3,1965706748347723932:3,positive,2026-09-22 03:40:59.890430+00:00
3,1965439295046762742:0,neutral,2026-09-22 03:41:25.802273+00:00
3,1964980767597179370:0,negative,2026-09-22 03:41:41.025658+00:00
3,1964557368777486405:0,neutral,2026-09-22 03:41:54.875486+00:00
3,1964557368777486405:1,dont_know,2026-09-22 03:42:07.546929+00:00
3,1964524584763609449:0,negative,2026-09-22 03:42:23.683582+00:00
3,1964524584763609449:1,negative,2026-09-22 03:42:37.361718+00:00
3,1964524584763609449:2,dont_know,2026-09-22 03:43:12.939104+00:00
3,1964215878213378129:0,positive,2026-09-22 03:43:26.470840+00:00
3,1963592050592423964:0,neutral,2026-09-22 03:43:44.956014+00:00
3,1963591219553964115:0,neutral,2026-09-22 03:44:02.780135+00:00
3,1963580587677291000:0,negative,2026-09-22 03:44:08.850937+00:00
3,1963580587677291000:1,negative,2026-09-22 03:44:14.688798+00:00
3,1963425903939408069:0,neutral,2026-09-22 03:44:20.042299+00:00
3,1963148195594477716:0,neutral,2026-09-22 03:44:37.293470+00:00
3,1963063354848657605:0,dont_know,2026-09-22 03:45:13.324430+00:00
3,1963063354848657605:2,neutral,2026-09-22 03:45:20.037051+00:00
3,1962719829519147487:0,dont_know,2026-09-22 03:45:49.870741+00:00
3,1962701056582058184:0,negative,2026-09-22 03:46:10.247495+00:00
3,1962523460074348997:0,dont_know,2026-09-22 03:48:28.276713+00:00
3,1962464040455897325:0,neutral,2026-09-22 03:48:46.699268+00:00
3,1962464040455897325:2,neutral,2026-09-22 03:49:59.527051+00:00
3,1962464040455897325:3,neutral,2026-09-22 03:50:21.124479+00:00
3,1962142754512990436:0,neutral,2026-09-22 03:50:46.397520+00:00
3,1961680849235263690:0,positive,2026-09-22 03:51:08.175432+00:00
3,1961677734356406735:0,dont_know,2026-09-22 03:51:33.727703+00:00
3,1961611169745309711:0,negative,2026-09-22 03:52:48.987531+00:00
3,1961611012169502864:0,neutral,2026-09-22 03:53:09.317232+00:00
3,1961610380733784199:0,dont_know,2026-09-22 03:54:23.761520+00:00
3,1961441298994663817:0,negative,2026-09-22 03:54:33.235701+00:00
3,1961441298994663817:1,neutral,2026-09-22 03:55:02.332808+00:00
3,1961419006839329026:0,neutral,2026-09-22 03:55:26.066541+00:00
3,1961419006839329026:1,positive,2026-09-22 03:55:31.109529+00:00
3,1961419006839329026:2,positive,2026-09-22 03:55:36.195789+00:00
3,1961419006839329026:3,positive,2026-09-22 03:56:14.756969+00:00
3,1961268699207536660:0,positive,2026-09-22 03:57:09.940446+00:00
3,1960901576249500062:0,neutral,2026-09-22 03:57:32.563024+00:00
3,1960901576249500062:1,neutral,2026-09-22 03:57:45.500796+00:00
3,1960720057371386066:0,positive,2026-09-22 03:58:34.126340+00:00
3,1960713317699268693:0,neutral,2026-09-22 03:58:52.764525+00:00
3,1959981912245576108:0,positive,2026-09-22 03:59:27.520800+00:00
3,1959981912245576108:1,neutral,2026-09-22 12:02:57.968772+00:00
3,1959981912245576108:2,positive,2026-09-22 12:03:41.027657+00:00
3,1959933674960359885:0,neutral,2026-09-22 12:03:44.988081+00:00
3,1959873244007428495:0,negative,2026-09-22 12:03:59.791551+00:00
3,1959434208776237096:0,positive,2026-09-22 12:21:26.958025+00:00
3,1959432186605810091:0,dont_know,2026-09-22 12:22:01.543260+00:00
3,1959125856644686139:0,dont_know,2026-09-22 12:24:08.779329+00:00
3,1959125856644686139:1,dont_know,2026-09-22 12:25:27.809336+00:00
3,1958889306539315238:0,negative,2026-09-22 12:25:49.539852+00:00
3,1958889306539315238:1,dont_know,2026-09-22 12:25:56.166009+00:00
3,1958888931795022166:0,dont_know,2026-09-22 12:26:16.367197+00:00
3,1958888226619261432:0,positive,2026-09-22 12:26:34.327237+00:00
3,1958888226619261432:1,dont_know,2026-09-22 12:26:54.223090+00:00
3,1958887722384294054:0,neutral,2026-09-22 12:27:32.982398+00:00
3,1958735754139771251:0,positive,2026-09-22 12:29:38.763069+00:00
3,1958735754139771251:1,positive,2026-09-22 12:29:41.381732+00:00
3,1958560462297006487:0,dont_know,2026-09-22 12:31:14.578915+00:00
3,1958549191417839870:0,positive,2026-09-22 12:31:33.817005+00:00
3,1958504929506500807:0,positive,2026-09-22 12:32:32.434716+00:00
3,1958488319689699597:0,neutral,2026-09-22 14:15:28.039425+00:00
3,1958173757669056709:0,dont_know,2026-09-22 14:16:54.900216+00:00
3,1958161928435761450:0,neutral,2026-09-22 14:17:23.312745+00:00
3,1958161928435761450:1,positive,2026-09-22 14:20:43.350325+00:00
3,1957828275067085273:0,neutral,2026-09-22 14:20:55.631184+00:00
3,1956362260567245050:0,neutral,2026-09-22 14:21:51.222557+00:00
3,1956362260567245050:1,neutral,2026-09-22 14:22:49.037619+00:00
3,1956328356145951115:0,negative,2026-09-22 14:23:16.338644+00:00
3,1956328356145951115:1,negative,2026-09-25 02:40:36.862965+00:00
3,1956319415202689322:0,positive,2026-09-25 02:40:53.433199+00:00
3,1956222353484005770:0,neutral,2026-09-25 02:41:08.969778+00:00
3,1956222353484005770:1,neutral,2026-09-25 02:41:59.718406+00:00
3,1956159504216719682:0,neutral,2026-09-25 02:43:23.903186+00:00
3,1955617965136855372:0,neutral,2026-09-25 02:44:05.279528+00:00
3,1954949199004569821:0,neutral,2026-09-25 02:44:30.454937+00:00
3,1953464012135702968:0,neutral,2026-09-25 03:15:07.666892+00:00
3,1953464012135702968:1,positive,2026-09-25 03:15:20.331906+00:00
3,1953079163218477287:0,neutral,2026-09-25 03:15:32.482183+00:00
3,1953079163218477287:1,neutral,2026-09-25 03:15:53.533310+00:00
3,1953079163218477287:2,positive,2026-09-25 03:16:15.104360+00:00
3,1952561409562427429:0,neutral,2026-09-25 03:16:29.218780+00:00
3,1952561409562427429:1,positive,2026-09-25 03:16:48.263163+00:00
3,1950909842354491679:0,dont_know,2026-09-25 03:17:28.913192+00:00
3,1950909683855950293:0,neutral,2026-09-25 03:18:02.906730+00:00
3,1950909683855950293:1,neutral,2026-09-25 03:18:43.276297+00:00
3,1950519197152276914:0,dont_know,2026-09-25 03:19:14.151350+00:00
3,1950519170312896530:0,neutral,2026-09-25 03:32:49.403559+00:00
3,1950170014444900741:0,neutral,2026-09-25 03:33:10.246607+00:00
3,1949838461915033794:0,dont_know,2026-09-25 08:31:17.625634+00:00
3,1949143003232178342:0,positive,2026-09-25 08:31:36.853246+00:00
3,1949143003232178342:1,dont_know,2026-09-25 08:31:56.290173+00:00
3,1949143003232178342:2,positive,2026-09-25 08:37:12.368629+00:00
3,1947664517254811719:0,positive,2026-09-25 08:44:35.156260+00:00
3,1947595064890560913:0,neutral,2026-09-25 08:45:14.662884+00:00
3,1947097541205700694:0,positive,2026-09-25 08:46:25.393879+00:00
3,1946200975867564330:0,neutral,2026-09-25 08:46:47.814175+00:00
3,1946023916973207756:0,dont_know,2026-09-25 08:48:33.412695+00:00
3,1945866534599221325:0,neutral,2026-09-25 08:49:11.914879+00:00
3,1945685762365903218:0,neutral,2026-09-25 08:49:35.198955+00:00
3,1945463886477713643:0,positive,2026-09-25 08:50:06.789762+00:00
3,1944967706392059927:0,positive,2026-09-25 08:54:15.506835+00:00
3,1944404423859462437:0,neutral,2026-09-25 08:54:31.049843+00:00
3,1943964653455126740:0,dont_know,2026-09-25 08:56:51.777794+00:00
3,1943964564074508478:0,positive,2026-09-25 08:57:22.329295+00:00
3,1943934425362051301:0,positive,2026-09-25 08:57:53.951780+00:00
3,1943623621940793659:0,neutral,2026-09-25 08:58:21.647171+00:00
3,1942544587370746228:0,positive,2026-09-25 08:58:50.019768+00:00
3,1942223280523600063:0,positive,2026-09-25 08:59:09.117992+00:00
3,1941343652380541054:0,negative,2026-09-25 09:02:26.912722+00:00
3,1941343652380541054:1,neutral,2026-09-25 09:03:04.605848+00:00
3,1941343652380541054:3,positive,2026-09-25 09:05:49.896817+00:00
3,1941114055743377919:1,neutral,2026-09-25 09:06:13.802662+00:00
3,1941114055743377919:2,dont_know,2026-09-25 09:09:11.870518+00:00
3,1941005193182953541:0,dont_know,2026-09-25 09:13:51.531939+00:00
3,1940962380160352475:0,dont_know,2026-09-25 10:59:14.777700+00:00
3,1940781146436260164:0,neutral,2026-09-25 11:01:41.284038+00:00
3,1940781146436260164:1,neutral,2026-09-25 11:01:54.444533+00:00
3,1940597503457743144:0,neutral,2026-09-25 11:02:17.417262+00:00
3,1940389025678070267:0,neutral,2026-09-25 11:02:33.282609+00:00
3,1939532726849450099:0,dont_know,2026-09-25 11:04:38.640095+00:00
3,1938863905985737044:0,positive,2026-09-25 11:05:08.074889+00:00
3,1938863905985737044:1,positive,2026-09-25 11:05:58.593713+00:00
3,1938863905985737044:2,neutral,2026-09-25 11:06:09.889615+00:00
3,1936812490219733347:0,neutral,2026-09-25 11:06:30.455349+00:00
3,1936805217993097644:0,dont_know,2026-09-25 11:06:52.739889+00:00
3,1936805115387867379:0,positive,2026-09-25 11:07:07.020428+00:00
3,1936797553552691667:0,neutral,2026-09-25 11:07:12.804931+00:00
3,1936257403495879139:0,positive,2026-09-25 11:07:29.120375+00:00
3,1936035188196192432:0,neutral,2026-09-25 11:09:15.375452+00:00
3,1935322837621047702:0,neutral,2026-09-25 11:09:30.807944+00:00
3,1934206898724815086:0,neutral,2026-09-25 11:12:24.504809+00:00
3,1933416846902112284:0,negative,2026-09-25 11:13:00.041573+00:00
3,1932816388671819889:0,negative,2026-09-25 11:13:12.631979+00:00
3,1932816089974497644:0,dont_know,2026-09-25 11:13:24.475380+00:00
3,1932815342528512230:0,negative,2026-09-25 11:15:45.635605+00:00
3,1932815342528512230:1,negative,2026-09-25 11:16:00.318227+00:00
3,1931675834814812331:0,positive,2026-09-25 11:16:12.132357+00:00
3,1931675834814812331:1,positive,2026-09-25 11:16:22.575759+00:00
3,1931352077109715286:0,positive,2026-09-25 11:18:56.816610+00:00
3,1931352077109715286:2,positive,2026-09-25 11:19:01.991762+00:00
3,1931322590875767079:0,neutral,2026-09-25 11:19:42.390657+00:00
3,1930636354582405293:0,neutral,2026-09-25 11:22:53.034176+00:00
3,1930636354582405293:1,neutral,2026-09-25 11:23:07.919566+00:00
3,1930627907124080782:1,dont_know,2026-09-25 11:23:37.047623+00:00
3,1930624889699909800:0,negative,2026-09-25 11:25:18.532030+00:00
3,1589082535702966273:0,positive,2026-09-25 11:25:32.857457+00:00
3,2092845587846807876:0,positive,2026-09-25 11:25:58.432620+00:00
3,2092845587846807876:2,negative,2026-09-25 12:54:19.564854+00:00
3,2092845587846807876:4,dont_know,2026-09-25 13:05:41.453852+00:00
3,2091880074861838662:0,neutral,2026-09-25 13:05:47.854044+00:00
3,2091771538949509497:0,positive,2026-09-25 13:06:06.413722+00:00
3,2091771538949509497:1,negative,2026-09-25 13:06:18.231874+00:00
3,2091771538949509497:3,negative,2026-09-25 14:10:07.734677+00:00
3,2091771538949509497:5,negative,2026-09-25 14:10:56.010339+00:00
3,2091767113610572249:0,dont_know,2026-09-25 14:11:11.488428+00:00
3,2091716096948846760:0,dont_know,2026-09-25 14:12:47.795909+00:00
3,2091546716856299786:0,neutral,2026-09-25 14:13:06.681430+00:00
3,2091528093886529683:0,neutral,2026-09-25 14:16:47.197327+00:00
3,2091475868237640190:0,negative,2026-09-25 14:21:29.406828+00:00
3,2091383609882255828:0,dont_know,2026-09-25 14:22:32.504857+00:00
3,2091383609882255828:1,negative,2026-09-25 14:29:28.800252+00:00
3,2091383609882255828:3,neutral,2026-09-25 14:30:26.778073+00:00
3,2090370909538496848:0,positive,2026-09-26 11:39:28.093746+00:00
3,2090370909538496848:1,positive,2026-09-26 11:40:00.943188+00:00
3,2090370909538496848:2,positive,2026-09-26 11:40:13.293537+00:00
3,2090349105277219168:0,neutral,2026-09-26 11:40:27.671805+00:00
3,2090349105277219168:2,dont_know,2026-09-26 11:41:07.595083+00:00
3,2090322591508726032:0,positive,2026-09-26 11:42:31.991154+00:00
3,2090322591508726032:1,positive,2026-09-26 11:42:42.992503+00:00
3,2090279389732970744:0,dont_know,2026-09-26 11:44:09.320025+00:00
3,2090279389732970744:1,negative,2026-09-26 11:46:06.586656+00:00
3,2090279389732970744:2,negative,2026-09-26 11:46:26.585912+00:00
3,2090264539191476334:0,negative,2026-09-26 11:47:08.055906+00:00
3,2090264539191476334:1,negative,2026-09-26 11:48:37.791393+00:00
3,2090264539191476334:2,dont_know,2026-09-26 11:49:16.048340+00:00
3,2090091462528803215:0,negative,2026-09-26 11:49:45.725000+00:00
3,2090091462528803215:1,negative,2026-09-26 11:50:29.934367+00:00
3,2090091462528803215:2,dont_know,2026-09-26 11:51:33.798361+00:00
3,2090060049498681476:0,neutral,2026-09-26 11:52:33.916060+00:00
3,2090060049498681476:1,dont_know,2026-09-26 12:01:11.662870+00:00
3,2090060049498681476:2,dont_know,2026-09-26 12:06:01.244382+00:00
3,2089723577855852560:0,positive,2026-09-26 12:07:16.767185+00:00
3,2089364807711355022:0,neutral,2026-09-26 12:08:29.384880+00:00
3,2089364807711355022:2,positive,2026-09-26 12:10:42.148064+00:00
3,2089364807711355022:3,positive,2026-09-26 12:11:31.846060+00:00
3,2089215035109523589:0,neutral,2026-09-26 12:12:39.859857+00:00
3,2089205402651275695:0,dont_know,2026-09-26 12:17:27.995758+00:00
3,2089194113774289299:0,positive,2026-09-26 12:22:27.873349+00:00
3,2089194113774289299:1,dont_know,2026-09-26 12:22:56.707067+00:00
3,2088964716504949239:0,negative,2026-09-26 12:23:31.926858+00:00
3,2088964716504949239:1,negative,2026-09-26 12:24:29.134253+00:00
3,2088964716504949239:2,negative,2026-09-26 12:24:52.108695+00:00
3,2088964716504949239:3,dont_know,2026-09-26 12:25:00.742815+00:00
3,2088950722364932253:0,positive,2026-09-26 12:25:23.551302+00:00
3,2088950722364932253:1,negative,2026-09-26 12:28:14.581196+00:00
3,2088892439675429135:0,neutral,2026-09-26 12:28:38.212776+00:00
3,2088821425838985240:0,neutral,2026-09-26 12:31:13.971585+00:00
3,2088821425838985240:1,neutral,2026-09-26 12:32:08.854413+00:00
3,2088821425838985240:2,dont_know,2026-09-26 12:32:32.050689+00:00
3,2088626418737639597:0,positive,2026-09-26 12:32:55.293200+00:00
3,2088457879082897515:0,positive,2026-09-26 12:33:01.501692+00:00
3,2088457879082897515:1,neutral,2026-09-26 12:34:28.875152+00:00
3,2088276598227353885:0,neutral,2026-09-26 12:34:57.272962+00:00
3,2088268192838021341:0,positive,2026-09-26 12:35:34.408602+00:00
3,2088088896240484496:0,neutral,2026-09-26 12:36:32.296666+00:00
3,2088088896240484496:1,positive,2026-09-26 12:36:38.791954+00:00
3,2088088896240484496:2,negative,2026-09-26 12:38:56.828838+00:00
3,2087921402804646236:0,positive,2026-09-26 12:39:10.531971+00:00
3,2087921402804646236:1,neutral,2026-09-26 12:39:25.677855+00:00
3,2087880244070154511:0,positive,2026-09-26 12:39:50.472977+00:00
3,2087880244070154511:1,positive,2026-09-26 12:40:30.791974+00:00
3,2087868586924904815:0,positive,2026-09-26 12:45:11.468875+00:00
3,2087868586924904815:1,dont_know,2026-09-26 12:45:53.583307+00:00
3,2087868586924904815:2,positive,2026-09-26 12:49:28.547153+00:00
3,2089364807711355022:1,positive,2026-09-26 13:44:43.806151+00:00
3,2087868586924904815:3,dont_know,2026-09-26 13:45:14.650501+00:00
3,2087758862841716806:0,neutral,2026-09-26 13:46:04.274061+00:00
3,2087758862841716806:1,neutral,2026-09-26 13:46:14.856026+00:00
3,2087758862841716806:2,neutral,2026-09-26 13:46:50.434317+00:00
3,2086835646610763997:0,neutral,2026-09-26 13:47:33.217968+00:00
3,2086835646610763997:1,positive,2026-09-26 13:47:45.943403+00:00
3,2086481328854495590:0,neutral,2026-09-26 13:48:04.745381+00:00
3,2086481328854495590:1,positive,2026-09-26 13:49:34.983601+00:00
3,2086481328854495590:2,dont_know,2026-09-26 13:49:38.831038+00:00
3,2086002185385762865:0,positive,2026-09-26 13:50:11.024846+00:00
3,2086002185385762865:1,neutral,2026-09-26 13:50:27.407286+00:00
3,2086002185385762865:2,positive,2026-09-26 13:51:00.593466+00:00
3,2085984704160010577:0,dont_know,2026-09-26 13:51:07.477821+00:00
3,2085942525328855399:0,positive,2026-09-26 13:51:20.623128+00:00
3,2085936594700341624:0,positive,2026-09-26 13:51:38.517958+00:00
3,2085579208257093915:0,negative,2026-09-26 13:52:30.096794+00:00
3,2085322475676827850:0,positive,2026-09-26 13:52:41.230976+00:00
3,2085322475676827850:1,positive,2026-09-26 13:52:57.150897+00:00
3,2085014512042975423:0,negative,2026-09-26 14:45:57.702252+00:00
3,2084843850678358156:0,dont_know,2026-09-26 14:47:37.648528+00:00
3,2084458979087032332:0,dont_know,2026-09-26 14:48:57.265776+00:00
3,2084458979087032332:1,positive,2026-09-26 14:49:28.814813+00:00
3,2084458979087032332:2,positive,2026-09-26 14:49:55.528872+00:00
3,2083877343479886284:0,positive,2026-09-26 14:50:17.154490+00:00
3,2083877343479886284:1,positive,2026-09-26 14:50:33.628646+00:00
3,2083877343479886284:2,neutral,2026-09-26 14:50:52.200156+00:00
3,2083850924745998722:0,neutral,2026-09-26 14:51:13.236504+00:00
3,2083573721605058812:0,negative,2026-09-26 14:51:34.239221+00:00
3,2083143166048469375:0,positive,2026-09-26 14:52:13.950240+00:00
3,2083143166048469375:1,negative,2026-09-26 14:53:31.598772+00:00
3,2083143166048469375:2,positive,2026-09-26 14:55:54.203670+00:00
3,2083124948608975295:0,positive,2026-09-26 14:56:47.115157+00:00
3,2083057064746918031:0,positive,2026-09-26 14:57:11.748624+00:00
3,2083057064746918031:1,positive,2026-09-26 14:57:41.398394+00:00
3,2083057064746918031:2,dont_know,2026-09-26 14:59:24.293668+00:00
3,2083057064746918031:3,neutral,2026-09-26 14:59:40.828468+00:00
3,2083057064746918031:4,dont_know,2026-09-26 14:59:57.728431+00:00
3,2082849474477752523:0,neutral,2026-09-26 15:00:17.941678+00:00
3,2082849474477752523:3,positive,2026-09-26 15:00:48.112907+00:00
3,2082849474477752523:4,positive,2026-09-26 15:00:55.011024+00:00
3,2082841839833674160:0,neutral,2026-09-26 15:01:40.939860+00:00
3,2082726259642318877:0,strongly_positive,2026-09-26 15:01:46.823664+00:00
3,2082647900941914466:0,positive,2026-09-26 15:05:44.477071+00:00
3,2082647900941914466:1,positive,2026-09-26 15:06:48.353328+00:00
3,2082647900941914466:2,neutral,2026-09-26 15:07:05.791301+00:00
3,2082647900941914466:3,positive,2026-09-26 15:07:19.121631+00:00
3,2082647900941914466:4,dont_know,2026-09-26 15:07:30.478319+00:00
3,2082485718358818857:0,positive,2026-09-26 15:07:50.753201+00:00
3,2082485718358818857:1,positive,2026-09-26 15:10:20.347113+00:00
3,2082485718358818857:2,dont_know,2026-09-26 15:10:26.357334+00:00
3,2082353728510968108:0,neutral,2026-09-26 15:13:03.427857+00:00
3,2082347120426987994:0,dont_know,2026-09-26 15:20:50.977087+00:00
3,2082347120426987994:1,negative,2026-09-26 15:21:09.164991+00:00
3,2082347120426987994:2,dont_know,2026-09-26 15:25:57.149504+00:00
3,2082347120426987994:3,negative,2026-09-26 15:31:30.879693+00:00
3,2081925031425429731:0,positive,2026-09-26 15:31:46.070638+00:00
3,2081925031425429731:1,neutral,2026-09-26 15:32:23.141227+00:00
3,2081925031425429731:2,negative,2026-09-27 02:49:37.955303+00:00
3,2082309401189490786:0,positive,2026-09-27 02:59:32.252754+00:00
3,2082309401189490786:1,positive,2026-09-27 02:59:43.570017+00:00
3,2082309401189490786:2,positive,2026-09-27 02:59:54.244062+00:00
3,2082133313213682174:0,negative,2026-09-27 03:03:58.523817+00:00
3,2082133313213682174:1,dont_know,2026-09-27 03:04:33.765329+00:00
3,2082010643998331266:0,neutral,2026-09-27 07:24:14.268900+00:00
3,2081991204422775013:1,dont_know,2026-09-27 07:25:45.753767+00:00
3,2081991204422775013:3,neutral,2026-09-27 07:26:49.854334+00:00
3,2081991204422775013:4,negative,2026-09-27 07:27:04.917041+00:00
3,2081991204422775013:5,neutral,2026-09-27 07:27:20.603924+00:00
3,2081959615777165776:0,positive,2026-09-27 07:28:28.539402+00:00
3,2081762873014129108:0,negative,2026-09-27 07:28:57.813286+00:00
3,2081762873014129108:1,negative,2026-09-27 07:31:04.695438+00:00
3,2081725962581119334:0,negative,2026-09-27 07:31:52.128219+00:00
3,2081664042587034077:2,negative,2026-09-27 07:32:33.941276+00:00
3,2081658581913682142:0,positive,2026-09-27 07:32:51.130092+00:00
3,2081597437702254840:0,positive,2026-09-27 07:33:19.276721+00:00
3,2081597437702254840:1,positive,2026-09-27 07:36:16.459815+00:00
3,2081597437702254840:2,positive,2026-09-27 07:41:02.252269+00:00
3,2081597437702254840:3,dont_know,2026-09-27 07:41:06.365101+00:00
3,2081354567103697251:0,positive,2026-09-27 07:42:11.572452+00:00
3,2081354567103697251:1,positive,2026-09-27 07:42:57.577376+00:00
3,2081354567103697251:2,dont_know,2026-09-27 07:43:04.634754+00:00
3,2081308769171165499:0,positive,2026-09-27 07:45:06.962323+00:00
3,2081201236942995594:0,positive,2026-09-27 08:01:36.778531+00:00
3,2080948032250740989:0,negative,2026-09-27 08:05:18.106071+00:00
3,2080948032250740989:1,negative,2026-09-27 08:35:02.778542+00:00
3,2080948032250740989:2,dont_know,2026-09-27 08:35:17.332740+00:00
3,2080684601136337098:0,positive,2026-09-27 08:35:46.428537+00:00
3,2080639607901946261:0,positive,2026-09-27 08:39:10.663481+00:00
3,2080639607901946261:2,positive,2026-09-27 08:40:16.834884+00:00
3,2080639607901946261:3,positive,2026-09-27 08:40:27.516227+00:00
3,2080639607901946261:4,positive,2026-09-27 08:41:10.277747+00:00
3,2080315288210317324:0,dont_know,2026-09-27 11:16:08.768003+00:00
3,2080242202983485813:0,positive,2026-09-27 12:02:22.320999+00:00
3,2080242202983485813:1,positive,2026-09-27 12:06:45.827134+00:00
3,2080120416354582760:0,positive,2026-09-27 12:06:58.290376+00:00
3,2080120416354582760:1,neutral,2026-09-27 12:07:26.930542+00:00
3,2080120416354582760:2,neutral,2026-09-27 12:09:01.108227+00:00
3,2080120416354582760:3,dont_know,2026-09-27 12:09:34.948864+00:00
3,2079943276292104474:0,negative,2026-09-27 12:19:53.842809+00:00
3,2079751367481258380:0,positive,2026-09-27 12:20:21.667202+00:00
3,2079220970854953328:0,positive,2026-09-27 12:24:26.913096+00:00
3,2079220970854953328:1,positive,2026-09-27 12:24:40.949592+00:00
3,2079175371858276735:0,positive,2026-09-27 12:24:55.214633+00:00
3,2079175371858276735:1,negative,2026-09-27 12:26:33.638976+00:00
3,2079175371858276735:2,negative,2026-09-27 12:26:50.105352+00:00
3,2079175371858276735:3,dont_know,2026-09-27 12:26:56.659619+00:00
3,2079050495398998231:0,positive,2026-09-27 12:30:00.157425+00:00
3,2079050495398998231:1,positive,2026-09-27 13:14:36.582564+00:00
3,2079050495398998231:2,positive,2026-09-27 13:47:34.455567+00:00
3,2078603120968622254:0,positive,2026-09-27 13:47:42.101854+00:00
3,2078603120968622254:1,negative,2026-09-27 13:48:00.607533+00:00
3,2078603120968622254:2,neutral,2026-09-27 13:48:17.157393+00:00
3,2078603120968622254:3,positive,2026-09-27 13:48:37.590092+00:00
3,2078603120968622254:4,positive,2026-09-27 13:48:43.269834+00:00
3,2078493168191099277:0,positive,2026-09-27 13:49:05.867197+00:00
3,2078493168191099277:1,positive,2026-09-27 13:49:21.991051+00:00
3,2078342791336235009:0,negative,2026-09-27 13:49:44.741821+00:00
3,2078324185936679062:6,positive,2026-09-27 13:50:01.025712+00:00
3,2078324185936679062:8,negative,2026-09-27 13:50:40.956841+00:00
3,2077635625373888608:0,dont_know,2026-09-27 13:52:33.949921+00:00
3,2077635625373888608:1,positive,2026-09-27 13:52:53.685806+00:00
3,2077578051425345866:0,dont_know,2026-09-27 14:21:33.659311+00:00
3,2077343185433756033:0,negative,2026-09-27 14:23:29.464999+00:00
3,2077343185433756033:1,negative,2026-09-27 14:27:53.311982+00:00
3,2077343185433756033:2,dont_know,2026-09-27 14:54:28.955621+00:00
3,2077333283143373310:0,neutral,2026-09-27 14:54:57.335130+00:00
3,2076690310827327562:0,negative,2026-09-27 14:55:11.547974+00:00
3,2076690310827327562:1,negative,2026-09-27 14:56:18.191296+00:00
3,2076690310827327562:2,negative,2026-09-27 14:56:38.166571+00:00
3,2076690310827327562:3,dont_know,2026-09-28 02:01:45.351407+00:00
3,2076643834168213783:0,positive,2026-09-28 02:02:53.443608+00:00
3,2076502782883016891:0,negative,2026-09-28 02:04:40.862395+00:00
3,2076502782883016891:1,dont_know,2026-09-28 02:04:59.648916+00:00
3,2076502782883016891:2,negative,2026-09-28 02:05:20.521747+00:00
3,2076502782883016891:3,negative,2026-09-28 02:05:39.883707+00:00
3,2075491390167851142:0,negative,2026-09-28 02:06:13.732184+00:00
3,2075491390167851142:1,negative,2026-09-28 02:11:05.191541+00:00
3,2075491390167851142:2,neutral,2026-09-28 02:11:31.438611+00:00
3,2075491390167851142:3,dont_know,2026-09-28 02:11:56.481256+00:00
3,2074498933934481672:0,negative,2026-09-28 02:12:32.831060+00:00
3,2074498933934481672:1,dont_know,2026-09-28 02:12:57.692964+00:00
3,2074498933934481672:3,positive,2026-09-28 02:13:26.934966+00:00
3,2074498933934481672:5,dont_know,2026-09-28 03:00:52.382177+00:00
3,2074421527802733053:0,positive,2026-09-28 03:31:30.991349+00:00
3,2074421527802733053:1,negative,2026-09-28 03:31:50.890423+00:00
3,2074421527802733053:2,negative,2026-09-28 03:32:04.811709+00:00
3,2074421527802733053:3,dont_know,2026-09-28 03:32:08.921769+00:00
3,2074339258823798854:0,strongly_positive,2026-09-28 03:32:14.880737+00:00
3,2074339258823798854:1,positive,2026-09-28 03:32:29.118700+00:00
3,2073801898638131238:0,negative,2026-09-28 03:34:10.338540+00:00
3,2073407368046801395:0,positive,2026-09-28 03:34:30.181543+00:00
3,2073407368046801395:1,dont_know,2026-09-28 03:36:47.139712+00:00
3,2073407368046801395:3,dont_know,2026-09-30 01:44:01.307832+00:00
3,2073259405139952077:0,strongly_positive,2026-09-30 01:44:41.359007+00:00
3,2073259405139952077:1,positive,2026-09-30 01:45:11.268494+00:00
3,2073259405139952077:2,dont_know,2026-09-30 01:45:22.121036+00:00
3,2073184380315672697:0,positive,2026-09-30 01:45:41.782873+00:00
3,2072511832322105843:0,positive,2026-09-30 01:58:27.623998+00:00
3,2072511832322105843:1,positive,2026-09-30 01:58:59.430900+00:00
3,2072511832322105843:2,positive,2026-09-30 01:59:48.693092+00:00
3,2072511832322105843:3,dont_know,2026-09-30 02:06:24.420029+00:00
3,2072495594539741264:0,negative,2026-09-30 02:06:39.745536+00:00
3,2072495594539741264:5,dont_know,2026-09-30 02:44:46.346615+00:00
3,2072495594539741264:7,negative,2026-09-30 02:45:05.494765+00:00
3,2071489758203961498:0,positive,2026-09-30 02:45:16.249646+00:00
3,2071489758203961498:1,positive,2026-09-30 02:48:09.000101+00:00
3,2071489758203961498:2,dont_know,2026-09-30 02:48:48.541000+00:00
3,2071442259384599038:0,positive,2026-09-30 03:31:57.468882+00:00
3,2071442259384599038:1,positive,2026-09-30 03:32:31.663255+00:00
3,2071442259384599038:2,neutral,2026-09-30 03:33:07.344890+00:00
3,2071253707812209004:0,dont_know,2026-09-30 03:34:29.191590+00:00
3,2071247456885723282:0,neutral,2026-10-01 02:44:39.738754+00:00
