item_id,gemini_3_8_flash,gemini_3_1_pro_preview,qwen3_5_397b_a17b,qwen3_5_9b,claude_opus_5_5
2025793587741647204:1,neutral,positive,neutral,neutral,negative
1849056150580580570:0,positive,positive,positive,positive,positive
2055948372129771914:0,strongly_positive,strongly_positive,strongly_positive,strongly_positive,strongly_positive
2055948372129771914:1,strongly_positive,strongly_positive,strongly_positive,strongly_positive,strongly_positive
1849056150580580570:1,positive,positive,neutral,neutral,neutral
2051506575588852104:0,negative,strongly_negative,negative,negative,negative
2051506575588852104:1,strongly_negative,strongly_negative,strongly_negative,strongly_negative,negative
2051143466277818515:0,neutral,neutral,neutral,neutral,neutral
2050070598173548852:1,positive,positive,positive,positive,neutral
2047639055240933617:0,negative,negative,strongly_negative,negative,negative
2047639055240933617:1,dont_know,dont_know,dont_know,dont_know,dont_know
2046603425518137754:0,neutral,neutral,positive,positive,neutral
2046603425518137754:1,neutral,positive,neutral,neutral,neutral
2044974129049489875:1,strongly_positive,strongly_positive,strongly_positive,strongly_positive,positive
2044974129049489875:2,strongly_positive,strongly_positive,strongly_positive,strongly_positive,strongly_positive
2043861294584046060:0,positive,positive,strongly_positive,neutral,positive
2043861294584046060:2,strongly_positive,strongly_positive,strongly_positive,positive,positive
2043861294584046060:3,strongly_positive,positive,positive,strongly_positive,positive
2029522914585047263:0,strongly_positive,strongly_positive,strongly_positive,strongly_positive,strongly_positive
2010381897281765645:0,positive,positive,positive,positive,positive
2010202831266165244:0,positive,positive,strongly_negative,strongly_positive,negative
2003318779435217389:0,positive,positive,positive,negative,neutral
2003318779435217389:1,neutral,neutral,neutral,neutral,neutral
1991353804974121470:0,positive,positive,positive,neutral,neutral
1977347455961170109:0,neutral,neutral,neutral,neutral,neutral
1974709481763409956:0,neutral,neutral,neutral,neutral,neutral
1970102676781445620:0,neutral,neutral,neutral,neutral,neutral
1966546094214836536:0,strongly_positive,strongly_positive,strongly_positive,positive,positive
1966546094214836536:2,strongly_positive,strongly_positive,strongly_positive,strongly_positive,strongly_positive
1966546094214836536:4,positive,positive,positive,positive,positive
1965115818527834588:0,strongly_negative,strongly_negative,strongly_negative,strongly_negative,strongly_negative
1965115818527834588:1,strongly_negative,strongly_negative,strongly_negative,strongly_negative,strongly_negative
1965115818527834588:2,strongly_negative,strongly_negative,strongly_negative,strongly_negative,strongly_negative
1965115818527834588:3,strongly_negative,strongly_negative,strongly_negative,strongly_negative,strongly_negative
1917765232811807024:0,neutral,neutral,positive,neutral,neutral
1895491822463643997:0,strongly_negative,strongly_negative,strongly_negative,strongly_negative,negative
1895115624688558160:0,positive,positive,positive,positive,neutral
1892547404110655764:0,positive,positive,positive,neutral,neutral
1889890678760776178:0,neutral,neutral,neutral,neutral,neutral
1884248377074016474:0,positive,positive,positive,positive,neutral
1883087723046793218:0,neutral,neutral,neutral,neutral,neutral
1880611909621411886:1,positive,positive,positive,positive,positive
1880611909621411886:2,strongly_positive,positive,positive,positive,positive
1880452927481082360:0,neutral,neutral,neutral,neutral,neutral
1880255812146508197:0,neutral,neutral,neutral,neutral,neutral
1880255812146508197:1,neutral,neutral,neutral,neutral,neutral
1880118460937826327:0,neutral,neutral,neutral,neutral,neutral
1880118460937826327:1,neutral,neutral,neutral,neutral,neutral
1879907236874703020:0,positive,positive,positive,positive,neutral
1879907236874703020:1,neutral,neutral,neutral,neutral,neutral
1879465680900411677:0,neutral,neutral,neutral,neutral,neutral
1879465680900411677:1,neutral,neutral,neutral,neutral,neutral
1879465680900411677:2,neutral,neutral,neutral,neutral,neutral
1868534732730020272:1,positive,positive,strongly_positive,strongly_positive,negative
1860160179368763886:0,positive,neutral,neutral,neutral,neutral
1851725206446109042:0,strongly_positive,strongly_positive,strongly_positive,strongly_positive,strongly_positive
1851725206446109042:1,positive,positive,positive,strongly_negative,positive
1851725206446109042:2,positive,positive,negative,strongly_negative,positive
1851532064975147310:0,strongly_positive,strongly_positive,strongly_positive,positive,strongly_positive
1851532064975147310:1,positive,positive,positive,positive,neutral
1849789036174664041:0,positive,neutral,positive,positive,neutral
1849415147145875689:0,positive,neutral,positive,positive,neutral
1846546571086692623:0,negative,strongly_negative,strongly_negative,negative,negative
1843210522701033674:0,neutral,neutral,neutral,neutral,neutral
1843210522701033674:1,dont_know,dont_know,dont_know,dont_know,dont_know
1839890045999952234:0,neutral,neutral,neutral,neutral,neutral
1836772601030643806:0,strongly_positive,strongly_positive,strongly_positive,strongly_positive,positive
1834981891323117763:0,strongly_negative,strongly_negative,strongly_negative,strongly_negative,strongly_negative
1818260695835877403:2,neutral,neutral,neutral,neutral,neutral
1817067886973976765:1,neutral,neutral,dont_know,neutral,neutral
1812509908472152119:0,positive,positive,positive,neutral,positive
1812509908472152119:1,positive,positive,positive,positive,positive
1807975048130842936:0,negative,negative,neutral,neutral,negative
1807975048130842936:1,strongly_negative,strongly_negative,dont_know,neutral,negative
1801260424232382677:0,negative,negative,strongly_negative,strongly_positive,negative
1800383705074049034:0,positive,positive,positive,positive,positive
1794028364166308023:1,positive,positive,positive,positive,positive
1792530008550084622:1,strongly_negative,strongly_negative,strongly_negative,negative,strongly_negative
1792530008550084622:2,strongly_negative,strongly_negative,neutral,strongly_positive,strongly_negative
2050070598173548852:0,neutral,neutral,positive,neutral,neutral
2050070598173548852:2,positive,positive,positive,strongly_positive,neutral
2050070598173548852:3,positive,positive,positive,positive,positive
2044974129049489875:0,strongly_positive,strongly_positive,strongly_positive,strongly_positive,positive
2043861294584046060:1,strongly_positive,strongly_positive,strongly_positive,positive,positive
2029380927437324462:0,neutral,neutral,neutral,positive,neutral
2022285493745136086:0,positive,positive,positive,strongly_positive,positive
1940395410553765898:0,positive,positive,positive,positive,positive
1889673591777542512:0,neutral,neutral,neutral,neutral,neutral
1884248377074016474:1,neutral,neutral,neutral,neutral,neutral
1879393665686401347:0,neutral,neutral,neutral,neutral,neutral
1878740450242330708:0,neutral,positive,neutral,neutral,neutral
1877706781675401313:0,positive,positive,positive,positive,positive
1849279601429885225:0,positive,positive,dont_know,dont_know,neutral
1846546571086692623:1,positive,positive,neutral,strongly_negative,neutral
1830938330873397683:0,strongly_negative,strongly_negative,strongly_negative,strongly_negative,negative
1830938330873397683:1,strongly_negative,strongly_negative,strongly_negative,strongly_negative,negative
1818260695835877403:0,positive,neutral,positive,positive,neutral
1818260695835877403:3,neutral,neutral,positive,neutral,neutral
1817442853704081467:0,neutral,neutral,positive,neutral,neutral
1794028364166308023:0,positive,positive,neutral,negative,positive
1786343893916925997:0,neutral,neutral,neutral,neutral,neutral
1784415335099388123:0,neutral,neutral,neutral,neutral,neutral
1783832428970475527:1,positive,positive,positive,positive,positive
1782026584381088250:0,neutral,neutral,neutral,neutral,neutral
1782026584381088250:1,neutral,neutral,neutral,neutral,neutral
1781150788062208032:0,neutral,neutral,neutral,neutral,neutral
1780072458999021788:0,strongly_positive,strongly_positive,positive,strongly_positive,positive
1780072458999021788:2,positive,positive,positive,positive,positive
1777221030697967806:0,neutral,neutral,neutral,neutral,neutral
1777221030697967806:1,neutral,neutral,neutral,neutral,neutral
1753815875545886776:0,negative,negative,strongly_positive,strongly_positive,positive
1746943718987579748:0,negative,negative,strongly_negative,strongly_negative,negative
1745091582850740654:0,positive,positive,positive,strongly_positive,positive
1740779377884057654:0,strongly_negative,strongly_negative,strongly_negative,strongly_negative,strongly_negative
1740779377884057654:1,strongly_negative,strongly_negative,strongly_negative,strongly_negative,strongly_negative
1739489075428762075:0,positive,positive,positive,positive,positive
1737454613178335429:0,neutral,neutral,neutral,neutral,neutral
1737454613178335429:1,neutral,neutral,neutral,neutral,neutral
1736344721679884723:0,neutral,neutral,positive,positive,neutral
1727735121615458671:0,negative,strongly_negative,strongly_negative,strongly_negative,negative
1726219165009416223:0,strongly_positive,positive,positive,positive,positive
1726219165009416223:1,positive,positive,positive,positive,positive
1721475512328212923:0,neutral,neutral,neutral,neutral,neutral
1721356627394412933:0,positive,positive,positive,strongly_positive,positive
1721356627394412933:1,positive,positive,positive,positive,positive
1711558253820395896:0,neutral,neutral,neutral,neutral,neutral
1711558253820395896:1,neutral,neutral,neutral,neutral,neutral
1711031101169234210:0,neutral,neutral,neutral,neutral,neutral
1711031101169234210:1,neutral,neutral,neutral,neutral,neutral
1704474199015014626:1,negative,negative,neutral,neutral,negative
1696755297082335741:0,strongly_positive,strongly_positive,strongly_positive,strongly_positive,strongly_positive
1690332267611385856:0,strongly_negative,strongly_negative,strongly_negative,negative,negative
1690332267611385856:1,positive,strongly_negative,strongly_negative,strongly_negative,negative
1679101708482527234:1,positive,positive,positive,strongly_positive,negative
1678035549230346241:0,strongly_negative,strongly_negative,strongly_negative,strongly_negative,negative
1678035549230346241:1,strongly_negative,strongly_negative,dont_know,negative,negative
1676981139624562688:1,strongly_negative,strongly_negative,strongly_negative,negative,strongly_negative
1676981139624562688:2,strongly_negative,strongly_negative,strongly_negative,strongly_negative,strongly_negative
1649232255456514050:0,positive,positive,positive,neutral,positive
1669339613633351681:1,neutral,neutral,neutral,neutral,neutral
1669339613633351681:2,strongly_positive,strongly_positive,strongly_positive,strongly_positive,positive
1663390189014888449:0,negative,negative,negative,negative,negative
1663390189014888449:1,negative,negative,negative,negative,negative
1658123543803047941:0,neutral,neutral,neutral,neutral,neutral
1658123543803047941:1,neutral,neutral,neutral,neutral,neutral
1657246619669270528:0,neutral,neutral,dont_know,neutral,neutral
1657246619669270528:1,neutral,neutral,positive,positive,neutral
1653282851876642816:0,neutral,positive,dont_know,neutral,positive
1651789071772184582:1,positive,strongly_negative,negative,negative,negative
1651789071772184582:2,positive,positive,positive,negative,negative
1649412648436486148:0,positive,positive,positive,strongly_positive,positive
1649412648436486148:2,positive,positive,positive,strongly_positive,positive
1649412648436486148:3,positive,positive,neutral,strongly_positive,positive
1649232255456514050:1,positive,positive,positive,positive,positive
1646404390302138368:0,strongly_negative,strongly_negative,negative,neutral,negative
1646404390302138368:1,negative,neutral,neutral,strongly_positive,negative
1646404390302138368:2,negative,negative,negative,strongly_negative,negative
1644530625599410176:0,neutral,negative,neutral,negative,negative
1644530625599410176:1,strongly_negative,strongly_negative,strongly_negative,strongly_negative,strongly_negative
1643220820117045255:0,positive,positive,positive,strongly_negative,positive
1638156188738265089:0,negative,negative,negative,negative,negative
1638156188738265089:1,negative,negative,strongly_negative,negative,negative
1638156188738265089:2,positive,positive,positive,strongly_positive,dont_know
1637106693426511872:0,negative,neutral,neutral,negative,positive
1637106693426511872:2,strongly_positive,strongly_positive,positive,strongly_positive,strongly_positive
1632000726712057857:0,negative,negative,strongly_negative,strongly_negative,negative
1674370790744281088:0,negative,negative,positive,strongly_positive,dont_know
1606995014575599618:1,negative,strongly_negative,strongly_negative,neutral,negative
1606668578375491585:0,negative,negative,strongly_negative,negative,negative
1601588210970173440:0,positive,positive,positive,strongly_negative,positive
1576399633106219009:0,neutral,positive,positive,positive,neutral
1576399633106219009:1,neutral,neutral,neutral,positive,neutral
1576399633106219009:2,neutral,neutral,positive,positive,neutral
1573528372676030464:0,strongly_positive,strongly_positive,positive,strongly_positive,positive
1572981744026161160:0,strongly_positive,positive,strongly_positive,strongly_positive,dont_know
1571740107522330627:0,strongly_positive,strongly_positive,positive,positive,positive
1571740107522330627:1,positive,positive,positive,positive,positive
1571486743207227393:0,neutral,neutral,positive,neutral,neutral
1571486743207227393:1,neutral,neutral,positive,positive,neutral
1570582295572283393:0,neutral,neutral,positive,neutral,neutral
1570582295572283393:1,neutral,neutral,positive,neutral,neutral
1570582295572283393:2,neutral,neutral,positive,positive,neutral
1563128813504315399:1,positive,positive,positive,positive,positive
1563128813504315399:3,neutral,neutral,neutral,negative,neutral
1780072458999021788:1,neutral,neutral,neutral,neutral,neutral
1777679783880720560:0,strongly_negative,strongly_negative,strongly_negative,strongly_negative,negative
1711366542087336217:0,positive,positive,positive,positive,positive
1704824346450272538:0,positive,neutral,positive,neutral,neutral
1704474199015014626:0,negative,negative,negative,negative,negative
1695258991939797071:0,neutral,neutral,neutral,neutral,neutral
1695258991939797071:1,neutral,neutral,positive,neutral,neutral
1693803964008219132:0,positive,positive,positive,strongly_negative,positive
1682695899137589249:0,neutral,neutral,positive,neutral,neutral
1676981139624562688:0,negative,negative,negative,negative,negative
1674370790744281088:1,negative,negative,negative,strongly_negative,negative
1671850551640985601:0,positive,positive,positive,neutral,positive
1669339613633351681:0,strongly_negative,strongly_negative,strongly_negative,strongly_negative,strongly_negative
1637106693426511872:1,positive,positive,positive,positive,positive
1631511866806784002:0,positive,positive,positive,positive,positive
1631511866806784002:1,positive,positive,positive,positive,positive
1606995014575599618:0,negative,negative,negative,negative,negative
1563128813504315399:0,positive,neutral,neutral,neutral,neutral
1563128813504315399:2,positive,positive,positive,positive,positive
1563128813504315399:4,positive,positive,positive,positive,neutral
1562763661084864512:1,neutral,neutral,neutral,neutral,neutral
1562763661084864512:3,negative,negative,strongly_negative,negative,neutral
1559543867938316288:0,strongly_negative,strongly_negative,strongly_negative,strongly_negative,strongly_negative
1558379222741434369:0,negative,neutral,negative,negative,negative
1558379222741434369:1,strongly_negative,strongly_negative,strongly_negative,strongly_negative,strongly_negative
1558379222741434369:4,negative,negative,strongly_negative,negative,negative
1547958207662141440:0,positive,negative,strongly_negative,neutral,negative
1547734048524861440:0,neutral,neutral,neutral,neutral,neutral
1547734048524861440:1,neutral,neutral,neutral,negative,neutral
1547734048524861440:2,positive,neutral,neutral,strongly_positive,neutral
1506083838367178756:0,neutral,neutral,neutral,neutral,neutral
1546455011517153280:0,neutral,neutral,neutral,neutral,neutral
1546455011517153280:1,neutral,neutral,neutral,strongly_positive,neutral
1541444000028454913:0,neutral,neutral,positive,positive,neutral
1541444000028454913:1,neutral,neutral,neutral,neutral,neutral
1533636974900555777:0,neutral,neutral,neutral,neutral,neutral
1524086221815029760:1,dont_know,dont_know,dont_know,dont_know,dont_know
1524086221815029760:2,neutral,neutral,neutral,neutral,dont_know
1521543862719709184:0,neutral,neutral,neutral,neutral,neutral
1520298164342771712:0,strongly_positive,strongly_positive,strongly_negative,strongly_negative,positive
1518583323345375232:0,neutral,neutral,neutral,neutral,neutral
1518583323345375232:1,negative,negative,negative,positive,negative
1518403849966419968:0,neutral,neutral,neutral,negative,neutral
1518403849966419968:4,positive,positive,positive,strongly_positive,positive
1517149782908698624:0,neutral,positive,positive,positive,neutral
1515345006545887238:1,positive,strongly_positive,positive,positive,positive
1514478158652723208:0,positive,positive,positive,positive,positive
1514478158652723208:1,positive,positive,positive,positive,positive
1514430964520263680:0,strongly_positive,positive,strongly_positive,strongly_positive,positive
1514430964520263680:1,strongly_positive,strongly_positive,strongly_positive,strongly_positive,positive
2079489463831650494:0,neutral,neutral,positive,positive,positive
2005655453251113287:0,positive,positive,positive,strongly_positive,positive
1792530008550084622:0,strongly_negative,strongly_negative,strongly_negative,strongly_negative,strongly_negative
1783832428970475527:0,neutral,neutral,positive,positive,neutral
1679101708482527234:0,neutral,positive,positive,strongly_negative,negative
1562763661084864512:0,neutral,neutral,neutral,negative,neutral
1562763661084864512:4,neutral,neutral,neutral,neutral,neutral
1548454326884265984:0,neutral,neutral,positive,strongly_negative,neutral
1547960697782665216:0,neutral,neutral,dont_know,neutral,neutral
1547734048524861440:3,positive,positive,positive,positive,neutral
1523468074779025408:0,strongly_positive,strongly_positive,positive,strongly_positive,positive
1521543862719709184:1,positive,positive,positive,neutral,neutral
1521543862719709184:2,positive,neutral,positive,positive,neutral
1520398460259819520:0,strongly_positive,positive,strongly_positive,strongly_negative,positive
1518403849966419968:1,positive,positive,positive,neutral,positive
1518403849966419968:2,neutral,neutral,neutral,neutral,positive
1518403849966419968:3,neutral,neutral,negative,negative,neutral
1506083838367178756:1,neutral,neutral,neutral,neutral,neutral
1516611736270376962:0,neutral,positive,positive,neutral,neutral
1515345006545887238:0,positive,positive,positive,positive,neutral
1514478158652723208:2,positive,positive,positive,positive,positive
1514159368672989184:0,neutral,neutral,neutral,neutral,neutral
1514159368672989184:1,neutral,neutral,neutral,neutral,neutral
1513536325906931712:0,positive,positive,positive,positive,positive
1513536325906931712:1,positive,positive,neutral,neutral,positive
1513536325906931712:2,positive,positive,positive,positive,positive
1513367768552280064:0,neutral,positive,neutral,positive,neutral
1510427804617248768:0,neutral,neutral,neutral,negative,positive
1510427804617248768:1,positive,positive,neutral,strongly_positive,positive
1510232412160098409:0,negative,negative,negative,negative,negative
1510232412160098409:1,positive,positive,positive,positive,positive
1509360382485295107:0,neutral,neutral,neutral,neutral,neutral
1509360382485295107:1,neutral,neutral,neutral,neutral,neutral
1509360382485295107:2,neutral,neutral,neutral,negative,neutral
1509360382485295107:3,neutral,neutral,neutral,neutral,neutral
1509171876190310408:0,neutral,neutral,negative,negative,negative
1508995833399705605:0,positive,positive,positive,strongly_positive,positive
1508995833399705605:1,positive,positive,positive,positive,positive
1508621103169646593:0,positive,positive,positive,positive,positive
1508621103169646593:1,neutral,neutral,neutral,neutral,neutral
1508621103169646593:2,neutral,neutral,neutral,neutral,neutral
1508621103169646593:3,positive,positive,positive,strongly_positive,positive
1508280677078249477:0,positive,positive,positive,positive,positive
1508280677078249477:1,positive,positive,negative,strongly_negative,negative
1507895866543116290:0,neutral,neutral,neutral,neutral,neutral
1507895866543116290:1,positive,positive,positive,neutral,neutral
1507518901726302213:0,positive,positive,neutral,positive,positive
1507518901726302213:1,positive,positive,positive,positive,positive
1507039209034375195:0,positive,neutral,neutral,neutral,neutral
1506816848527966210:0,positive,positive,positive,positive,positive
1506083838367178756:2,negative,negative,dont_know,negative,negative
1505525826082680837:0,neutral,neutral,neutral,neutral,neutral
1505143205435650049:0,neutral,neutral,neutral,neutral,neutral
1505143205435650049:1,neutral,neutral,dont_know,neutral,positive
1504667144558051329:0,strongly_positive,strongly_positive,strongly_positive,strongly_positive,strongly_positive
1504667144558051329:1,neutral,neutral,positive,neutral,neutral
1504296764450299905:0,positive,positive,positive,strongly_positive,positive
1504296267672743938:0,negative,strongly_negative,strongly_negative,strongly_negative,negative
1504113659160629261:0,strongly_positive,strongly_positive,strongly_positive,strongly_positive,strongly_positive
1503374210458038276:0,strongly_positive,strongly_positive,strongly_positive,strongly_positive,strongly_positive
1502814911591710722:0,negative,negative,negative,negative,negative
1502814911591710722:1,positive,positive,positive,neutral,neutral
1502814911591710722:2,dont_know,neutral,strongly_negative,strongly_negative,dont_know
1502126561100636169:0,neutral,neutral,neutral,neutral,neutral
1502126561100636169:1,positive,positive,positive,positive,positive
1502126561100636169:2,positive,positive,dont_know,dont_know,neutral
1499207174404251649:0,negative,negative,negative,negative,negative
1499207174404251649:1,neutral,neutral,neutral,negative,neutral
1498496981232091141:0,strongly_positive,strongly_positive,positive,strongly_positive,positive
1498496981232091141:1,strongly_positive,positive,strongly_positive,positive,positive
1497939579285880835:0,strongly_positive,positive,positive,strongly_positive,positive
1497044814566617089:0,positive,positive,positive,neutral,positive
1497044814566617089:1,neutral,neutral,neutral,neutral,neutral
1495008739191001093:0,positive,neutral,neutral,neutral,neutral
1495008739191001093:1,neutral,neutral,neutral,neutral,neutral
1494836432032059393:0,strongly_positive,positive,positive,strongly_positive,positive
1494304217162412033:0,neutral,neutral,neutral,neutral,neutral
1494304217162412033:1,negative,negative,negative,negative,negative
1494304217162412033:2,positive,positive,positive,positive,positive
1494194637212323841:0,strongly_positive,strongly_positive,strongly_positive,strongly_positive,strongly_positive
1493974926075727874:0,negative,neutral,neutral,neutral,dont_know
1492879674090803204:0,neutral,neutral,neutral,neutral,neutral
1491394692252303361:0,negative,negative,negative,negative,negative
1491394692252303361:1,negative,negative,strongly_negative,negative,negative
1491394692252303361:2,positive,positive,positive,strongly_positive,dont_know
2092485427110510649:0,negative,negative,negative,negative,negative
2092485427110510649:1,neutral,neutral,neutral,positive,neutral
2092485427110510649:2,dont_know,dont_know,dont_know,dont_know,dont_know
2091752366966182317:0,neutral,neutral,neutral,neutral,neutral
2091752366966182317:1,neutral,neutral,neutral,neutral,neutral
2091752366966182317:2,dont_know,negative,dont_know,dont_know,negative
2091150913520234579:0,strongly_positive,positive,positive,strongly_positive,positive
2091150913520234579:1,positive,positive,positive,positive,positive
2090823302034178101:0,positive,positive,positive,neutral,positive
2090823302034178101:1,positive,neutral,neutral,neutral,neutral
2090797883109048469:0,strongly_negative,strongly_negative,strongly_negative,strongly_negative,strongly_negative
2090797883109048469:1,neutral,negative,neutral,neutral,negative
2090797883109048469:2,dont_know,negative,negative,dont_know,negative
2090279914897658098:0,positive,positive,positive,strongly_positive,positive
2090279914897658098:1,strongly_positive,strongly_positive,strongly_positive,strongly_positive,positive
2089259918453002243:0,negative,negative,negative,strongly_negative,negative
2089259918453002243:1,strongly_positive,strongly_positive,strongly_positive,strongly_positive,positive
2089259918453002243:2,strongly_positive,positive,strongly_positive,strongly_positive,positive
2087047255572553761:0,negative,negative,negative,strongly_negative,negative
2087047255572553761:1,strongly_positive,strongly_positive,strongly_positive,strongly_positive,positive
2087047255572553761:2,dont_know,dont_know,dont_know,dont_know,negative
2086320584020095028:0,positive,positive,positive,positive,positive
2086320584020095028:1,strongly_positive,strongly_positive,positive,positive,positive
2083216146178724343:0,dont_know,neutral,neutral,neutral,neutral
2082879973795500525:0,positive,positive,positive,positive,neutral
2082131688398967085:0,positive,positive,positive,positive,neutral
2082047973517824070:0,negative,strongly_negative,strongly_negative,strongly_negative,negative
2082047973517824070:1,strongly_positive,strongly_positive,strongly_positive,strongly_positive,positive
2082033066890158190:0,neutral,neutral,neutral,positive,neutral
2082033066890158190:1,strongly_negative,strongly_negative,strongly_negative,strongly_negative,strongly_negative
2079593884079038752:0,neutral,neutral,neutral,neutral,neutral
2079593884079038752:1,neutral,neutral,neutral,neutral,neutral
2079526394007347589:0,positive,positive,positive,positive,positive
2079526394007347589:1,negative,negative,negative,negative,negative
2079526394007347589:2,neutral,neutral,neutral,negative,neutral
2079526394007347589:3,neutral,negative,neutral,neutral,dont_know
2079063127002665044:1,neutral,neutral,positive,negative,neutral
2079063127002665044:2,neutral,neutral,neutral,neutral,neutral
2079063127002665044:3,dont_know,dont_know,dont_know,dont_know,dont_know
2079063127002665044:0,positive,positive,positive,strongly_positive,positive
2078994832937357383:2,dont_know,positive,dont_know,neutral,positive
2078994832937357383:1,strongly_positive,strongly_positive,positive,strongly_positive,strongly_positive
2078994832937357383:3,negative,negative,negative,negative,negative
2078994832937357383:4,positive,positive,positive,strongly_positive,positive
2078994832937357383:5,strongly_positive,strongly_positive,strongly_positive,strongly_positive,positive
2078308233505353907:0,negative,strongly_positive,strongly_negative,strongly_negative,negative
2076887223463817700:0,negative,strongly_negative,strongly_negative,strongly_negative,negative
2076887223463817700:1,neutral,neutral,dont_know,neutral,negative
2075963380696019162:0,strongly_negative,strongly_negative,strongly_negative,strongly_negative,strongly_negative
2075963380696019162:1,strongly_negative,strongly_negative,strongly_negative,negative,strongly_negative
2075486752509227280:0,negative,strongly_negative,negative,strongly_negative,negative
2075486752509227280:1,strongly_negative,strongly_negative,strongly_negative,strongly_negative,negative
2075486752509227280:2,neutral,neutral,strongly_positive,neutral,negative
2075486752509227280:3,positive,positive,positive,negative,negative
2072598352563519496:0,negative,negative,negative,negative,negative
2072598352563519496:1,strongly_positive,strongly_positive,positive,strongly_positive,positive
2071101942143865198:0,strongly_positive,strongly_positive,strongly_positive,strongly_positive,strongly_positive
2068520073439117737:0,strongly_positive,positive,strongly_positive,positive,positive
2060224446989041909:0,strongly_negative,strongly_negative,dont_know,negative,neutral
2060224446989041909:1,neutral,neutral,neutral,neutral,neutral
2060206479500783739:0,strongly_positive,strongly_positive,neutral,strongly_positive,positive
2060206479500783739:1,strongly_positive,dont_know,positive,strongly_positive,positive
2059965627746681260:0,strongly_positive,strongly_positive,strongly_positive,strongly_positive,positive
2059965627746681260:1,positive,positive,positive,positive,positive
2059965627746681260:2,positive,positive,positive,positive,positive
2059861241099870587:0,strongly_positive,strongly_positive,positive,strongly_positive,positive
2059861241099870587:1,positive,positive,positive,positive,positive
2059861241099870587:2,positive,positive,dont_know,positive,positive
2058143440475390093:0,strongly_positive,strongly_positive,strongly_positive,strongly_positive,strongly_positive
2058143440475390093:1,dont_know,dont_know,dont_know,strongly_positive,positive
2055298238383857772:0,positive,positive,positive,positive,positive
2055298238383857772:1,dont_know,dont_know,dont_know,dont_know,negative
2054053239226867796:0,strongly_positive,strongly_positive,strongly_positive,strongly_positive,positive
2054053239226867796:1,positive,positive,positive,neutral,positive
2050768367502721522:0,neutral,neutral,neutral,neutral,neutral
2050768367502721522:1,positive,positive,neutral,strongly_positive,positive
2050768367502721522:2,negative,negative,negative,neutral,negative
2050768367502721522:3,strongly_positive,strongly_positive,positive,strongly_positive,positive
2050169483994743241:0,negative,negative,neutral,negative,negative
2050169483994743241:1,negative,strongly_negative,dont_know,strongly_negative,negative
2050074847225712666:0,positive,positive,positive,positive,positive
2050074847225712666:1,positive,positive,positive,positive,positive
2050059024364929407:0,positive,positive,positive,positive,positive
2050059024364929407:1,positive,positive,positive,positive,positive
2050059024364929407:2,positive,positive,positive,strongly_positive,positive
2049815509345120498:1,negative,negative,negative,negative,negative
2049815509345120498:2,dont_know,positive,dont_know,dont_know,neutral
2049763499136647201:0,neutral,neutral,neutral,negative,neutral
2049763499136647201:1,strongly_negative,strongly_negative,strongly_negative,strongly_negative,negative
2049763499136647201:2,dont_know,neutral,negative,negative,negative
2049495175463149797:0,positive,strongly_positive,positive,strongly_positive,positive
2048608482212131305:0,strongly_positive,positive,positive,positive,positive
2048608482212131305:1,positive,positive,positive,positive,positive
2048608482212131305:2,positive,positive,positive,positive,neutral
2048053385577087477:0,strongly_positive,strongly_positive,strongly_positive,positive,positive
2046548438071001187:0,positive,positive,positive,strongly_positive,positive
2046548438071001187:1,strongly_positive,strongly_positive,strongly_positive,strongly_positive,positive
2045821501262442998:0,strongly_positive,strongly_positive,strongly_positive,strongly_positive,positive
2045375550559257007:0,positive,positive,positive,positive,positive
2045375550559257007:1,positive,neutral,neutral,neutral,neutral
2045375550559257007:2,dont_know,dont_know,dont_know,dont_know,dont_know
2044986998474297558:0,strongly_positive,positive,positive,positive,positive
2044986998474297558:1,strongly_positive,strongly_positive,strongly_positive,strongly_positive,positive
2044986998474297558:2,positive,positive,positive,positive,positive
2043871497991926058:0,strongly_positive,positive,strongly_positive,positive,positive
2043871497991926058:1,positive,positive,positive,positive,positive
2043871497991926058:2,positive,positive,positive,positive,positive
2043271216518373596:0,strongly_positive,strongly_positive,positive,strongly_positive,positive
2043271216518373596:1,strongly_positive,strongly_positive,strongly_positive,strongly_positive,positive
2037447141271150907:0,strongly_positive,strongly_positive,strongly_positive,strongly_positive,positive
2037447141271150907:1,dont_know,dont_know,dont_know,strongly_positive,positive
2037350123659997369:0,strongly_positive,positive,strongly_positive,strongly_positive,positive
2035248225943474322:0,strongly_positive,strongly_positive,positive,positive,positive
2032356691808043471:0,negative,negative,strongly_negative,negative,negative
2032356691808043471:1,neutral,positive,positive,positive,negative
2032356691808043471:2,dont_know,dont_know,dont_know,dont_know,negative
2030498567123866058:0,strongly_positive,strongly_positive,strongly_positive,strongly_positive,positive
2030498567123866058:1,dont_know,positive,positive,positive,neutral
2029409830201606569:1,positive,positive,positive,positive,positive
2029405649487220827:0,positive,positive,positive,strongly_positive,positive
2029021029373555061:0,strongly_positive,strongly_positive,positive,positive,positive
2029021029373555061:1,strongly_positive,positive,positive,positive,positive
2029021029373555061:2,strongly_positive,positive,positive,strongly_positive,positive
2028828323657478241:0,strongly_negative,strongly_negative,negative,strongly_negative,negative
2028828323657478241:1,strongly_negative,strongly_negative,dont_know,neutral,negative
2028500019557355982:0,positive,positive,positive,strongly_positive,positive
2028500019557355982:1,positive,positive,positive,positive,positive
2028500019557355982:2,positive,positive,positive,positive,positive
2028500019557355982:3,neutral,neutral,neutral,neutral,neutral
2028479885237465486:0,positive,positive,positive,strongly_positive,positive
2028479885237465486:1,positive,positive,positive,positive,positive
2028479885237465486:2,neutral,neutral,neutral,neutral,neutral
2028479885237465486:3,neutral,neutral,negative,negative,neutral
2028479885237465486:4,positive,positive,positive,positive,neutral
2028470998300037579:0,positive,positive,positive,positive,positive
2028466616040931606:0,neutral,neutral,dont_know,strongly_positive,dont_know
2028381856467739096:0,neutral,neutral,neutral,negative,negative
2028381856467739096:1,neutral,neutral,neutral,negative,negative
2028366163986821245:0,neutral,neutral,neutral,neutral,positive
2028366163986821245:1,strongly_positive,strongly_positive,positive,strongly_positive,positive
2028366163986821245:2,positive,positive,strongly_positive,strongly_positive,positive
2028343996335243549:0,positive,positive,positive,neutral,positive
2028292112622731472:0,strongly_positive,positive,strongly_positive,strongly_positive,positive
2028172211216121887:0,strongly_positive,strongly_positive,positive,positive,positive
2028148456414740621:2,neutral,neutral,dont_know,strongly_negative,neutral
2028148456414740621:3,neutral,neutral,neutral,neutral,neutral
2028144294381621412:0,negative,negative,negative,negative,negative
2028144294381621412:1,negative,negative,strongly_negative,strongly_negative,negative
2028144294381621412:2,positive,positive,positive,neutral,neutral
2028114266063274445:0,positive,positive,positive,negative,positive
2028046241976975755:0,neutral,neutral,neutral,neutral,neutral
2027782251363414121:0,neutral,neutral,neutral,negative,neutral
2027782251363414121:1,positive,positive,positive,positive,positive
2027735742420828390:0,neutral,neutral,neutral,neutral,neutral
2027722359357247818:0,negative,negative,negative,negative,negative
2027722359357247818:1,negative,negative,negative,positive,negative
2027722359357247818:2,neutral,neutral,neutral,neutral,neutral
2027630044198355361:0,neutral,positive,dont_know,neutral,neutral
2027399612391403856:0,neutral,neutral,neutral,neutral,neutral
2027395297354350812:0,neutral,neutral,neutral,neutral,neutral
2027377835212714002:0,positive,positive,positive,positive,positive
2027323239102640409:0,positive,positive,positive,neutral,positive
2027290092197523705:0,positive,positive,positive,strongly_positive,positive
2027290092197523705:1,strongly_positive,strongly_positive,strongly_positive,strongly_positive,strongly_positive
2027021614328766545:0,strongly_positive,positive,positive,strongly_positive,positive
2027017486135378344:0,strongly_positive,positive,strongly_negative,neutral,positive
2026974905921892548:0,neutral,neutral,neutral,neutral,neutral
2026935916498206749:0,positive,positive,positive,neutral,positive
2026924341892632750:0,positive,positive,positive,neutral,positive
2026579532908732870:0,dont_know,positive,dont_know,neutral,positive
2026492334351986769:0,positive,positive,positive,positive,positive
2026310913943654480:0,negative,strongly_negative,negative,strongly_negative,negative
2026310913943654480:1,positive,positive,positive,positive,positive
2026310913943654480:2,positive,positive,positive,positive,positive
2026310913943654480:3,neutral,negative,negative,negative,neutral
2026268461132120227:0,positive,positive,positive,positive,positive
2026262008950301102:0,positive,positive,positive,neutral,positive
2025928476050747638:0,positive,positive,positive,neutral,positive
2025925113175228467:0,positive,positive,positive,strongly_negative,positive
2025745295536267660:0,negative,strongly_negative,strongly_negative,negative,negative
2025745295536267660:1,neutral,positive,neutral,neutral,negative
2025516266472304857:0,positive,positive,dont_know,strongly_positive,positive
2025439585141227727:0,positive,neutral,positive,strongly_negative,positive
2025148597034225801:0,neutral,neutral,neutral,neutral,neutral
2024848865497927916:0,neutral,neutral,neutral,neutral,neutral
2024475746178355618:0,positive,positive,positive,strongly_positive,positive
2024372944001257897:0,positive,positive,positive,positive,positive
2024330304111202608:0,positive,positive,positive,strongly_positive,positive
2024330304111202608:1,negative,negative,negative,strongly_negative,negative
2024330304111202608:2,positive,positive,dont_know,positive,positive
2024133909081096587:0,neutral,neutral,neutral,neutral,neutral
2024133909081096587:1,neutral,neutral,neutral,neutral,neutral
2024133909081096587:2,positive,positive,positive,positive,positive
2024114041577488529:0,neutral,neutral,neutral,neutral,neutral
2024069761903296608:0,positive,positive,neutral,neutral,positive
2024069761903296608:2,negative,negative,positive,neutral,neutral
2024069761903296608:3,neutral,neutral,neutral,neutral,neutral
2024069761903296608:4,neutral,neutral,neutral,neutral,neutral
2024030563628146854:0,positive,positive,positive,positive,positive
2023955339515674694:0,strongly_positive,positive,strongly_positive,strongly_positive,positive
2023776636836123038:0,neutral,neutral,neutral,neutral,neutral
2023401076943380648:0,positive,positive,neutral,neutral,neutral
2023219916313329894:0,positive,positive,neutral,negative,dont_know
2023219916313329894:1,neutral,neutral,neutral,negative,positive
2022934604450271620:0,strongly_positive,positive,positive,strongly_positive,positive
2022674792110055493:0,neutral,positive,neutral,neutral,positive
2022555324654477418:0,neutral,neutral,neutral,neutral,neutral
2022330539739668634:0,negative,negative,negative,negative,negative
2022330539739668634:1,negative,negative,strongly_negative,negative,negative
2022278503534829797:0,neutral,neutral,neutral,neutral,neutral
2021945228119445794:0,neutral,neutral,neutral,neutral,neutral
2021945228119445794:1,dont_know,dont_know,dont_know,neutral,dont_know
2021858101113368947:0,positive,positive,positive,neutral,positive
2021580403341934996:0,neutral,neutral,neutral,neutral,neutral
2021506561756328141:0,positive,neutral,positive,neutral,positive
2021401447703904732:0,negative,strongly_negative,negative,negative,negative
2021401447703904732:2,positive,positive,positive,strongly_negative,positive
2021251774674501680:0,neutral,neutral,neutral,positive,neutral
2021176015481901087:0,dont_know,dont_know,neutral,neutral,neutral
2021140598246474211:0,dont_know,dont_know,dont_know,dont_know,neutral
2020773142638289291:0,strongly_positive,strongly_positive,strongly_positive,strongly_positive,positive
2020773142638289291:1,positive,positive,positive,strongly_positive,positive
2020691270084251648:0,negative,negative,negative,negative,negative
2020691270084251648:1,negative,negative,strongly_negative,negative,negative
2020691270084251648:2,dont_know,positive,dont_know,positive,neutral
2020338995599937783:0,positive,positive,positive,strongly_negative,positive
2020338995599937783:1,positive,positive,positive,positive,positive
2020172364030624249:0,neutral,neutral,neutral,neutral,neutral
2020158017308938586:0,neutral,neutral,neutral,neutral,neutral
2020051767900381327:0,positive,positive,strongly_positive,strongly_positive,positive
2019782452151996836:0,neutral,neutral,neutral,neutral,neutral
2019386214605025491:0,negative,neutral,dont_know,negative,neutral
2019016627497623961:0,neutral,neutral,neutral,neutral,neutral
2019016627497623961:1,neutral,neutral,neutral,neutral,neutral
2019016627497623961:2,neutral,neutral,neutral,neutral,neutral
2016717865223933987:0,strongly_positive,strongly_positive,strongly_positive,strongly_positive,positive
2016717865223933987:1,negative,strongly_negative,neutral,strongly_negative,negative
2016717865223933987:2,strongly_positive,strongly_positive,strongly_positive,strongly_positive,positive
2016538576952140223:0,positive,positive,strongly_positive,strongly_positive,positive
2016185661926342827:0,neutral,neutral,dont_know,neutral,neutral
2015764628572434795:0,positive,strongly_positive,strongly_positive,strongly_positive,positive
2015695414243234270:0,positive,positive,positive,strongly_positive,positive
2015695414243234270:1,strongly_positive,strongly_positive,strongly_positive,strongly_positive,positive
2015695414243234270:2,positive,positive,positive,positive,positive
2014696655568961842:0,strongly_positive,strongly_positive,strongly_positive,strongly_positive,positive
2014696655568961842:1,positive,positive,positive,positive,positive
2014563888189341901:1,strongly_positive,strongly_positive,strongly_positive,strongly_positive,positive
2013858997972128047:0,positive,strongly_positive,positive,strongly_positive,positive
2013174957585621121:0,positive,positive,strongly_positive,strongly_positive,positive
2013174957585621121:1,positive,positive,positive,strongly_positive,dont_know
2013082717743964566:0,neutral,neutral,neutral,positive,neutral
2013082717743964566:1,positive,positive,positive,positive,positive
2013082717743964566:2,positive,positive,positive,positive,positive
2013082717743964566:3,neutral,neutral,neutral,neutral,neutral
2012184918210818065:0,positive,positive,positive,positive,positive
2012184918210818065:1,positive,positive,positive,positive,neutral
2012184918210818065:2,positive,neutral,neutral,neutral,neutral
2011791729096343751:0,strongly_positive,strongly_positive,strongly_positive,strongly_positive,positive
2011791729096343751:1,strongly_positive,strongly_positive,strongly_positive,strongly_positive,positive
2010709290844389563:0,neutral,neutral,neutral,neutral,neutral
2010391363142197557:0,positive,strongly_positive,positive,positive,positive
2010391363142197557:1,positive,strongly_positive,positive,strongly_positive,positive
2010363691305402429:0,strongly_positive,positive,strongly_positive,strongly_positive,positive
2010252471432818764:0,strongly_positive,positive,positive,positive,positive
2009893766216462645:0,positive,positive,positive,positive,positive
2009303612548391406:0,neutral,neutral,neutral,neutral,positive
2008575663843012833:0,negative,negative,negative,negative,neutral
2008575663843012833:1,neutral,neutral,neutral,neutral,negative
2008575663843012833:2,positive,positive,positive,positive,neutral
2008575663843012833:3,dont_know,dont_know,dont_know,dont_know,neutral
2006774761758835078:0,positive,neutral,neutral,positive,dont_know
2006774761758835078:1,negative,negative,negative,negative,neutral
2006774761758835078:2,neutral,neutral,positive,neutral,neutral
2006774761758835078:3,dont_know,dont_know,dont_know,neutral,neutral
2006255837459931452:0,dont_know,positive,dont_know,positive,dont_know
2005972971324870717:1,negative,negative,negative,strongly_negative,negative
2005972971324870717:0,negative,negative,neutral,negative,neutral
2005972971324870717:2,negative,negative,negative,negative,neutral
2005972971324870717:3,neutral,neutral,neutral,neutral,negative
2003800863450742786:0,neutral,neutral,neutral,neutral,neutral
2003800863450742786:1,positive,positive,positive,strongly_positive,positive
2002563211657429293:0,strongly_positive,strongly_positive,strongly_positive,positive,positive
2002563211657429293:1,positive,positive,positive,positive,positive
2001998956944085307:0,positive,positive,strongly_negative,strongly_negative,neutral
1992869684652441803:0,neutral,neutral,neutral,neutral,neutral
1992869684652441803:1,neutral,neutral,neutral,neutral,neutral
1992869684652441803:2,neutral,neutral,neutral,neutral,neutral
1990723108534354185:0,neutral,neutral,neutral,neutral,neutral
1990723108534354185:1,negative,negative,negative,negative,negative
1990723108534354185:2,neutral,negative,neutral,neutral,neutral
1990723108534354185:3,positive,positive,positive,positive,positive
1988152824677757389:0,strongly_positive,strongly_positive,strongly_positive,strongly_positive,positive
1988152824677757389:1,strongly_positive,strongly_positive,positive,strongly_positive,positive
1987778325792887012:0,strongly_positive,strongly_positive,strongly_positive,strongly_positive,strongly_positive
1987778325792887012:1,dont_know,dont_know,dont_know,dont_know,positive
1987752326489366613:0,positive,positive,positive,positive,neutral
1987752326489366613:1,neutral,neutral,neutral,negative,neutral
1987714769785352491:0,neutral,neutral,neutral,neutral,neutral
1987714769785352491:1,strongly_positive,strongly_positive,positive,strongly_positive,neutral
1987714769785352491:2,neutral,neutral,neutral,neutral,neutral
1986094122697203793:0,positive,positive,positive,positive,positive
1986094122697203793:1,positive,positive,positive,positive,positive
1982638409584931097:0,positive,positive,positive,positive,positive
1982638409584931097:1,positive,positive,positive,positive,positive
1982638409584931097:2,positive,positive,positive,neutral,positive
1980138691206242688:0,neutral,neutral,neutral,negative,neutral
1980138691206242688:1,positive,positive,positive,positive,positive
1978459253577777304:0,strongly_positive,strongly_positive,strongly_positive,strongly_positive,strongly_positive
1978047425807008095:0,negative,negative,strongly_negative,negative,negative
1977332804498477324:0,negative,negative,positive,positive,negative
1974385442721354161:0,neutral,neutral,neutral,positive,neutral
1969386085995462763:0,positive,positive,strongly_positive,strongly_positive,negative
1969386085995462763:1,positive,positive,dont_know,neutral,neutral
1967581523810693176:0,positive,positive,neutral,neutral,neutral
1967581523810693176:1,neutral,neutral,neutral,neutral,negative
1967581523810693176:2,dont_know,dont_know,dont_know,dont_know,dont_know
1966844661240311877:0,positive,positive,positive,positive,neutral
1966421841725309409:0,strongly_negative,strongly_negative,strongly_negative,strongly_negative,strongly_negative
1966421841725309409:1,positive,positive,positive,positive,neutral
1966421841725309409:2,negative,negative,negative,strongly_negative,negative
1966366976881950951:0,strongly_positive,positive,positive,strongly_positive,positive
1966018294177296474:0,neutral,neutral,neutral,negative,neutral
1966018294177296474:1,neutral,negative,negative,negative,neutral
1965758826394898435:0,positive,positive,positive,strongly_positive,neutral
1965758826394898435:1,positive,positive,positive,positive,neutral
1965259743573991521:1,negative,strongly_negative,negative,strongly_positive,negative
1965259743573991521:2,strongly_negative,strongly_negative,strongly_negative,strongly_negative,strongly_negative
1965259743573991521:3,strongly_negative,strongly_negative,strongly_negative,strongly_negative,strongly_negative
1965259743573991521:4,dont_know,dont_know,dont_know,dont_know,negative
1963574765656113401:0,negative,negative,negative,negative,negative
1963574765656113401:1,negative,negative,strongly_negative,negative,negative
1963574765656113401:2,dont_know,dont_know,dont_know,dont_know,neutral
1963425926617993460:0,positive,neutral,strongly_positive,strongly_positive,negative
1963425926617993460:1,dont_know,dont_know,dont_know,dont_know,dont_know
1962139428870373714:0,positive,strongly_positive,positive,positive,positive
1962139428870373714:1,strongly_positive,strongly_positive,strongly_positive,strongly_positive,strongly_positive
1961685758454218817:0,positive,positive,positive,positive,positive
1961685758454218817:1,positive,positive,positive,strongly_positive,positive
1961685758454218817:2,positive,positive,strongly_positive,strongly_positive,positive
1961060682256076808:0,positive,positive,neutral,positive,neutral
1961060682256076808:1,strongly_positive,strongly_positive,strongly_positive,strongly_positive,positive
1961002517212639517:0,neutral,neutral,neutral,neutral,neutral
1961002517212639517:1,neutral,negative,neutral,neutral,neutral
1960369825718657040:0,strongly_positive,positive,positive,positive,positive
1960369825718657040:1,strongly_positive,strongly_positive,strongly_positive,strongly_positive,strongly_positive
1960315639282937971:0,neutral,neutral,neutral,neutral,neutral
1960218859073368376:0,strongly_positive,strongly_positive,positive,strongly_positive,positive
1959449252566028404:0,neutral,neutral,neutral,neutral,neutral
1959449252566028404:1,positive,positive,positive,positive,positive
1959249108503544259:0,neutral,neutral,neutral,neutral,neutral
1959201763803963822:0,positive,neutral,positive,neutral,positive
1959201763803963822:1,dont_know,dont_know,dont_know,dont_know,positive
1959118775611269477:0,strongly_positive,strongly_positive,positive,positive,positive
1958722083732824228:0,strongly_negative,strongly_negative,strongly_negative,strongly_negative,negative
1958722083732824228:2,negative,negative,negative,negative,negative
1958132929554727230:0,neutral,neutral,neutral,neutral,neutral
1958014581076295912:0,strongly_positive,strongly_positive,strongly_positive,strongly_positive,strongly_positive
1958014581076295912:1,positive,positive,neutral,positive,positive
1958014581076295912:2,positive,positive,neutral,positive,neutral
1957807038047699438:0,neutral,neutral,neutral,neutral,neutral
1957730449188356369:0,negative,strongly_negative,negative,strongly_negative,negative
1957730449188356369:1,positive,neutral,strongly_positive,neutral,negative
1957031741731782852:0,positive,strongly_positive,strongly_positive,strongly_positive,positive
1957031741731782852:1,positive,positive,positive,strongly_positive,positive
1956601512303665173:0,strongly_positive,positive,positive,strongly_positive,positive
1956374278024143273:0,neutral,neutral,neutral,neutral,neutral
1955988133285331299:0,neutral,neutral,neutral,neutral,neutral
1955988133285331299:1,strongly_positive,positive,positive,positive,positive
1955153544207577251:0,neutral,neutral,neutral,neutral,neutral
1954556105956495603:0,neutral,neutral,neutral,neutral,neutral
1954556105956495603:1,positive,positive,positive,positive,positive
1954143367354605954:0,positive,positive,positive,positive,positive
1954040508906713372:0,strongly_positive,positive,positive,strongly_positive,positive
1949002762781687986:0,negative,strongly_negative,strongly_negative,strongly_negative,negative
1949002762781687986:1,strongly_positive,strongly_positive,strongly_positive,strongly_positive,positive
1947950897343979845:0,positive,positive,positive,neutral,positive
1947950897343979845:1,positive,positive,positive,positive,positive
1947849040387051767:0,neutral,neutral,neutral,neutral,neutral
1947599740780351680:0,neutral,neutral,neutral,neutral,neutral
1947570159205359804:0,strongly_positive,strongly_positive,positive,strongly_positive,positive
1947523756374807000:0,positive,positive,positive,positive,positive
1947523756374807000:1,positive,positive,positive,negative,positive
1946796936193028552:0,neutral,neutral,positive,positive,positive
1946796936193028552:1,positive,positive,positive,positive,positive
1946796936193028552:2,strongly_positive,strongly_positive,strongly_positive,positive,strongly_positive
1946531628458856942:0,neutral,neutral,neutral,neutral,neutral
1946018135943107058:0,neutral,neutral,neutral,neutral,neutral
1945148458538524859:0,positive,positive,positive,neutral,positive
1944752660378435634:0,neutral,neutral,neutral,neutral,neutral
1944598373157478912:0,neutral,neutral,neutral,positive,neutral
1944598373157478912:1,dont_know,dont_know,dont_know,dont_know,positive
1944367632049737815:0,positive,positive,positive,positive,positive
1944367632049737815:1,strongly_positive,strongly_positive,strongly_positive,strongly_positive,positive
1944367632049737815:2,dont_know,neutral,neutral,neutral,dont_know
1944054473220866412:0,negative,negative,strongly_negative,strongly_negative,negative
1944054473220866412:1,positive,positive,positive,strongly_positive,negative
1943993794170642600:0,neutral,neutral,neutral,neutral,neutral
1943993794170642600:1,neutral,positive,neutral,neutral,neutral
1943993794170642600:2,negative,negative,negative,negative,negative
1943151863089557852:0,dont_know,positive,positive,neutral,dont_know
1943151863089557852:1,strongly_positive,strongly_positive,strongly_positive,strongly_positive,positive
1942435221602726179:0,negative,strongly_negative,strongly_negative,strongly_negative,negative
1942435221602726179:1,neutral,neutral,neutral,neutral,neutral
1941824024822026645:0,neutral,neutral,neutral,neutral,neutral
1941824024822026645:1,strongly_positive,strongly_positive,strongly_positive,neutral,positive
1940332220310335830:0,negative,negative,negative,negative,negative
1940332220310335830:1,neutral,neutral,neutral,neutral,negative
1940332220310335830:2,dont_know,dont_know,dont_know,dont_know,dont_know
1939322551597220240:0,negative,strongly_negative,strongly_negative,negative,negative
1939322551597220240:1,neutral,neutral,neutral,neutral,negative
1936969778003877940:0,neutral,neutral,neutral,neutral,neutral
1936969778003877940:1,dont_know,dont_know,dont_know,dont_know,dont_know
1934585470496972944:0,negative,negative,negative,negative,negative
1934585470496972944:1,neutral,neutral,neutral,neutral,negative
1933919983211520435:0,neutral,neutral,neutral,neutral,neutral
1933526523388006729:0,neutral,neutral,neutral,neutral,neutral
1932473759992328498:0,neutral,neutral,neutral,neutral,neutral
1931204288291758123:0,strongly_positive,positive,positive,positive,positive
1931002895941370101:0,neutral,neutral,neutral,neutral,neutral
1930903504874295752:0,neutral,neutral,neutral,neutral,neutral
1930903504874295752:1,dont_know,dont_know,neutral,neutral,neutral
1930537817978929621:0,neutral,neutral,neutral,neutral,neutral
1929932341679468918:0,neutral,neutral,neutral,neutral,neutral
1928103096233697349:0,negative,negative,strongly_negative,negative,negative
1928103096233697349:1,strongly_positive,strongly_positive,strongly_positive,strongly_positive,positive
1928103096233697349:2,positive,strongly_positive,strongly_positive,strongly_positive,positive
1928056585860886920:0,neutral,neutral,neutral,neutral,neutral
1927936904118370591:1,positive,positive,positive,positive,positive
1927936904118370591:2,strongly_positive,strongly_positive,strongly_positive,strongly_positive,positive
1927936904118370591:3,positive,positive,dont_know,strongly_positive,positive
1927916968591454574:0,positive,positive,negative,negative,neutral
1927916968591454574:1,positive,positive,positive,positive,positive
1926153630094078136:0,strongly_positive,strongly_positive,positive,strongly_positive,positive
1926153630094078136:1,dont_know,neutral,neutral,neutral,neutral
1926114616108593448:0,neutral,neutral,neutral,neutral,neutral
1925896779821703309:0,positive,positive,positive,dont_know,positive
1924801045957640431:0,neutral,neutral,neutral,positive,neutral
1924801045957640431:1,positive,positive,dont_know,neutral,neutral
1924689540536795396:0,neutral,neutral,neutral,neutral,positive
1924689540536795396:1,strongly_positive,strongly_positive,strongly_positive,strongly_positive,positive
1924395194964721708:0,strongly_positive,strongly_positive,strongly_positive,strongly_positive,strongly_positive
1924274652131803534:0,neutral,neutral,neutral,neutral,neutral
1923922225897361787:0,neutral,neutral,neutral,neutral,neutral
1923764124812558449:0,neutral,neutral,neutral,neutral,neutral
1923638385211543746:0,neutral,neutral,neutral,dont_know,neutral
1923585875360850397:0,neutral,neutral,neutral,neutral,neutral
1923585875360850397:1,positive,positive,positive,positive,neutral
1923585875360850397:2,strongly_positive,positive,strongly_positive,strongly_negative,positive
1923322760882978941:0,positive,positive,positive,positive,positive
1923322760882978941:1,positive,positive,neutral,neutral,neutral
1921776136880603284:0,strongly_positive,positive,positive,positive,positive
1921776136880603284:1,neutral,neutral,neutral,positive,neutral
1919917153655951718:0,negative,strongly_negative,strongly_negative,negative,negative
1919917153655951718:1,neutral,neutral,strongly_positive,neutral,negative
1919917153655951718:2,dont_know,dont_know,dont_know,neutral,dont_know
1919663597401080081:0,strongly_positive,strongly_positive,positive,strongly_positive,positive
1919663597401080081:1,strongly_positive,positive,positive,strongly_positive,positive
1919663597401080081:2,strongly_positive,strongly_positive,strongly_positive,strongly_positive,positive
1917422356005544287:0,neutral,neutral,neutral,neutral,neutral
1917422356005544287:1,neutral,neutral,neutral,neutral,neutral
1917132654950101443:0,positive,positive,positive,neutral,positive
1917132654950101443:1,dont_know,dont_know,dont_know,neutral,positive
1916804846302253397:0,neutral,neutral,neutral,neutral,neutral
1916804846302253397:1,positive,positive,positive,positive,positive
1916768421762441338:0,strongly_positive,strongly_positive,strongly_positive,strongly_positive,positive
1916768421762441338:1,positive,positive,positive,strongly_positive,positive
1916500236165427575:0,negative,negative,negative,negative,negative
1916500236165427575:1,positive,neutral,neutral,positive,neutral
1916500236165427575:2,dont_know,dont_know,dont_know,dont_know,negative
1916466612674179573:0,positive,positive,positive,positive,positive
1916466612674179573:1,negative,negative,strongly_negative,negative,negative
1916466612674179573:2,dont_know,strongly_negative,dont_know,dont_know,negative
1916026635456782686:0,neutral,neutral,negative,negative,negative
1916026635456782686:1,negative,strongly_negative,strongly_negative,negative,negative
1916026635456782686:2,neutral,positive,dont_know,strongly_negative,negative
1915274130389094726:0,negative,negative,negative,negative,negative
1915274130389094726:1,positive,neutral,positive,negative,neutral
1915274130389094726:2,dont_know,dont_know,dont_know,dont_know,dont_know
1913591111773213137:0,positive,positive,positive,strongly_positive,positive
1913591111773213137:1,strongly_positive,strongly_positive,strongly_positive,strongly_positive,positive
1912734778383823261:0,strongly_positive,strongly_positive,strongly_positive,strongly_positive,positive
1912164754141155687:0,neutral,neutral,neutral,neutral,neutral
1911623484578414913:0,strongly_positive,strongly_positive,strongly_positive,strongly_positive,strongly_positive
1911623484578414913:1,positive,positive,positive,positive,positive
1910895393988128860:0,neutral,neutral,neutral,neutral,neutral
1910687831355277482:0,neutral,neutral,neutral,neutral,neutral
1910687831355277482:1,neutral,neutral,neutral,neutral,neutral
1910612652969066915:0,positive,positive,positive,positive,positive
1910612652969066915:1,positive,positive,positive,strongly_positive,positive
1910352007241617654:0,neutral,neutral,neutral,strongly_positive,neutral
1910352007241617654:1,positive,positive,positive,positive,neutral
1910352007241617654:2,neutral,negative,neutral,neutral,negative
1910352007241617654:3,dont_know,dont_know,dont_know,neutral,dont_know
1910338590132883460:0,neutral,neutral,neutral,neutral,neutral
1910242987163988137:0,neutral,neutral,neutral,neutral,neutral
1910242987163988137:1,strongly_positive,strongly_positive,positive,strongly_positive,positive
1909867533525463271:0,negative,negative,negative,negative,negative
1909867533525463271:1,positive,positive,positive,positive,negative
1909867533525463271:2,dont_know,dont_know,dont_know,neutral,neutral
1909782993788432562:0,strongly_positive,strongly_positive,strongly_positive,strongly_positive,strongly_positive
1909405336521654382:0,neutral,neutral,strongly_negative,strongly_negative,negative
1909405336521654382:1,strongly_positive,strongly_positive,strongly_positive,strongly_positive,positive
1909405336521654382:2,positive,positive,positive,positive,neutral
1909242811213324494:0,neutral,neutral,neutral,neutral,neutral
1909242811213324494:1,positive,positive,positive,positive,neutral
1908920828978229364:0,neutral,neutral,neutral,neutral,neutral
1908920828978229364:1,dont_know,positive,positive,positive,dont_know
1908715013063246278:0,strongly_positive,positive,strongly_positive,strongly_positive,positive
1908715013063246278:1,positive,positive,strongly_positive,positive,positive
1907461480708292742:0,neutral,neutral,neutral,neutral,neutral
1906736230173413835:0,positive,positive,neutral,neutral,neutral
1906736230173413835:1,dont_know,dont_know,dont_know,neutral,neutral
1906736230173413835:2,neutral,neutral,neutral,neutral,dont_know
1906541175588216919:0,strongly_positive,positive,positive,positive,positive
1906541175588216919:1,strongly_positive,positive,positive,positive,positive
1904210277018812679:0,negative,negative,negative,negative,negative
1904210277018812679:1,strongly_negative,strongly_negative,strongly_negative,strongly_negative,strongly_negative
1904210277018812679:2,strongly_negative,strongly_negative,strongly_negative,strongly_negative,strongly_negative
1903282217763090601:0,neutral,neutral,neutral,neutral,neutral
1902602558067351890:0,strongly_positive,strongly_positive,strongly_positive,strongly_positive,strongly_positive
1902378703608521212:0,neutral,neutral,neutral,strongly_positive,neutral
1901994545153265796:0,neutral,neutral,neutral,neutral,neutral
1901994545153265796:1,positive,positive,positive,positive,positive
1900922058101420374:0,neutral,neutral,neutral,neutral,neutral
1900600101300826589:0,dont_know,dont_know,dont_know,neutral,neutral
1900178271263731979:0,neutral,neutral,neutral,neutral,neutral
1900026137860071501:0,strongly_positive,positive,positive,positive,positive
1899424918825218094:0,positive,positive,positive,positive,neutral
1899287025297092906:0,neutral,neutral,neutral,neutral,neutral
1898925842425647251:0,positive,positive,positive,positive,neutral
1898925842425647251:1,neutral,positive,positive,positive,positive
1898925842425647251:2,neutral,neutral,neutral,neutral,neutral
1898582560755880315:0,strongly_positive,strongly_positive,positive,positive,positive
1897320362955669890:0,neutral,neutral,neutral,neutral,neutral
1896934873085919347:0,neutral,neutral,neutral,neutral,neutral
1896934873085919347:1,neutral,neutral,neutral,neutral,neutral
1896581441720615423:0,neutral,neutral,neutral,neutral,neutral
1896064518955974811:0,neutral,neutral,neutral,neutral,neutral
1896064518955974811:1,dont_know,dont_know,dont_know,neutral,positive
1895294182522245174:1,positive,positive,strongly_positive,strongly_positive,positive
1895115610457342272:0,neutral,neutral,neutral,neutral,neutral
1895115610457342272:1,dont_know,dont_know,dont_know,dont_know,dont_know
1895102462618673351:0,negative,negative,negative,negative,negative
1895102462618673351:1,positive,positive,positive,positive,positive
1895102462618673351:2,positive,positive,positive,positive,positive
1894637811514708442:0,positive,positive,positive,positive,positive
1894567786309153090:0,strongly_positive,positive,positive,strongly_positive,positive
1894567786309153090:1,positive,positive,positive,positive,positive
1894073431630499916:0,positive,positive,positive,positive,positive
1894021990140248130:0,positive,positive,positive,positive,positive
1894021990140248130:1,strongly_positive,strongly_positive,strongly_positive,strongly_positive,positive
1893970885452689617:0,neutral,neutral,neutral,neutral,neutral
1893953863214088580:0,positive,positive,positive,positive,positive
1893953863214088580:1,positive,positive,positive,positive,positive
1893698753376227340:0,neutral,neutral,neutral,neutral,neutral
1893698753376227340:1,positive,positive,positive,positive,positive
1893698753376227340:2,strongly_positive,strongly_positive,strongly_positive,strongly_positive,strongly_positive
1893698753376227340:3,dont_know,positive,dont_know,dont_know,positive
1893663871707021428:0,neutral,neutral,neutral,neutral,neutral
1893663871707021428:1,neutral,neutral,neutral,neutral,neutral
1893313850235121681:0,neutral,neutral,neutral,neutral,neutral
1893313850235121681:1,strongly_positive,strongly_positive,positive,positive,positive
1893313850235121681:2,strongly_positive,strongly_positive,strongly_positive,strongly_positive,positive
1893213791501926684:0,positive,positive,positive,neutral,positive
1892492165915562092:0,neutral,neutral,positive,neutral,neutral
1892492165915562092:1,neutral,neutral,neutral,positive,neutral
1892492165915562092:2,neutral,neutral,neutral,neutral,neutral
1892252023673749998:0,positive,positive,positive,positive,positive
1892252023673749998:1,dont_know,dont_know,dont_know,neutral,positive
1892056248704696472:0,strongly_positive,strongly_positive,positive,strongly_positive,positive
1892056248704696472:1,strongly_positive,strongly_positive,positive,positive,positive
1891378916851409390:0,strongly_positive,strongly_positive,strongly_positive,positive,strongly_positive
1891378916851409390:1,positive,positive,positive,neutral,positive
1891081154796679679:0,positive,positive,positive,positive,positive
1891081154796679679:1,positive,positive,positive,neutral,positive
1889707885078204870:0,neutral,neutral,neutral,neutral,neutral
1889707885078204870:1,strongly_positive,strongly_positive,strongly_positive,positive,positive
1888620356812095543:0,negative,strongly_negative,negative,negative,negative
1888620356812095543:1,negative,negative,negative,negative,negative
1888620356812095543:2,positive,neutral,positive,positive,neutral
1888218006401994778:0,strongly_positive,strongly_positive,strongly_positive,positive,strongly_positive
1887465295578866091:0,neutral,neutral,neutral,neutral,neutral
1887141749430124723:0,neutral,neutral,neutral,neutral,neutral
1886819524994843090:0,neutral,neutral,neutral,neutral,neutral
1886819524994843090:1,neutral,neutral,neutral,neutral,neutral
1886819524994843090:2,neutral,neutral,neutral,neutral,neutral
1886808428699414808:0,neutral,neutral,neutral,neutral,neutral
1886808428699414808:1,positive,positive,positive,positive,positive
1886421083483472198:0,neutral,neutral,neutral,neutral,neutral
1886421083483472198:1,neutral,neutral,neutral,neutral,neutral
1886305570451542176:0,positive,positive,positive,positive,positive
1886305570451542176:1,positive,positive,positive,positive,positive
1885015751704137944:0,neutral,neutral,neutral,neutral,neutral
1885015751704137944:1,strongly_positive,strongly_positive,strongly_positive,strongly_positive,positive
1885015751704137944:2,dont_know,dont_know,dont_know,dont_know,dont_know
1884796742702645259:0,positive,positive,positive,strongly_positive,positive
1884615521582137454:0,neutral,neutral,neutral,neutral,neutral
1884615521582137454:1,dont_know,dont_know,dont_know,dont_know,dont_know
1884231568455262679:0,neutral,neutral,neutral,neutral,neutral
1884231568455262679:1,neutral,neutral,dont_know,neutral,neutral
1883007953768194474:0,positive,positive,positive,positive,positive
1883007953768194474:1,strongly_positive,strongly_positive,strongly_positive,strongly_positive,strongly_positive
1883007953768194474:2,positive,neutral,positive,neutral,positive
1883007953768194474:3,strongly_positive,positive,strongly_positive,strongly_positive,positive
1882832710105706831:0,neutral,neutral,neutral,neutral,neutral
1882832710105706831:1,positive,positive,positive,positive,positive
1882832710105706831:2,positive,positive,neutral,neutral,neutral
1882439161778766218:0,positive,positive,neutral,positive,neutral
1882439161778766218:1,neutral,neutral,neutral,neutral,neutral
1881214462629437458:0,strongly_positive,positive,positive,strongly_positive,positive
1881214462629437458:1,positive,positive,positive,neutral,positive
1880631283769917546:0,positive,positive,positive,strongly_positive,positive
1880631283769917546:1,positive,positive,positive,positive,positive
1880631283769917546:2,positive,positive,positive,neutral,positive
1880631283769917546:3,positive,positive,positive,positive,positive
1880631283769917546:4,positive,positive,positive,positive,neutral
1880494020927058023:0,positive,strongly_positive,positive,strongly_positive,positive
1880185851529105574:0,positive,positive,positive,positive,positive
1880185851529105574:1,positive,positive,positive,positive,positive
1879889780831404531:0,neutral,neutral,neutral,neutral,neutral
1879889780831404531:1,neutral,neutral,neutral,neutral,neutral
1879889780831404531:2,dont_know,positive,dont_know,dont_know,dont_know
1878998978219700356:0,strongly_positive,positive,positive,strongly_positive,positive
1878760780109336674:0,negative,negative,negative,negative,negative
1878760780109336674:1,neutral,neutral,neutral,positive,negative
1877356879770193984:0,negative,negative,negative,strongly_negative,negative
1877356879770193984:1,negative,negative,negative,strongly_negative,negative
1877356879770193984:2,neutral,neutral,neutral,strongly_positive,negative
1877356879770193984:3,dont_know,dont_know,dont_know,dont_know,dont_know
1876628688378442017:0,positive,positive,positive,positive,positive
1875914818835624063:0,neutral,neutral,neutral,neutral,neutral
1875914818835624063:1,dont_know,neutral,neutral,neutral,neutral
1874464576663638176:0,neutral,neutral,neutral,neutral,neutral
1874464576663638176:1,positive,positive,positive,positive,positive
1873626204903022932:0,strongly_positive,positive,strongly_positive,strongly_positive,positive
1871923920053616670:0,strongly_positive,positive,strongly_positive,strongly_positive,positive
1870740176571674801:0,negative,strongly_negative,strongly_negative,strongly_negative,negative
1870740176571674801:1,strongly_positive,strongly_positive,strongly_positive,positive,positive
1870740176571674801:2,negative,negative,negative,strongly_negative,negative
1870436142778286348:0,strongly_positive,strongly_positive,strongly_positive,strongly_positive,strongly_positive
1870436142778286348:1,positive,positive,positive,positive,positive
1870436142778286348:2,dont_know,dont_know,dont_know,dont_know,dont_know
1868598940310163788:0,negative,negative,negative,strongly_negative,negative
1868598940310163788:1,neutral,neutral,neutral,strongly_positive,negative
1868122638247428342:0,positive,positive,positive,strongly_positive,positive
1867894995606253589:1,positive,positive,positive,positive,positive
1867894995606253589:2,positive,positive,positive,positive,positive
1867830505653387477:0,strongly_positive,positive,positive,strongly_positive,positive
1863957252912333297:0,strongly_positive,strongly_positive,positive,strongly_positive,positive
1861046556415209566:0,neutral,neutral,neutral,neutral,neutral
1861046556415209566:1,dont_know,dont_know,dont_know,dont_know,dont_know
1859838667516268760:0,positive,positive,positive,positive,positive
1859838667516268760:1,positive,positive,positive,positive,positive
1858136417961964030:0,negative,negative,negative,negative,negative
1858136417961964030:1,strongly_positive,strongly_positive,strongly_positive,strongly_positive,positive
1857360517523701774:0,dont_know,dont_know,dont_know,neutral,neutral
1856995584080494709:0,neutral,neutral,neutral,neutral,neutral
1856995584080494709:1,dont_know,dont_know,dont_know,neutral,dont_know
1856925591502541301:0,negative,negative,negative,negative,negative
1856925591502541301:1,neutral,neutral,strongly_positive,neutral,negative
1856228146552684957:0,strongly_positive,positive,positive,positive,positive
1855568030404943959:0,neutral,neutral,neutral,neutral,neutral
1855568030404943959:1,strongly_positive,strongly_positive,strongly_positive,strongly_positive,positive
1855513414770332039:0,strongly_positive,strongly_positive,strongly_positive,strongly_positive,positive
1855159543614824814:0,positive,positive,positive,strongly_positive,neutral
1855159543614824814:1,neutral,neutral,neutral,negative,neutral
1855159543614824814:2,dont_know,dont_know,dont_know,dont_know,dont_know
1854776696777462143:0,neutral,neutral,neutral,neutral,neutral
1854776696777462143:1,neutral,neutral,neutral,positive,neutral
1854776696777462143:2,positive,positive,positive,positive,positive
1854776696777462143:3,positive,positive,positive,positive,positive
1854408346423447832:0,strongly_positive,positive,positive,positive,positive
1854408346423447832:1,strongly_positive,strongly_positive,strongly_positive,positive,positive
1854169216489836806:0,neutral,neutral,neutral,positive,neutral
1853101514799091732:0,neutral,neutral,dont_know,neutral,neutral
1852712595750367628:0,strongly_positive,positive,strongly_positive,strongly_positive,positive
1852712595750367628:1,strongly_positive,strongly_positive,positive,positive,positive
1851995727632712083:0,strongly_positive,positive,strongly_positive,positive,positive
1851886887251652695:0,positive,positive,positive,strongly_negative,positive
1851651496422887493:0,strongly_positive,strongly_positive,positive,strongly_positive,strongly_positive
1851252666241823138:0,positive,positive,positive,positive,neutral
1851252666241823138:1,neutral,neutral,neutral,neutral,neutral
1851252666241823138:2,dont_know,dont_know,dont_know,dont_know,dont_know
1850898822668386370:0,neutral,neutral,positive,neutral,neutral
1850898822668386370:1,dont_know,dont_know,dont_know,neutral,neutral
1850761471577223183:0,strongly_positive,strongly_positive,positive,neutral,positive
1850761471577223183:1,positive,positive,positive,positive,positive
1850761471577223183:2,positive,positive,positive,positive,positive
1850039855826510024:0,neutral,neutral,neutral,neutral,neutral
1850039855826510024:1,positive,strongly_positive,strongly_positive,strongly_positive,positive
1850039855826510024:2,neutral,neutral,neutral,neutral,neutral
1849789672290930688:0,neutral,neutral,neutral,neutral,neutral
1849416236100161841:0,positive,positive,positive,neutral,positive
1849416236100161841:1,positive,positive,positive,positive,neutral
1848732117137498347:0,neutral,neutral,neutral,strongly_positive,neutral
1848732117137498347:1,neutral,neutral,neutral,neutral,neutral
1847979641518051665:0,negative,negative,negative,negative,negative
1847979641518051665:1,strongly_positive,strongly_positive,strongly_positive,strongly_positive,positive
1847979641518051665:2,positive,positive,positive,neutral,negative
1844952124498772096:0,positive,positive,positive,positive,positive
1844952124498772096:1,positive,positive,positive,positive,positive
1841101602813362531:0,neutral,neutral,negative,positive,neutral
1840767556858093814:0,neutral,positive,positive,positive,neutral
1840767556858093814:1,dont_know,dont_know,dont_know,dont_know,dont_know
1839932428132966404:0,neutral,neutral,neutral,negative,neutral
1839932428132966404:1,neutral,positive,positive,positive,neutral
1839714880703869406:0,neutral,neutral,positive,neutral,neutral
1836427425057546625:0,positive,positive,positive,positive,positive
1835912634941526048:0,positive,positive,positive,strongly_positive,positive
1833864070807572764:0,strongly_positive,strongly_positive,strongly_positive,strongly_positive,strongly_positive
1833864070807572764:1,strongly_positive,strongly_positive,strongly_positive,positive,strongly_positive
1833069213587526073:0,strongly_positive,positive,strongly_positive,strongly_positive,positive
1833069213587526073:1,neutral,neutral,neutral,neutral,neutral
1833069213587526073:2,dont_know,neutral,neutral,dont_know,neutral
1832677275885543476:0,positive,positive,positive,neutral,positive
1831908527033741360:0,strongly_positive,positive,positive,positive,positive
1830498499793752407:0,strongly_positive,strongly_positive,strongly_positive,strongly_positive,positive
1829386619343753706:0,negative,negative,neutral,strongly_negative,negative
1829386619343753706:1,positive,positive,positive,positive,neutral
1829386619343753706:2,neutral,neutral,neutral,strongly_negative,neutral
1828047728871608523:0,positive,positive,positive,positive,positive
1828047728871608523:1,positive,positive,positive,positive,neutral
1828047728871608523:2,neutral,neutral,neutral,negative,neutral
1825882744347349200:0,positive,positive,positive,positive,positive
1825882744347349200:1,strongly_positive,strongly_positive,strongly_positive,strongly_positive,positive
1825882744347349200:2,dont_know,dont_know,dont_know,dont_know,neutral
1825828942961410372:0,positive,positive,negative,positive,negative
1825747734910902501:0,strongly_positive,positive,positive,strongly_positive,positive
1825381462163534183:0,positive,positive,positive,strongly_positive,positive
1824450028791857197:0,neutral,neutral,neutral,neutral,neutral
1823335095433838962:0,neutral,neutral,neutral,neutral,neutral
1823335095433838962:1,positive,positive,neutral,negative,neutral
1820760341996777911:0,positive,positive,positive,positive,positive
1820760341996777911:1,neutral,neutral,neutral,neutral,neutral
1820760341996777911:2,dont_know,dont_know,dont_know,neutral,dont_know
1816750748073394466:0,negative,strongly_negative,negative,negative,negative
1816750748073394466:1,neutral,neutral,neutral,neutral,negative
1815053215857009115:0,positive,positive,positive,positive,positive
1814659197310480613:0,neutral,positive,positive,neutral,neutral
1814297650348298614:0,positive,positive,positive,positive,positive
1814297650348298614:1,strongly_positive,strongly_positive,strongly_positive,strongly_positive,strongly_positive
1814206242715287663:0,strongly_positive,strongly_positive,positive,positive,positive
1811678580843126828:0,neutral,neutral,neutral,negative,neutral
1811678580843126828:1,negative,strongly_negative,strongly_negative,negative,negative
1811678580843126828:2,negative,negative,negative,negative,negative
1808085556015878238:0,strongly_positive,strongly_positive,strongly_positive,strongly_positive,strongly_positive
1808085556015878238:1,dont_know,dont_know,neutral,dont_know,dont_know
1806711390796734550:0,neutral,positive,neutral,strongly_positive,negative
1804807500903989750:0,strongly_negative,strongly_negative,strongly_negative,strongly_negative,negative
1798319327814529298:0,negative,negative,negative,negative,negative
1797979178790453514:0,strongly_positive,positive,positive,positive,positive
1797543642791653782:0,neutral,neutral,neutral,neutral,neutral
1796127782033854793:0,positive,positive,positive,positive,neutral
1796127782033854793:1,positive,positive,neutral,neutral,positive
1796127782033854793:2,dont_know,dont_know,dont_know,negative,dont_know
1795330986395287623:0,negative,strongly_negative,strongly_negative,negative,negative
1795330986395287623:1,negative,negative,negative,neutral,negative
1793476250058805425:0,strongly_positive,positive,positive,strongly_positive,positive
1792944942005768282:0,positive,positive,positive,strongly_positive,neutral
1792944942005768282:1,strongly_negative,strongly_negative,strongly_negative,strongly_negative,neutral
1792944942005768282:2,dont_know,dont_know,dont_know,dont_know,dont_know
1791479267550740680:0,strongly_positive,strongly_positive,strongly_positive,strongly_positive,positive
1790721379370672413:0,neutral,negative,neutral,strongly_positive,negative
1790721379370672413:1,dont_know,dont_know,negative,strongly_positive,negative
1790306485047611837:0,strongly_positive,strongly_positive,positive,positive,positive
1790306485047611837:1,dont_know,dont_know,dont_know,dont_know,dont_know
1783178482463215729:0,neutral,neutral,neutral,neutral,neutral
1783178482463215729:1,positive,neutral,positive,positive,neutral
1783178482463215729:2,dont_know,dont_know,dont_know,neutral,dont_know
1782728182598107188:0,positive,negative,neutral,negative,negative
1781559053031817468:0,neutral,neutral,neutral,neutral,neutral
1780892937389265313:0,strongly_positive,positive,positive,strongly_positive,positive
1780431749849186628:0,strongly_positive,positive,positive,strongly_positive,positive
1780393637148307911:0,neutral,neutral,neutral,neutral,neutral
1780393637148307911:1,neutral,neutral,neutral,neutral,neutral
1780037506009809007:0,neutral,neutral,neutral,neutral,neutral
1779551283113775610:0,neutral,neutral,neutral,neutral,neutral
1779332606095483363:0,neutral,neutral,negative,negative,neutral
1779213305099219144:0,neutral,positive,neutral,neutral,neutral
1779041016831430769:0,neutral,neutral,neutral,neutral,neutral
1779041016831430769:1,positive,positive,positive,positive,positive
1778992425316307245:0,strongly_positive,positive,strongly_positive,strongly_positive,positive
1778775042676920807:0,strongly_positive,positive,positive,strongly_negative,positive
1778695167815327758:0,strongly_positive,strongly_positive,positive,strongly_positive,positive
1778378830677205392:0,strongly_positive,positive,positive,negative,positive
1778301987794071733:0,strongly_positive,positive,strongly_positive,positive,positive
1777708402363289869:0,neutral,positive,positive,strongly_negative,neutral
1777708402363289869:1,negative,negative,positive,negative,neutral
1776598568821813358:0,neutral,neutral,dont_know,neutral,neutral
1775885830382657947:0,positive,positive,positive,neutral,positive
1775885830382657947:1,negative,negative,neutral,negative,negative
1775510944145129629:0,positive,positive,positive,positive,neutral
1774794906294518164:0,negative,negative,negative,negative,negative
1774794906294518164:1,negative,negative,negative,negative,neutral
1774301369312195045:0,neutral,neutral,neutral,neutral,neutral
1774301369312195045:1,dont_know,dont_know,neutral,neutral,neutral
1773878194644389962:0,neutral,neutral,neutral,neutral,neutral
1773878194644389962:1,dont_know,dont_know,dont_know,dont_know,dont_know
1773609834018955588:0,neutral,neutral,neutral,neutral,neutral
1773609834018955588:1,dont_know,dont_know,neutral,dont_know,dont_know
1773317263921197507:0,neutral,neutral,neutral,neutral,neutral
1772909093369397334:0,neutral,neutral,neutral,neutral,neutral
1772909093369397334:1,neutral,neutral,neutral,neutral,neutral
1772909093369397334:2,neutral,neutral,neutral,neutral,neutral
1770434726437793873:0,neutral,neutral,neutral,neutral,neutral
1769687645666299930:0,strongly_negative,strongly_negative,strongly_negative,strongly_negative,strongly_negative
1769687645666299930:1,dont_know,dont_know,strongly_negative,strongly_negative,negative
1767530066370535607:0,positive,positive,neutral,neutral,positive
1767530066370535607:1,strongly_positive,strongly_positive,positive,strongly_positive,positive
1767530066370535607:2,strongly_positive,strongly_positive,positive,strongly_positive,positive
1765972068904903087:0,strongly_positive,positive,positive,strongly_positive,positive
1765911572054986774:0,strongly_positive,positive,positive,positive,positive
1765347659454255398:0,strongly_negative,strongly_negative,strongly_negative,negative,strongly_negative
1763779809589776803:0,neutral,neutral,neutral,neutral,neutral
1762099773681565858:0,positive,positive,strongly_positive,strongly_positive,positive
1762099773681565858:1,neutral,positive,neutral,neutral,negative
940569724512903169:0,strongly_negative,strongly_negative,strongly_positive,strongly_positive,negative
2092483651636433027:0,neutral,positive,neutral,strongly_positive,neutral
2083550722629542301:0,negative,negative,neutral,neutral,negative
2092483651636433027:1,dont_know,dont_know,dont_know,dont_know,dont_know
2083550722629542301:1,negative,negative,strongly_negative,negative,negative
2083550722629542301:2,negative,negative,negative,strongly_negative,negative
2083550722629542301:3,negative,positive,strongly_positive,strongly_positive,negative
2083550722629542301:4,dont_know,dont_know,dont_know,dont_know,negative
2082065681747677667:0,negative,negative,neutral,negative,negative
2082065681747677667:1,negative,strongly_negative,strongly_negative,negative,negative
2063166263602352216:0,positive,positive,neutral,strongly_positive,neutral
2063166263602352216:1,positive,positive,positive,positive,positive
2063166263602352216:2,neutral,neutral,neutral,neutral,neutral
2063166263602352216:3,neutral,neutral,neutral,neutral,dont_know
2055979881402699901:0,positive,positive,positive,positive,positive
2045008810755211394:0,strongly_positive,strongly_positive,strongly_positive,strongly_positive,positive
2043882791964946480:0,positive,positive,positive,positive,positive
2032369092469113229:0,negative,negative,negative,negative,negative
2032369092469113229:1,neutral,positive,strongly_positive,neutral,negative
2029543624443130129:0,positive,positive,neutral,strongly_positive,neutral
2029543624443130129:1,positive,positive,positive,strongly_positive,neutral
2029543624443130129:2,positive,neutral,neutral,neutral,neutral
2029543624443130129:3,positive,positive,positive,neutral,neutral
2029543624443130129:4,positive,positive,positive,positive,positive
2027758080352784670:0,negative,negative,negative,negative,negative
2027758080352784670:1,negative,negative,neutral,neutral,negative
2027758080352784670:2,positive,neutral,positive,neutral,neutral
2025793587775152457:0,negative,negative,strongly_negative,negative,negative
2025793587775152457:1,negative,positive,neutral,neutral,negative
2025793587741647204:0,negative,negative,strongly_negative,negative,negative
2024362470413127877:0,strongly_positive,strongly_positive,strongly_positive,strongly_positive,positive
2024362470413127877:1,positive,positive,positive,positive,positive
2023019126118359435:0,negative,negative,negative,positive,negative
2023019126118359435:1,negative,strongly_negative,strongly_negative,negative,negative
2023019126118359435:2,positive,positive,positive,strongly_positive,positive
2023019126118359435:3,neutral,neutral,dont_know,dont_know,neutral
2020124446866956487:0,positive,positive,strongly_negative,strongly_negative,positive
2020124446866956487:1,strongly_positive,strongly_positive,strongly_positive,strongly_positive,positive
2019781422500954208:0,neutral,dont_know,neutral,neutral,positive
2019781422500954208:1,strongly_positive,strongly_positive,positive,strongly_negative,positive
2019781422500954208:2,positive,positive,positive,positive,neutral
2019781422500954208:3,dont_know,dont_know,neutral,dont_know,dont_know
2018648336627376196:0,strongly_positive,positive,positive,positive,positive
2005066411857887646:0,negative,negative,negative,negative,neutral
1908177026449547767:0,neutral,neutral,positive,strongly_positive,neutral
1908177026449547767:1,positive,positive,positive,neutral,neutral
1908177026449547767:2,negative,neutral,strongly_positive,strongly_positive,neutral
1908177026449547767:3,strongly_negative,strongly_negative,strongly_negative,strongly_negative,negative
1847241222009585916:0,strongly_negative,strongly_negative,strongly_negative,strongly_negative,strongly_negative
1846567804889383028:0,neutral,neutral,neutral,neutral,neutral
1845019388627517923:0,strongly_positive,positive,strongly_positive,strongly_positive,positive
1845019388627517923:1,positive,positive,neutral,negative,neutral
1845019388627517923:2,positive,positive,positive,positive,neutral
1842214889307414954:0,positive,positive,positive,positive,positive
1842214889307414954:1,neutral,neutral,neutral,neutral,neutral
1842214889307414954:2,dont_know,positive,dont_know,dont_know,dont_know
1841304369494708579:0,positive,positive,positive,strongly_positive,positive
1841304369494708579:1,neutral,neutral,neutral,positive,neutral
1841304369494708579:2,neutral,neutral,neutral,neutral,neutral
1839700836982952096:0,neutral,neutral,neutral,negative,negative
1839700836982952096:1,neutral,neutral,neutral,neutral,neutral
1839700836982952096:2,dont_know,dont_know,dont_know,neutral,neutral
1838816477320712511:0,negative,negative,neutral,neutral,negative
1838816477320712511:2,negative,negative,strongly_negative,negative,negative
1838816477320712511:3,neutral,neutral,neutral,neutral,neutral
1838816477320712511:4,negative,negative,strongly_negative,negative,negative
1838545080187261215:0,neutral,neutral,neutral,neutral,neutral
1838545080187261215:1,positive,neutral,neutral,positive,neutral
1837908998169022481:0,strongly_negative,strongly_negative,strongly_negative,strongly_positive,strongly_negative
1836593864557433262:0,positive,positive,positive,neutral,positive
1836593864557433262:1,strongly_positive,positive,positive,strongly_positive,positive
1836593864557433262:2,positive,positive,positive,positive,positive
1836593864557433262:3,neutral,neutral,neutral,neutral,dont_know
1831953871708803205:0,positive,positive,positive,positive,positive
1829757694397313497:0,strongly_positive,strongly_positive,strongly_positive,neutral,strongly_positive
1829757694397313497:1,strongly_positive,strongly_positive,strongly_positive,strongly_positive,strongly_positive
1826273865615765696:0,neutral,neutral,neutral,neutral,neutral
1826273865615765696:1,neutral,neutral,neutral,strongly_negative,neutral
1826273865615765696:2,strongly_positive,strongly_positive,positive,positive,positive
1822270799866171704:0,positive,positive,positive,positive,positive
1822270799866171704:1,neutral,neutral,neutral,neutral,neutral
1822270799866171704:2,positive,positive,positive,positive,positive
1822270799866171704:3,positive,positive,positive,positive,positive
1817567091719086314:0,negative,strongly_positive,strongly_positive,strongly_positive,negative
1816037276419305971:0,negative,strongly_negative,strongly_negative,strongly_negative,negative
1816037276419305971:1,positive,positive,positive,positive,negative
1812798813133812095:0,positive,positive,strongly_positive,positive,positive
1812798813133812095:1,positive,positive,positive,neutral,neutral
1805131446702759958:0,dont_know,dont_know,neutral,neutral,dont_know
1804006717753299436:0,neutral,neutral,neutral,neutral,neutral
1804006717753299436:1,positive,positive,positive,strongly_positive,positive
1804006717753299436:3,dont_know,neutral,negative,negative,dont_know
1798252913770610880:0,negative,negative,neutral,negative,negative
1798252913770610880:1,dont_know,dont_know,dont_know,dont_know,dont_know
1798001513291506126:0,strongly_positive,strongly_positive,positive,positive,positive
1795320038280573040:0,positive,positive,positive,positive,positive
1792496842934206966:0,negative,negative,strongly_negative,strongly_negative,negative
1792496842934206966:1,neutral,neutral,neutral,neutral,neutral
1792496842934206966:2,negative,negative,negative,negative,negative
1792402611372781814:1,negative,negative,negative,positive,negative
1792402611372781814:2,strongly_negative,negative,strongly_negative,negative,negative
1792402611372781814:3,neutral,neutral,neutral,negative,neutral
1792402611372781814:4,dont_know,dont_know,dont_know,neutral,dont_know
1791056530378510382:0,negative,negative,negative,negative,negative
1791056530378510382:1,strongly_negative,strongly_negative,strongly_negative,strongly_negative,strongly_negative
1790930692328886516:0,negative,negative,neutral,negative,neutral
1790930692328886516:1,negative,negative,dont_know,neutral,neutral
1790930692328886516:2,positive,positive,positive,positive,positive
1790930692328886516:5,positive,positive,positive,positive,positive
1788931884480688380:0,strongly_negative,strongly_negative,strongly_negative,strongly_negative,strongly_negative
1788931884480688380:1,strongly_negative,strongly_negative,strongly_negative,strongly_negative,strongly_negative
1788931884480688380:2,dont_know,dont_know,dont_know,dont_know,dont_know
1785646400958869692:0,positive,positive,positive,neutral,positive
1785646400958869692:1,neutral,neutral,neutral,neutral,neutral
1785646400958869692:2,positive,positive,positive,positive,positive
1785186295926460718:0,strongly_positive,strongly_positive,strongly_positive,strongly_positive,positive
1785186295926460718:1,positive,positive,positive,positive,positive
1785186295926460718:2,positive,positive,strongly_positive,positive,positive
1782616706659270827:0,negative,negative,neutral,neutral,negative
1782616706659270827:1,strongly_negative,strongly_negative,strongly_negative,strongly_negative,negative
1756283060864389131:1,positive,positive,positive,positive,positive
1780223312788169184:1,negative,negative,negative,neutral,negative
1780223312788169184:0,neutral,negative,neutral,neutral,negative
1780223312788169184:4,dont_know,negative,negative,neutral,neutral
1779031040121835773:0,strongly_positive,positive,positive,positive,positive
1778788913106333790:0,positive,positive,positive,positive,positive
1778788913106333790:1,neutral,positive,positive,positive,positive
1778293422329385382:0,strongly_positive,positive,positive,positive,positive
1778293422329385382:1,positive,positive,positive,positive,positive
1778293422329385382:2,positive,positive,positive,positive,neutral
1778293422329385382:3,dont_know,dont_know,dont_know,dont_know,dont_know
1771734395105231017:0,strongly_positive,positive,positive,positive,positive
1771538533620359543:0,positive,neutral,neutral,positive,neutral
1771538533620359543:1,neutral,neutral,neutral,neutral,neutral
1771538533620359543:3,negative,neutral,neutral,negative,neutral
1771538533620359543:2,neutral,neutral,negative,neutral,neutral
1767393996249469246:0,neutral,positive,strongly_negative,strongly_positive,neutral
1767010579288367215:0,positive,positive,strongly_positive,strongly_positive,positive
1767010579288367215:1,strongly_positive,positive,positive,positive,positive
1765998431691313420:0,neutral,neutral,neutral,neutral,neutral
1765998431691313420:2,neutral,neutral,neutral,neutral,neutral
1765998431691313420:3,strongly_positive,strongly_positive,strongly_positive,strongly_positive,positive
1763549331049841122:0,positive,positive,positive,positive,positive
1763549331049841122:1,positive,positive,positive,positive,positive
1762654878277812300:0,strongly_positive,strongly_positive,strongly_positive,strongly_negative,strongly_positive
1762654878277812300:1,strongly_positive,strongly_positive,strongly_positive,strongly_positive,strongly_positive
1762654878277812300:2,strongly_positive,positive,positive,strongly_positive,positive
1762136661801185408:0,negative,negative,negative,negative,negative
1762136661801185408:1,strongly_positive,strongly_positive,strongly_positive,strongly_positive,positive
1762136661801185408:2,positive,neutral,strongly_positive,strongly_positive,negative
1761400589223964805:0,positive,neutral,positive,dont_know,neutral
1761400589223964805:1,positive,positive,positive,strongly_positive,positive
1760216649968636188:0,dont_know,neutral,dont_know,neutral,dont_know
1759411783721537954:0,neutral,neutral,neutral,neutral,neutral
1759411783721537954:1,negative,negative,negative,negative,negative
1758452786340212933:0,positive,strongly_positive,positive,positive,positive
1757602719119147427:0,positive,positive,positive,positive,positive
1757602719119147427:1,strongly_positive,positive,positive,strongly_positive,positive
1757033493748691377:0,neutral,neutral,neutral,neutral,neutral
1757033493748691377:1,neutral,neutral,neutral,neutral,neutral
1756283060864389131:0,positive,positive,positive,positive,positive
1756283060864389131:3,positive,strongly_positive,strongly_positive,strongly_positive,positive
1756172337362469167:0,positive,positive,strongly_positive,positive,positive
1756172337362469167:1,strongly_positive,positive,positive,positive,positive
1752716171038843256:0,positive,positive,positive,neutral,neutral
1752716171038843256:1,positive,positive,positive,neutral,positive
1752716171038843256:2,strongly_positive,strongly_positive,positive,positive,positive
1752173536700190790:0,strongly_positive,strongly_positive,strongly_positive,strongly_positive,positive
1751605229903081512:0,positive,positive,neutral,negative,dont_know
1750912236737163268:0,strongly_positive,strongly_positive,strongly_positive,strongly_positive,strongly_positive
1750912236737163268:1,strongly_positive,strongly_positive,strongly_positive,strongly_positive,strongly_positive
1750383117410726179:0,positive,positive,positive,positive,neutral
1750383117410726179:1,positive,positive,positive,neutral,neutral
1750383117410726179:2,dont_know,dont_know,dont_know,dont_know,dont_know
1749489567135338894:0,negative,negative,neutral,negative,neutral
1749489567135338894:1,positive,neutral,neutral,positive,neutral
1749489567135338894:2,negative,negative,negative,strongly_negative,neutral
1749447904266457382:0,neutral,neutral,neutral,neutral,neutral
1749447904266457382:1,neutral,negative,negative,negative,neutral
1749360495092793808:0,negative,negative,strongly_negative,negative,negative
1749360495092793808:1,negative,negative,neutral,neutral,negative
1749360495092793808:2,neutral,neutral,neutral,neutral,neutral
1749300247996850392:0,negative,negative,strongly_negative,strongly_negative,negative
1749300247996850392:1,neutral,neutral,neutral,neutral,neutral
1749300247996850392:2,neutral,neutral,neutral,strongly_positive,neutral
1749300247996850392:3,negative,negative,neutral,negative,negative
1749300247996850392:4,neutral,neutral,neutral,neutral,neutral
1749300247996850392:5,neutral,neutral,neutral,neutral,dont_know
1746726239543664684:0,strongly_positive,positive,positive,positive,positive
1746726239543664684:1,neutral,neutral,neutral,positive,neutral
1746726239543664684:2,dont_know,dont_know,dont_know,dont_know,dont_know
1745641232653762577:0,strongly_positive,positive,positive,strongly_positive,positive
1743543439214686359:0,strongly_negative,strongly_negative,strongly_negative,strongly_negative,negative
1743543439214686359:1,strongly_negative,strongly_negative,dont_know,strongly_negative,strongly_negative
1742105860430819689:0,positive,positive,neutral,strongly_positive,positive
1742105860430819689:1,positive,positive,positive,strongly_positive,positive
1742105860430819689:2,neutral,neutral,neutral,neutral,neutral
1742105860430819689:3,neutral,neutral,neutral,neutral,neutral
1742105860430819689:4,dont_know,dont_know,dont_know,dont_know,dont_know
1741101006782697895:0,strongly_negative,strongly_negative,strongly_negative,strongly_negative,strongly_negative
1740704589912150082:0,strongly_negative,strongly_negative,strongly_negative,negative,strongly_negative
1740704589912150082:1,strongly_negative,strongly_negative,strongly_negative,strongly_negative,strongly_negative
1740704589912150082:2,strongly_negative,strongly_negative,strongly_negative,strongly_negative,strongly_negative
1740704589912150082:3,dont_know,dont_know,dont_know,dont_know,dont_know
1740247089328906586:0,strongly_negative,strongly_negative,strongly_negative,negative,negative
1740247089328906586:1,neutral,neutral,neutral,strongly_negative,neutral
1740247089328906586:2,dont_know,dont_know,negative,negative,negative
1740237475266826570:0,neutral,neutral,neutral,neutral,neutral
1740237475266826570:1,positive,positive,neutral,neutral,neutral
1739897284819931630:0,negative,negative,neutral,neutral,neutral
1739897284819931630:1,negative,strongly_negative,negative,negative,negative
1738946158943445488:0,neutral,neutral,neutral,neutral,neutral
1738946158943445488:1,neutral,neutral,neutral,neutral,neutral
1738946158943445488:2,negative,negative,negative,negative,negative
1738555965371568239:0,negative,negative,negative,negative,neutral
1738555965371568239:1,negative,negative,strongly_negative,strongly_positive,negative
1738555965371568239:2,negative,negative,strongly_negative,negative,negative
1738555965371568239:3,negative,negative,dont_know,dont_know,negative
1737671276200931449:0,strongly_negative,strongly_negative,strongly_negative,strongly_negative,strongly_negative
1737439424097759727:0,positive,positive,positive,positive,neutral
1737439424097759727:1,neutral,neutral,neutral,strongly_negative,neutral
1737439424097759727:2,neutral,neutral,neutral,neutral,neutral
1737439424097759727:3,dont_know,dont_know,neutral,dont_know,dont_know
1735241718268678471:0,neutral,neutral,neutral,neutral,neutral
1735241718268678471:1,dont_know,positive,positive,positive,neutral
1733001998566297735:1,neutral,neutral,neutral,neutral,neutral
1733001998566297735:2,neutral,neutral,neutral,neutral,neutral
1733001998566297735:3,negative,neutral,negative,neutral,negative
1733001998566297735:4,positive,positive,dont_know,neutral,dont_know
1732257873869328553:0,negative,strongly_negative,strongly_negative,strongly_negative,negative
1732257873869328553:1,strongly_negative,strongly_negative,strongly_negative,strongly_negative,strongly_negative
1731250476132528480:0,strongly_negative,strongly_negative,strongly_negative,strongly_negative,negative
1731250476132528480:1,neutral,neutral,neutral,neutral,neutral
1726420266849571206:0,neutral,neutral,neutral,neutral,neutral
1726420266849571206:1,positive,positive,positive,positive,positive
1726420266849571206:2,neutral,neutral,neutral,negative,neutral
1726078118761570432:0,strongly_positive,positive,positive,strongly_positive,positive
1725515458496065584:0,neutral,negative,positive,positive,neutral
1725515458496065584:1,strongly_positive,positive,strongly_positive,strongly_positive,positive
1725515458496065584:2,dont_know,dont_know,dont_know,dont_know,positive
1724683008769450296:0,positive,positive,positive,strongly_positive,positive
1724343367847567505:0,strongly_positive,strongly_positive,strongly_positive,dont_know,positive
1724343367847567505:1,positive,positive,positive,positive,neutral
1724343367847567505:2,dont_know,dont_know,dont_know,dont_know,dont_know
1724322419341398193:0,negative,strongly_negative,strongly_negative,negative,negative
1724322419341398193:1,neutral,neutral,neutral,neutral,neutral
1724322419341398193:2,dont_know,neutral,dont_know,dont_know,negative
1724012212900217206:0,negative,negative,neutral,negative,negative
1724012212900217206:1,neutral,negative,neutral,neutral,neutral
1724012212900217206:2,neutral,negative,neutral,negative,neutral
1723584486506647790:0,neutral,neutral,neutral,neutral,neutral
1723584486506647790:1,positive,positive,dont_know,strongly_positive,positive
1721887403378610555:0,negative,negative,positive,positive,negative
1721887403378610555:1,strongly_negative,strongly_negative,strongly_negative,negative,negative
1720813717812887572:0,positive,positive,positive,positive,neutral
1720813717812887572:1,positive,positive,positive,positive,neutral
1720813717812887572:2,neutral,neutral,neutral,neutral,dont_know
1720603833611469073:0,negative,strongly_negative,strongly_negative,strongly_negative,negative
1720603833611469073:1,positive,positive,positive,positive,negative
1720371180769878158:0,strongly_positive,strongly_positive,strongly_positive,positive,positive
1720371180769878158:1,positive,positive,positive,positive,positive
1720371180769878158:2,positive,neutral,neutral,neutral,neutral
1716772687262155234:0,strongly_positive,strongly_positive,strongly_positive,strongly_positive,strongly_positive
1716772687262155234:1,strongly_positive,strongly_positive,strongly_positive,strongly_positive,positive
1716700806974763430:0,strongly_positive,strongly_positive,strongly_positive,strongly_positive,positive
1715575985490542740:0,strongly_positive,positive,strongly_positive,strongly_positive,positive
1714839209465569597:0,neutral,neutral,neutral,neutral,neutral
1714839209465569597:1,positive,positive,dont_know,neutral,neutral
1714839209465569597:2,neutral,positive,positive,positive,neutral
1714611861726060598:0,neutral,neutral,neutral,neutral,neutral
1714611861726060598:1,negative,negative,neutral,negative,negative
1714611861726060598:2,positive,positive,positive,positive,positive
1714611861726060598:3,positive,positive,positive,positive,positive
1714312114150760723:0,neutral,neutral,neutral,neutral,neutral
1714312114150760723:1,positive,positive,positive,strongly_positive,positive
1714312114150760723:2,positive,positive,dont_know,dont_know,positive
1713846216608653463:0,positive,positive,positive,positive,positive
1713846216608653463:1,positive,positive,positive,strongly_positive,positive
1713559714712449213:0,positive,positive,neutral,negative,neutral
1713559714712449213:1,positive,positive,negative,strongly_positive,neutral
1713559714712449213:2,neutral,neutral,neutral,neutral,neutral
1713446748881072292:0,positive,positive,positive,strongly_positive,positive
1713446748881072292:1,neutral,neutral,neutral,neutral,neutral
1713446748881072292:2,strongly_positive,positive,strongly_positive,strongly_positive,positive
1713446748881072292:3,positive,positive,positive,positive,positive
1713071917895487601:0,negative,negative,negative,strongly_negative,negative
1713071917895487601:1,positive,positive,positive,strongly_positive,negative
1713071917895487601:2,dont_know,dont_know,dont_know,neutral,negative
1712623366492807679:0,strongly_positive,positive,positive,strongly_positive,positive
1712623366492807679:1,strongly_positive,strongly_positive,strongly_positive,strongly_positive,strongly_positive
1711055048724423090:0,strongly_negative,strongly_negative,strongly_negative,negative,negative
1711055048724423090:1,neutral,neutral,neutral,neutral,negative
1711055048724423090:2,dont_know,neutral,dont_know,neutral,dont_know
1710905115002188079:0,negative,negative,neutral,neutral,neutral
1710905115002188079:1,negative,negative,negative,neutral,negative
1710905115002188079:2,dont_know,dont_know,dont_know,strongly_negative,dont_know
1710572874749407639:0,neutral,neutral,neutral,neutral,neutral
1710572874749407639:1,strongly_positive,strongly_positive,strongly_positive,strongly_positive,negative
1710572874749407639:2,positive,positive,negative,negative,negative
1710572874749407639:3,negative,negative,strongly_negative,negative,negative
1709540034796515629:0,neutral,neutral,neutral,negative,neutral
1709540034796515629:1,neutral,neutral,neutral,positive,neutral
1709540034796515629:2,positive,positive,positive,strongly_positive,neutral
1709540034796515629:3,positive,positive,positive,neutral,positive
1709201580782977279:0,neutral,neutral,neutral,negative,neutral
1709201580782977279:1,neutral,neutral,neutral,positive,neutral
1709201580782977279:2,neutral,positive,positive,positive,neutral
1709064803237745146:1,strongly_positive,strongly_positive,positive,positive,strongly_positive
1709064803237745146:2,strongly_positive,strongly_positive,strongly_positive,strongly_positive,positive
1709064803237745146:0,strongly_positive,strongly_positive,strongly_positive,strongly_positive,positive
1708350397264560319:0,strongly_negative,strongly_negative,strongly_negative,strongly_negative,negative
1708350397264560319:1,negative,negative,strongly_negative,negative,negative
1708350397264560319:2,neutral,neutral,neutral,neutral,neutral
1707604927668002944:0,negative,negative,positive,positive,negative
1707604927668002944:1,negative,negative,negative,strongly_positive,negative
1707604927668002944:3,negative,negative,negative,strongly_negative,negative
1707227027542343715:0,neutral,neutral,neutral,neutral,neutral
1707227027542343715:1,strongly_positive,strongly_positive,strongly_positive,strongly_positive,strongly_positive
1707227027542343715:2,positive,strongly_positive,positive,positive,positive
1705788446353346695:0,strongly_positive,positive,strongly_positive,positive,positive
1705788446353346695:1,positive,positive,positive,positive,positive
1705788446353346695:2,positive,positive,positive,positive,positive
1704333937835733207:0,positive,positive,positive,positive,positive
1704333937835733207:1,neutral,neutral,neutral,neutral,neutral
1704333937835733207:2,negative,negative,negative,negative,negative
1704333937835733207:3,dont_know,dont_know,dont_know,dont_know,dont_know
1703618508930887975:0,strongly_positive,positive,strongly_positive,strongly_positive,positive
1703618508930887975:1,positive,positive,positive,positive,positive
1702326872267432045:0,strongly_positive,positive,positive,strongly_positive,positive
1702326872267432045:1,positive,positive,positive,positive,positive
1702241547817988441:0,strongly_negative,strongly_negative,strongly_negative,strongly_negative,strongly_negative
1702241547817988441:1,neutral,negative,negative,negative,neutral
1702241547817988441:2,negative,strongly_negative,negative,strongly_negative,negative
1702241547817988441:3,strongly_negative,strongly_negative,strongly_negative,strongly_negative,strongly_negative
1702241547817988441:4,dont_know,dont_know,dont_know,dont_know,dont_know
1701411496218304664:0,negative,strongly_negative,strongly_negative,negative,negative
1701411496218304664:1,positive,neutral,strongly_positive,neutral,negative
1697126617800413644:0,positive,positive,positive,positive,positive
1696915174345609430:0,positive,neutral,neutral,neutral,neutral
1696915174345609430:1,neutral,neutral,neutral,neutral,neutral
1696915174345609430:2,positive,positive,positive,neutral,positive
1696915174345609430:3,positive,positive,positive,positive,positive
1696752187534381307:0,neutral,neutral,neutral,neutral,neutral
1696752187534381307:1,positive,positive,positive,strongly_positive,positive
1695825227257929817:0,positive,positive,positive,positive,positive
1694677214523187232:0,neutral,neutral,neutral,neutral,neutral
1694677214523187232:1,positive,positive,positive,positive,neutral
1693128504442044805:0,negative,negative,strongly_negative,strongly_negative,negative
1693128504442044805:1,negative,negative,strongly_negative,negative,negative
1693128504442044805:2,negative,strongly_negative,strongly_negative,strongly_negative,strongly_negative
1690293475579703296:0,positive,positive,positive,positive,positive
1689912877757636608:0,neutral,neutral,neutral,positive,neutral
1689912877757636608:1,neutral,neutral,neutral,negative,neutral
1688503669933940736:0,strongly_negative,strongly_negative,negative,negative,negative
1688503669933940736:1,neutral,neutral,neutral,neutral,neutral
1688503669933940736:2,neutral,neutral,neutral,neutral,neutral
1688503669933940736:3,strongly_negative,strongly_negative,strongly_negative,negative,strongly_negative
1688057380502994944:0,negative,negative,negative,neutral,negative
1688057380502994944:2,positive,positive,positive,neutral,positive
1688057380502994944:3,dont_know,dont_know,negative,negative,positive
1688057380502994944:4,positive,positive,positive,positive,neutral
1688057380502994944:5,negative,negative,negative,negative,negative
1686623476764024832:0,positive,positive,positive,strongly_positive,positive
1686623476764024832:1,positive,neutral,neutral,negative,positive
1686623476764024832:2,positive,neutral,neutral,neutral,neutral
1686389779683049475:0,neutral,neutral,neutral,neutral,neutral
1686389779683049475:1,positive,positive,positive,strongly_negative,positive
1686389779683049475:2,dont_know,positive,positive,neutral,dont_know
1682033517809770497:0,positive,neutral,positive,positive,positive
1682033517809770497:1,strongly_positive,strongly_positive,strongly_positive,strongly_positive,strongly_positive
1682033517809770497:2,dont_know,dont_know,dont_know,dont_know,dont_know
1681505633865175040:0,negative,negative,neutral,negative,neutral
1681505633865175040:1,negative,strongly_negative,strongly_negative,strongly_negative,negative
1680607179185827840:0,strongly_positive,strongly_positive,strongly_positive,strongly_positive,strongly_positive
1680607179185827840:1,positive,positive,positive,neutral,positive
1680607179185827840:2,neutral,neutral,neutral,neutral,positive
1680607179185827840:3,positive,positive,positive,positive,positive
1678996974241202179:0,neutral,negative,strongly_negative,strongly_negative,negative
1678795612278644738:0,negative,strongly_negative,negative,negative,negative
1675693352275296256:0,strongly_positive,strongly_positive,strongly_positive,strongly_positive,strongly_positive
1674620717776904192:0,positive,positive,positive,positive,positive
1674620717776904192:1,neutral,neutral,neutral,positive,neutral
1674620717776904192:2,negative,negative,negative,negative,negative
1674620717776904192:3,negative,negative,negative,strongly_negative,negative
1674246160880668673:0,strongly_positive,positive,positive,positive,positive
1674246160880668673:1,positive,positive,positive,positive,positive
1670729107255218180:0,strongly_positive,strongly_positive,positive,negative,strongly_positive
1670729107255218180:2,strongly_positive,strongly_positive,strongly_positive,strongly_positive,strongly_positive
1670017064675995655:0,neutral,neutral,neutral,neutral,neutral
1670017064675995655:1,neutral,neutral,positive,neutral,neutral
1664244504449400832:0,negative,negative,positive,strongly_positive,negative
1664244504449400832:1,neutral,neutral,neutral,neutral,neutral
1663815981347803136:0,strongly_negative,strongly_negative,strongly_negative,strongly_negative,strongly_negative
1663005568385310720:0,positive,positive,positive,positive,negative
1661600098961465346:0,negative,negative,neutral,neutral,negative
1661600098961465346:1,strongly_negative,strongly_negative,neutral,negative,negative
1661600098961465346:2,positive,negative,neutral,neutral,negative
1656872547517087744:0,strongly_positive,strongly_positive,strongly_positive,positive,positive
1656157974736560128:0,strongly_positive,strongly_positive,strongly_positive,strongly_positive,strongly_positive
1656145439052398592:0,strongly_negative,strongly_negative,strongly_negative,strongly_negative,strongly_negative
1653375453737140224:0,negative,strongly_negative,strongly_negative,positive,negative
1653300856266297344:0,strongly_positive,strongly_positive,positive,positive,strongly_positive
1653300856266297344:1,positive,positive,positive,neutral,positive
1652908814218444802:0,positive,positive,positive,positive,positive
1652908814218444802:1,positive,positive,positive,neutral,neutral
1652908814218444802:2,positive,positive,positive,positive,positive
1651044116732727296:1,positive,positive,neutral,neutral,neutral
1651044116732727296:2,neutral,neutral,negative,negative,neutral
1651044116732727296:3,positive,positive,positive,positive,positive
1650716679297712130:0,strongly_positive,strongly_positive,positive,positive,positive
1650716679297712130:1,positive,positive,positive,neutral,positive
1650385951380873216:0,negative,negative,negative,negative,negative
1649951952011415554:0,neutral,neutral,neutral,neutral,neutral
1649951952011415554:1,strongly_positive,positive,neutral,negative,neutral
1649951952011415554:2,strongly_negative,strongly_negative,strongly_negative,strongly_negative,strongly_negative
1649113863437291520:0,strongly_positive,positive,positive,positive,neutral
1648887851998912513:1,neutral,neutral,neutral,strongly_negative,neutral
1648887851998912513:2,neutral,neutral,neutral,neutral,neutral
1648887851998912513:3,positive,positive,positive,neutral,positive
1648887851998912513:4,neutral,neutral,neutral,neutral,neutral
1648887851998912513:5,neutral,neutral,dont_know,neutral,neutral
1648293851520700418:0,positive,positive,positive,strongly_positive,positive
1648293851520700418:1,strongly_negative,strongly_negative,strongly_negative,strongly_positive,negative
1648293851520700418:2,strongly_positive,strongly_positive,strongly_negative,strongly_positive,strongly_positive
1647906976142331904:0,negative,negative,negative,negative,negative
1647906976142331904:2,positive,positive,positive,positive,neutral
1647906976142331904:3,negative,negative,negative,positive,negative
1646741477362651136:1,strongly_positive,positive,positive,strongly_negative,positive
1646419214738272258:0,neutral,neutral,dont_know,dont_know,neutral
1646357674874007552:0,negative,strongly_negative,strongly_negative,negative,negative
1646357674874007552:3,positive,positive,positive,strongly_negative,dont_know
1645118511881281536:0,strongly_positive,strongly_positive,strongly_negative,strongly_negative,positive
1645118511881281536:1,strongly_negative,strongly_negative,strongly_negative,negative,negative
1645118511881281536:2,strongly_negative,strongly_negative,strongly_negative,strongly_positive,negative
1644236012460339200:0,neutral,neutral,dont_know,dont_know,neutral
1641809140266987522:0,neutral,neutral,neutral,neutral,neutral
1641475939338170370:0,strongly_positive,strongly_positive,strongly_positive,strongly_positive,positive
1641475939338170370:1,negative,strongly_negative,negative,negative,positive
1639104043313405952:0,neutral,positive,strongly_positive,strongly_positive,negative
1636711973688868871:0,strongly_positive,strongly_positive,strongly_positive,strongly_positive,positive
1636338833385209857:1,strongly_positive,strongly_positive,strongly_positive,positive,strongly_positive
1634941830897999873:0,strongly_positive,strongly_positive,positive,positive,positive
1633795150890799104:0,strongly_positive,strongly_positive,strongly_positive,strongly_positive,positive
1633795150890799104:1,positive,strongly_positive,positive,strongly_positive,positive
1633416761453449218:0,strongly_positive,positive,positive,strongly_positive,positive
1632635540570001408:0,positive,positive,positive,strongly_positive,positive
1626068958620319744:0,strongly_positive,strongly_positive,positive,positive,positive
1626068958620319744:1,positive,positive,positive,positive,neutral
1626068958620319744:2,positive,positive,positive,positive,positive
1622099336107630592:0,neutral,neutral,neutral,neutral,neutral
1622099336107630592:1,neutral,neutral,neutral,neutral,neutral
1622099336107630592:2,neutral,neutral,neutral,strongly_positive,neutral
1622099336107630592:3,neutral,neutral,negative,negative,neutral
1621049425660637185:0,negative,negative,strongly_negative,neutral,negative
1621049425660637185:1,negative,negative,neutral,strongly_negative,negative
1618100678643322887:0,strongly_negative,strongly_negative,strongly_negative,strongly_negative,strongly_negative
1617001399975542786:0,strongly_positive,positive,positive,strongly_positive,positive
1617001399975542786:1,strongly_positive,positive,positive,strongly_positive,positive
1616842119867674624:0,strongly_positive,strongly_positive,strongly_positive,strongly_positive,strongly_positive
1616628034773340166:0,positive,positive,positive,strongly_negative,positive
1614661844224061442:0,positive,positive,positive,positive,positive
1614450473989472256:0,positive,positive,positive,strongly_positive,positive
1613047492723216384:0,strongly_positive,positive,positive,positive,positive
1611367706116358146:0,positive,positive,positive,positive,positive
1611367706116358146:1,neutral,neutral,neutral,neutral,neutral
1608806950824972294:0,positive,positive,positive,positive,positive
1604536652139220993:0,strongly_positive,strongly_positive,positive,strongly_positive,strongly_positive
1601986176180944897:0,strongly_negative,strongly_negative,strongly_negative,strongly_negative,strongly_negative
1601986176180944897:1,strongly_negative,strongly_negative,strongly_negative,strongly_negative,strongly_negative
1599655219193090048:0,positive,positive,positive,positive,positive
1599655219193090048:1,positive,neutral,positive,neutral,neutral
1599655219193090048:2,strongly_negative,strongly_negative,strongly_negative,negative,negative
1598679185438146560:0,positive,positive,positive,positive,strongly_positive
1598198475472371713:0,positive,positive,neutral,negative,positive
1598198475472371713:1,positive,positive,strongly_negative,positive,positive
1597268516528611330:0,positive,positive,positive,positive,positive
1597268516528611330:1,positive,positive,positive,positive,positive
1597268516528611330:2,positive,positive,positive,neutral,neutral
1595611291334643712:0,positive,positive,neutral,neutral,positive
1595611291334643712:1,strongly_positive,strongly_positive,strongly_positive,strongly_positive,positive
1595349387206873088:0,positive,positive,neutral,neutral,positive
1595349387206873088:1,strongly_positive,strongly_positive,strongly_positive,strongly_positive,positive
1595257999660310528:0,positive,positive,neutral,neutral,positive
1595257999660310528:1,strongly_positive,strongly_positive,strongly_positive,positive,positive
1595254221972332545:0,positive,positive,neutral,neutral,positive
1595254221972332545:1,strongly_positive,strongly_positive,strongly_positive,positive,positive
1595240206919438337:0,strongly_positive,strongly_positive,strongly_positive,strongly_positive,positive
1590192483845419008:0,negative,negative,strongly_negative,strongly_negative,negative
1590192483845419008:1,neutral,neutral,neutral,negative,neutral
1588898594266165249:0,neutral,neutral,neutral,neutral,neutral
1588898594266165249:1,strongly_positive,strongly_positive,strongly_positive,strongly_positive,positive
1588098631521165313:0,positive,neutral,neutral,neutral,neutral
1588098631521165313:1,positive,positive,neutral,negative,neutral
1588098631521165313:2,neutral,neutral,neutral,neutral,neutral
1587744553288990721:0,neutral,neutral,neutral,neutral,neutral
1587744553288990721:1,positive,positive,strongly_positive,positive,positive
1586550321186504704:0,positive,positive,positive,positive,positive
1586550321186504704:1,positive,positive,positive,positive,positive
1586550321186504704:2,positive,positive,positive,positive,positive
1585144045181206529:0,strongly_positive,positive,strongly_positive,strongly_positive,positive
1584053992174542848:0,negative,strongly_negative,strongly_negative,strongly_negative,negative
1581484408322035712:0,strongly_positive,strongly_positive,strongly_positive,strongly_positive,positive
1579042246435168258:0,negative,strongly_negative,strongly_negative,negative,negative
1579042246435168258:1,strongly_positive,strongly_positive,strongly_positive,strongly_positive,positive
1577174871137980416:0,strongly_positive,positive,strongly_positive,strongly_positive,positive
1577174871137980416:1,strongly_positive,positive,positive,positive,positive
1577174871137980416:2,positive,positive,positive,positive,positive
1576113320708345857:0,positive,positive,dont_know,strongly_positive,positive
1576113320708345857:1,strongly_positive,strongly_positive,positive,positive,positive
1575834209222295552:0,positive,positive,positive,neutral,positive
1575393676125405185:0,neutral,neutral,neutral,neutral,neutral
1575393676125405185:1,neutral,neutral,neutral,neutral,neutral
1571821935872602118:0,positive,negative,negative,positive,negative
1571148412543979520:0,positive,positive,positive,positive,positive
1570962727354658817:0,positive,positive,positive,positive,positive
1570778776178692096:0,strongly_positive,strongly_positive,strongly_positive,strongly_positive,strongly_positive
1570385167256256512:0,positive,positive,positive,positive,positive
1568086740304560129:0,positive,positive,positive,positive,positive
1567879583101485056:0,positive,positive,positive,positive,positive
1563121370619584512:0,positive,positive,positive,strongly_positive,positive
1562830426036908032:0,neutral,neutral,neutral,strongly_positive,neutral
1561366731725361152:0,positive,positive,positive,positive,positive
1561366731725361152:1,strongly_positive,strongly_positive,strongly_positive,strongly_positive,strongly_positive
1561033321081356288:0,positive,neutral,positive,positive,neutral
1561033321081356288:2,positive,positive,strongly_positive,strongly_positive,negative
1559135434290397184:0,positive,positive,positive,neutral,positive
1559135434290397184:1,positive,positive,positive,positive,positive
1559135434290397184:2,positive,positive,dont_know,dont_know,positive
1557655338588839936:0,positive,positive,positive,positive,positive
1557655338588839936:1,positive,positive,positive,positive,positive
1556940722040737792:0,neutral,neutral,neutral,negative,neutral
1556940722040737792:1,negative,negative,negative,strongly_negative,negative
1555596513837187072:0,positive,positive,neutral,neutral,positive
1555596513837187072:1,strongly_positive,positive,positive,neutral,strongly_positive
1555596513837187072:2,strongly_positive,strongly_positive,positive,neutral,strongly_positive
1554669478587568128:0,positive,negative,positive,strongly_positive,negative
1554405474371780608:0,strongly_positive,strongly_positive,strongly_positive,strongly_positive,strongly_positive
1554405474371780608:1,strongly_positive,positive,positive,strongly_positive,strongly_positive
1551230708433448965:0,neutral,neutral,neutral,neutral,neutral
1550371404209500160:0,positive,positive,positive,positive,positive
1550371404209500160:1,positive,neutral,positive,dont_know,neutral
1550371404209500160:2,positive,positive,positive,strongly_positive,positive
1550125560466411520:0,positive,positive,strongly_positive,strongly_positive,positive
1550125560466411520:1,neutral,neutral,neutral,neutral,neutral
1549353815547121666:0,positive,positive,positive,strongly_positive,positive
1549353815547121666:1,positive,neutral,positive,neutral,neutral
1549353815547121666:2,neutral,neutral,neutral,neutral,neutral
1547605857839763456:0,neutral,neutral,neutral,neutral,neutral
1547605857839763456:1,positive,strongly_positive,positive,positive,positive
1547605857839763456:2,positive,positive,positive,positive,positive
1547605857839763456:3,neutral,neutral,neutral,neutral,neutral
1546008328857198592:0,strongly_positive,positive,positive,positive,positive
1546005182516867073:0,strongly_positive,positive,positive,strongly_positive,positive
1544635159181676544:0,neutral,neutral,neutral,neutral,neutral
1544635159181676544:1,dont_know,dont_know,neutral,neutral,dont_know
1544357037739388928:0,positive,positive,positive,positive,positive
1544357037739388928:1,positive,positive,positive,positive,positive
1544357037739388928:2,neutral,neutral,neutral,neutral,neutral
1542882573033938944:0,positive,positive,positive,strongly_positive,positive
1542882573033938944:1,positive,positive,positive,positive,positive
1542058496199659521:0,positive,positive,positive,strongly_negative,neutral
1542058496199659521:1,positive,positive,positive,neutral,neutral
1542058496199659521:2,negative,strongly_negative,negative,strongly_negative,negative
1542058496199659521:3,positive,neutral,neutral,neutral,neutral
1542058496199659521:4,positive,positive,positive,strongly_negative,positive
1540260549686349824:0,dont_know,dont_know,dont_know,dont_know,neutral
1539938286637965312:0,neutral,neutral,neutral,neutral,neutral
1539938286637965312:1,positive,positive,neutral,neutral,neutral
1539938286637965312:2,neutral,neutral,neutral,negative,neutral
1537493637441146882:0,positive,neutral,positive,neutral,neutral
1537493637441146882:1,neutral,neutral,neutral,positive,neutral
1537493637441146882:2,neutral,neutral,neutral,neutral,neutral
1537368740261957632:0,positive,neutral,positive,neutral,neutral
1536765050144161792:0,neutral,neutral,strongly_negative,neutral,neutral
1536038589058138113:0,neutral,neutral,neutral,neutral,neutral
1534952238736904192:0,neutral,neutral,strongly_negative,strongly_negative,neutral
1534238386776465408:0,neutral,negative,strongly_negative,strongly_negative,neutral
1533500926438219777:0,neutral,negative,dont_know,strongly_negative,neutral
1531688389119922176:0,negative,negative,negative,negative,negative
1531688389119922176:1,negative,negative,strongly_negative,strongly_negative,negative
1530965419305054209:0,neutral,neutral,neutral,neutral,neutral
1530965419305054209:1,neutral,neutral,neutral,negative,neutral
1530965419305054209:2,neutral,neutral,neutral,neutral,neutral
1530047578402082816:0,positive,neutral,positive,neutral,positive
1530047578402082816:1,positive,positive,positive,strongly_negative,positive
1530047578402082816:2,positive,positive,positive,negative,positive
1530047578402082816:3,positive,positive,positive,positive,positive
1529877163897262085:0,positive,positive,strongly_positive,strongly_negative,strongly_positive
1529877163897262085:1,positive,positive,positive,neutral,positive
1529161109449498624:0,neutral,negative,negative,negative,neutral
1529161109449498624:1,neutral,neutral,neutral,neutral,neutral
1529161109449498624:2,neutral,neutral,neutral,neutral,neutral
1528428427828940800:0,neutral,neutral,neutral,strongly_negative,neutral
1528428427828940800:1,neutral,neutral,strongly_negative,strongly_negative,neutral
1527532317396197377:0,neutral,neutral,neutral,strongly_negative,neutral
1527342257569169408:0,neutral,neutral,dont_know,negative,neutral
1526617867445469184:0,neutral,neutral,neutral,negative,neutral
1526080560812044288:0,neutral,neutral,neutral,dont_know,neutral
1525888846227193856:0,neutral,neutral,neutral,neutral,neutral
1525078925831176193:0,neutral,neutral,dont_know,neutral,neutral
1524931056478351360:0,positive,neutral,neutral,neutral,neutral
1524931056478351360:1,neutral,neutral,neutral,neutral,neutral
1524803227946201088:0,neutral,neutral,neutral,neutral,neutral
1524803227946201088:1,neutral,neutral,neutral,neutral,neutral
1524792301297758208:0,neutral,neutral,dont_know,dont_know,neutral
1524079740113461248:0,neutral,positive,neutral,neutral,neutral
1524079740113461248:1,positive,positive,positive,negative,positive
1523354130496258048:0,negative,negative,negative,negative,negative
1523354130496258048:1,neutral,neutral,neutral,neutral,neutral
1523354130496258048:2,positive,positive,positive,neutral,positive
1522268273735512067:0,strongly_negative,strongly_negative,strongly_negative,strongly_negative,neutral
1521541730147143680:0,strongly_negative,strongly_negative,strongly_negative,strongly_negative,neutral
1520815122595577856:0,negative,negative,strongly_negative,strongly_negative,negative
1520815122595577856:1,neutral,neutral,strongly_negative,dont_know,neutral
1519732251705376768:0,neutral,neutral,neutral,negative,neutral
1519732251705376768:1,neutral,negative,dont_know,negative,neutral
1519001535824367616:0,neutral,negative,neutral,neutral,neutral
1518864863036338177:0,positive,positive,positive,negative,neutral
1518278041503698944:0,neutral,neutral,positive,positive,neutral
1518278041503698944:1,neutral,neutral,neutral,neutral,neutral
1517194904853639168:0,positive,positive,positive,positive,neutral
1516466982417465344:0,negative,strongly_negative,strongly_negative,strongly_negative,negative
1516466982417465344:1,negative,negative,strongly_negative,negative,negative
1516385254990237697:0,neutral,neutral,neutral,neutral,neutral
1516385254990237697:1,neutral,dont_know,dont_know,dont_know,neutral
1515747914630709250:0,neutral,neutral,dont_know,negative,neutral
1515747914630709250:1,neutral,neutral,neutral,neutral,neutral
1515747914630709250:2,neutral,neutral,neutral,neutral,neutral
1514654166555443203:0,positive,positive,positive,strongly_negative,positive
1514582519131553796:0,strongly_positive,strongly_positive,strongly_positive,strongly_positive,strongly_positive
1514582519131553796:1,dont_know,dont_know,dont_know,dont_know,neutral
1514261577930711043:0,strongly_positive,strongly_positive,strongly_positive,strongly_positive,strongly_positive
1514261577930711043:1,positive,positive,positive,positive,positive
1513207762175803392:0,strongly_negative,negative,strongly_negative,negative,neutral
1513207762175803392:1,negative,negative,neutral,neutral,negative
1512121225463877633:0,strongly_negative,strongly_negative,strongly_negative,strongly_negative,strongly_negative
1512121225463877633:1,negative,negative,negative,negative,neutral
1512025672037781504:0,strongly_negative,strongly_negative,strongly_negative,strongly_negative,negative
1511395339299094530:0,neutral,neutral,neutral,positive,neutral
1511395339299094530:1,neutral,negative,negative,negative,neutral
1510670458680938507:0,strongly_negative,strongly_negative,strongly_negative,strongly_negative,strongly_negative
1506319678066479105:0,positive,positive,neutral,neutral,positive
1506319678066479105:1,positive,positive,strongly_positive,strongly_positive,positive
1506154188002447365:0,positive,positive,strongly_positive,strongly_positive,negative
1506154188002447365:1,negative,strongly_negative,strongly_negative,strongly_negative,negative
1506154188002447365:2,positive,positive,positive,negative,negative
1504347255637422082:0,strongly_positive,positive,positive,positive,positive
1504347255637422082:1,positive,positive,positive,positive,positive
1499444157328531456:0,neutral,neutral,neutral,neutral,neutral
1499444157328531456:1,neutral,neutral,neutral,negative,neutral
1499444157328531456:2,neutral,neutral,dont_know,dont_know,neutral
1499290553447436288:0,strongly_positive,positive,positive,strongly_positive,positive
1498576199404363776:0,positive,neutral,dont_know,dont_know,neutral
1498576199404363776:1,strongly_positive,strongly_positive,strongly_positive,strongly_positive,positive
1496173162685505536:1,neutral,neutral,dont_know,negative,neutral
1496173162685505536:2,neutral,neutral,neutral,neutral,neutral
1496057366235992066:0,positive,positive,positive,positive,positive
1496057366235992066:1,positive,positive,positive,positive,positive
1494950476882018304:0,strongly_positive,strongly_positive,strongly_positive,strongly_positive,positive
1493638451232604164:0,neutral,neutral,neutral,neutral,neutral
1493638451232604164:1,neutral,neutral,strongly_negative,strongly_negative,neutral
1490244142148222978:0,positive,positive,dont_know,strongly_positive,positive
1490061804717834240:0,strongly_positive,strongly_positive,strongly_positive,neutral,positive
1489945464686673921:0,strongly_positive,strongly_positive,positive,strongly_positive,positive
1510670458680938507:1,neutral,neutral,neutral,neutral,neutral
1509582349997989912:0,neutral,neutral,neutral,neutral,negative
1509582349997989912:1,neutral,neutral,strongly_negative,negative,neutral
1509582349997989912:2,neutral,negative,strongly_negative,strongly_negative,neutral
1508859840768385024:0,negative,negative,negative,neutral,negative
1508135127074844672:0,strongly_negative,strongly_negative,strongly_negative,strongly_negative,strongly_negative
1507044760082472962:0,neutral,neutral,dont_know,negative,neutral
1506319678066479105:2,neutral,negative,strongly_negative,strongly_negative,neutral
1505599486780796929:0,negative,strongly_negative,strongly_negative,strongly_negative,negative
1504533335913099290:0,neutral,neutral,dont_know,neutral,neutral
1503789591916314626:0,strongly_negative,strongly_negative,strongly_negative,strongly_negative,strongly_negative
1503059126162980865:0,neutral,neutral,positive,negative,neutral
1503059126162980865:1,neutral,neutral,neutral,neutral,neutral
1503059126162980865:2,negative,negative,dont_know,dont_know,neutral
1501970722058809345:0,neutral,neutral,neutral,strongly_positive,neutral
1501602322933501953:0,dont_know,negative,strongly_negative,neutral,negative
1501248052757078016:0,neutral,neutral,strongly_negative,negative,neutral
1501248052757078016:1,neutral,neutral,neutral,negative,neutral
1500523182297550851:0,neutral,strongly_negative,strongly_negative,strongly_negative,negative
1498713846344990721:0,strongly_negative,strongly_negative,strongly_negative,strongly_negative,negative
1498713846344990721:1,strongly_negative,strongly_negative,strongly_negative,strongly_negative,strongly_negative
1497989080704905216:0,neutral,neutral,neutral,neutral,neutral
1496896135457218572:0,neutral,neutral,neutral,neutral,neutral
1496896135457218572:1,neutral,neutral,neutral,neutral,neutral
1496896135457218572:2,neutral,neutral,neutral,neutral,neutral
1496173162685505536:0,negative,negative,strongly_negative,strongly_negative,negative
1495453123485532164:0,strongly_negative,strongly_negative,strongly_negative,strongly_negative,strongly_negative
1494365906419343393:0,neutral,negative,strongly_negative,neutral,negative
1493638451232604164:2,neutral,neutral,dont_know,neutral,neutral
1492912797809733640:0,neutral,neutral,neutral,neutral,neutral
1492912797809733640:1,neutral,neutral,neutral,neutral,neutral
1492912797809733640:2,strongly_negative,strongly_negative,strongly_negative,strongly_negative,negative
1492737452322091010:0,neutral,neutral,neutral,neutral,neutral
1492363703668248583:0,neutral,neutral,neutral,negative,neutral
1492119410378940416:0,neutral,neutral,neutral,negative,neutral
1491829897719091200:0,neutral,negative,negative,negative,neutral
1491104299300327424:0,strongly_negative,strongly_negative,strongly_negative,strongly_negative,strongly_negative
1490377861668081667:0,neutral,neutral,strongly_negative,negative,neutral
1489945464686673921:1,neutral,neutral,dont_know,neutral,neutral
1489291267930345473:0,neutral,neutral,neutral,neutral,neutral
1489291267930345473:1,neutral,neutral,negative,negative,neutral
1488567505794711554:0,negative,strongly_negative,strongly_negative,strongly_negative,negative
1488514517864976392:0,neutral,neutral,neutral,negative,neutral
1487839697569476616:0,neutral,neutral,neutral,neutral,neutral
1487839697569476616:1,neutral,neutral,neutral,neutral,neutral
1487300297617645569:0,neutral,positive,positive,strongly_positive,positive
1486755906666700802:0,strongly_negative,strongly_negative,strongly_negative,strongly_negative,neutral
1486755906666700802:1,negative,negative,strongly_negative,strongly_negative,negative
1486025580290080769:0,strongly_negative,strongly_negative,strongly_negative,strongly_negative,negative
1486025580290080769:1,negative,negative,strongly_negative,negative,negative
1485300072883441667:0,negative,negative,strongly_negative,strongly_negative,negative
1485300072883441667:1,strongly_negative,strongly_negative,dont_know,negative,negative
1484425991770755077:0,negative,strongly_negative,strongly_negative,strongly_negative,strongly_negative
1484425991770755077:1,negative,strongly_negative,strongly_negative,strongly_negative,negative
1484215639422435328:0,strongly_negative,strongly_negative,strongly_negative,strongly_negative,negative
1483797640718721028:0,positive,strongly_positive,positive,positive,positive
1483797640718721028:1,neutral,neutral,positive,neutral,neutral
1483494854697308160:0,negative,strongly_negative,strongly_negative,negative,negative
1482763793994498050:0,neutral,neutral,neutral,negative,neutral
1482763793994498050:1,neutral,neutral,neutral,neutral,neutral
1481585068108054535:0,neutral,dont_know,negative,negative,neutral
1481585068108054535:1,neutral,neutral,neutral,positive,neutral
1481585068108054535:2,neutral,neutral,neutral,neutral,neutral
1481585068108054535:3,dont_know,dont_know,dont_know,dont_know,neutral
1480951474930651140:0,strongly_negative,negative,strongly_negative,positive,negative
1480897059091673088:0,negative,strongly_negative,strongly_negative,strongly_negative,negative
1480897059091673088:1,neutral,neutral,dont_know,dont_know,neutral
1480874576380715008:0,positive,positive,positive,positive,neutral
1480741001547243520:0,strongly_positive,strongly_positive,strongly_positive,strongly_positive,positive
1480587023584874496:0,neutral,neutral,neutral,neutral,neutral
1480587023584874496:1,neutral,neutral,neutral,neutral,neutral
1480587023584874496:2,neutral,neutral,neutral,neutral,neutral
1480503466258698242:0,strongly_positive,strongly_positive,strongly_positive,positive,positive
1480503466258698242:1,strongly_positive,strongly_positive,strongly_positive,strongly_positive,strongly_positive
1480503466258698242:2,neutral,neutral,positive,neutral,neutral
1480242688838361091:0,negative,negative,strongly_positive,strongly_negative,neutral
1480242688838361091:1,strongly_positive,strongly_positive,strongly_positive,positive,positive
1479140313637679104:0,strongly_negative,strongly_negative,strongly_negative,strongly_negative,negative
1479060710856413186:0,strongly_negative,strongly_negative,strongly_negative,negative,negative
1478417174155132928:0,strongly_positive,strongly_positive,strongly_positive,strongly_positive,positive
1478417174155132928:1,strongly_negative,strongly_negative,strongly_negative,strongly_negative,negative
1477691891424448515:0,neutral,neutral,strongly_negative,strongly_negative,negative
1477176310405369856:0,positive,positive,positive,strongly_positive,positive
1476612363088367630:0,neutral,negative,negative,negative,negative
1476180338825056257:0,strongly_negative,negative,strongly_negative,strongly_negative,negative
1475892797660037121:0,neutral,strongly_negative,strongly_negative,strongly_negative,negative
1475451491389345796:0,negative,negative,neutral,negative,neutral
1475451491389345796:1,positive,positive,positive,positive,positive
1475451491389345796:2,neutral,neutral,positive,neutral,neutral
1475155321903464450:0,negative,strongly_negative,strongly_negative,strongly_negative,negative
1474950423953948672:0,negative,negative,negative,neutral,negative
1474070223909113859:0,strongly_negative,strongly_negative,strongly_negative,strongly_negative,strongly_negative
1473342780072099845:0,positive,strongly_positive,strongly_positive,strongly_positive,positive
1473342780072099845:1,neutral,neutral,neutral,negative,neutral
1473342780072099845:2,negative,negative,strongly_negative,neutral,negative
1472617170014113796:0,neutral,neutral,neutral,negative,negative
1471529809981235203:0,neutral,neutral,dont_know,neutral,neutral
1470807412915392513:0,neutral,negative,dont_know,negative,negative
1470579137156829186:0,neutral,neutral,neutral,neutral,neutral
1470086131580502023:0,negative,negative,strongly_negative,strongly_negative,negative
1468994655584862210:0,strongly_negative,strongly_negative,strongly_negative,strongly_negative,strongly_negative
1468268464171192322:0,neutral,neutral,neutral,neutral,neutral
1468268464171192322:1,neutral,neutral,neutral,positive,neutral
1468268464171192322:2,neutral,neutral,neutral,neutral,neutral
1467683896183574532:0,negative,strongly_negative,strongly_negative,strongly_negative,negative
1467557796291887105:0,neutral,negative,strongly_positive,strongly_negative,negative
1466458330046484482:0,neutral,neutral,negative,negative,neutral
1466458330046484482:1,positive,positive,positive,positive,neutral
1465735987758309390:0,strongly_negative,strongly_negative,negative,negative,negative
1465735987758309390:1,strongly_negative,strongly_negative,strongly_negative,strongly_negative,strongly_negative
1465013110905851906:0,neutral,neutral,neutral,negative,neutral
1465013110905851906:1,neutral,neutral,negative,negative,negative
1463923462494318594:0,neutral,negative,strongly_negative,strongly_negative,negative
1463199244181929987:0,strongly_negative,strongly_negative,strongly_negative,strongly_negative,negative
1463199244181929987:1,negative,negative,strongly_negative,dont_know,negative
1462477177010593793:0,strongly_negative,strongly_negative,strongly_negative,strongly_negative,negative
1461388100727283716:0,strongly_negative,strongly_negative,strongly_negative,positive,negative
1460667806299537409:0,strongly_negative,strongly_negative,strongly_negative,strongly_negative,negative
1460667806299537409:1,strongly_negative,strongly_negative,strongly_negative,strongly_negative,strongly_negative
1459935381512548359:0,neutral,neutral,neutral,positive,neutral
1459935381512548359:1,negative,negative,strongly_negative,negative,neutral
1459935381512548359:2,neutral,neutral,strongly_negative,negative,negative
1458849242353582080:0,neutral,neutral,neutral,negative,neutral
1458849242353582080:1,negative,strongly_negative,strongly_negative,negative,negative
1458363334437195782:0,strongly_positive,positive,positive,strongly_positive,positive
1458120110917488646:0,neutral,negative,strongly_negative,strongly_negative,negative
1457403343848951808:0,strongly_negative,strongly_negative,strongly_negative,strongly_negative,strongly_negative
1456894938398924800:0,neutral,neutral,neutral,strongly_positive,positive
1456480078188072960:0,strongly_positive,strongly_positive,strongly_positive,strongly_positive,positive
1456298539667968005:0,positive,positive,positive,positive,positive
1455947191005048832:0,neutral,negative,dont_know,dont_know,negative
1455589858542383106:0,positive,positive,positive,strongly_positive,neutral
1455589858542383106:1,strongly_positive,positive,strongly_positive,strongly_positive,positive
1454866527883194381:0,negative,negative,negative,negative,negative
1453779122098872329:0,negative,negative,positive,strongly_negative,positive
1453049168465825794:0,neutral,neutral,neutral,neutral,neutral
1453049168465825794:1,strongly_negative,strongly_negative,strongly_negative,strongly_negative,negative
1453049168465825794:2,neutral,neutral,neutral,neutral,neutral
1452333370487287819:0,strongly_negative,strongly_negative,strongly_negative,strongly_negative,strongly_negative
1451241713142362114:0,neutral,neutral,strongly_negative,strongly_negative,negative
1451241713142362114:1,neutral,neutral,neutral,neutral,neutral
1450529214537498625:0,neutral,neutral,strongly_negative,strongly_negative,negative
1450287782992093186:0,positive,positive,positive,positive,positive
1449791816518172677:0,neutral,neutral,neutral,negative,negative
1449419709049294849:0,strongly_positive,strongly_positive,strongly_positive,strongly_positive,strongly_positive
1449402698172801030:0,strongly_positive,strongly_positive,positive,positive,positive
1448671270703276035:0,strongly_positive,positive,strongly_positive,strongly_positive,positive
1448549054124736516:0,positive,positive,neutral,strongly_positive,positive
1448549054124736516:1,positive,positive,neutral,neutral,positive
1448280540902092805:0,strongly_positive,strongly_positive,strongly_positive,strongly_positive,strongly_positive
1448280540902092805:1,positive,positive,positive,positive,positive
1447996638304165888:0,strongly_negative,strongly_negative,negative,negative,negative
1467683896183574532:1,neutral,neutral,neutral,dont_know,neutral
1447259522255310848:0,strongly_negative,strongly_negative,strongly_negative,strongly_negative,negative
1446456275022200834:0,negative,negative,strongly_negative,neutral,negative
1446456275022200834:1,strongly_negative,strongly_negative,strongly_negative,strongly_negative,negative
1446168763213094927:0,neutral,neutral,strongly_negative,strongly_negative,negative
1446168763213094927:1,positive,positive,positive,negative,negative
1446168763213094927:2,neutral,negative,negative,negative,negative
1445445891389726730:0,negative,strongly_negative,negative,negative,negative
1445445891389726730:1,strongly_negative,strongly_negative,strongly_negative,negative,negative
1445445891389726730:2,neutral,neutral,neutral,neutral,negative
1444724953891237889:0,neutral,negative,negative,strongly_negative,neutral
1444724953891237889:1,neutral,neutral,neutral,strongly_negative,neutral
1444566719696015364:0,neutral,neutral,positive,neutral,neutral
1444480964776763394:0,neutral,neutral,neutral,neutral,neutral
1444236588704145408:0,dont_know,dont_know,dont_know,dont_know,neutral
1443818831084802050:0,strongly_positive,strongly_positive,positive,strongly_positive,positive
1442033291574407169:0,neutral,neutral,neutral,dont_know,neutral
1440699183594311692:0,dont_know,dont_know,dont_know,dont_know,neutral
1437406620099612677:0,positive,positive,positive,strongly_positive,positive
1427673879380512774:0,strongly_negative,strongly_negative,strongly_negative,strongly_negative,strongly_negative
1426851849521401860:0,positive,neutral,positive,positive,positive
1423124635797757961:0,negative,negative,positive,positive,negative
1423124635797757961:1,negative,negative,negative,negative,negative
1421300041487028225:0,strongly_positive,strongly_positive,strongly_positive,positive,positive
1421300041487028225:1,strongly_positive,strongly_positive,positive,positive,positive
1420351737462804488:0,neutral,neutral,neutral,neutral,neutral
1420351737462804488:1,neutral,neutral,positive,positive,neutral
1420351737462804488:2,neutral,neutral,neutral,neutral,neutral
1420351737462804488:3,positive,neutral,negative,neutral,neutral
1420023369601277954:0,positive,positive,positive,positive,positive
1417695069218344964:0,strongly_positive,positive,positive,positive,positive
1415338725437960192:0,strongly_negative,strongly_negative,strongly_negative,strongly_negative,negative
1414783969170649092:0,strongly_negative,strongly_negative,strongly_negative,strongly_negative,strongly_negative
1406496316537008135:0,neutral,neutral,dont_know,neutral,neutral
1406222863091130369:0,neutral,neutral,neutral,neutral,neutral
1406222863091130369:1,neutral,neutral,dont_know,neutral,neutral
1406222863091130369:2,neutral,neutral,neutral,neutral,neutral
1404991214206677000:0,negative,negative,negative,negative,negative
1404991214206677000:1,negative,neutral,neutral,negative,neutral
1399704713709330445:0,positive,positive,strongly_positive,strongly_positive,positive
1399704713709330445:1,positive,strongly_positive,strongly_negative,strongly_positive,positive
1399704713709330445:2,negative,neutral,negative,positive,negative
1399252494233051136:0,strongly_positive,strongly_positive,strongly_positive,strongly_positive,strongly_positive
1399252494233051136:1,positive,positive,positive,positive,positive
1398552771155009536:0,positive,strongly_negative,strongly_negative,positive,positive
1397461048945377283:0,positive,positive,positive,strongly_positive,positive
1397184919386812417:0,strongly_negative,strongly_negative,strongly_negative,negative,negative
1395373279649566733:0,negative,strongly_negative,strongly_negative,strongly_positive,negative
1390231172123303937:0,positive,strongly_positive,strongly_positive,strongly_positive,positive
1389520236299251712:0,positive,positive,positive,positive,positive
1389221427774033924:0,strongly_negative,strongly_negative,strongly_negative,strongly_negative,negative
1389221427774033924:1,negative,negative,strongly_negative,negative,negative
1388484115100442624:0,strongly_negative,strongly_negative,strongly_negative,strongly_negative,strongly_negative
1384831526529949696:0,strongly_positive,strongly_positive,strongly_positive,strongly_positive,strongly_positive
1383748182014763010:0,negative,positive,negative,neutral,negative
1382354280942751745:0,negative,negative,negative,negative,negative
1382180974562185220:0,positive,positive,positive,positive,positive
1382180974562185220:1,strongly_positive,strongly_positive,strongly_negative,strongly_negative,positive
1381597008432009223:0,positive,positive,positive,positive,positive
1381597008432009223:1,strongly_positive,strongly_positive,strongly_positive,positive,strongly_positive
1381597008432009223:2,strongly_positive,strongly_positive,strongly_positive,strongly_positive,strongly_positive
1380530089067089925:0,negative,strongly_negative,strongly_negative,neutral,neutral
1380530089067089925:1,positive,positive,neutral,neutral,positive
1380530089067089925:3,positive,positive,positive,positive,positive
1380530089067089925:4,dont_know,negative,negative,neutral,neutral
1376718749651234820:0,strongly_positive,positive,positive,positive,positive
1375535229608280071:0,negative,strongly_negative,strongly_negative,negative,negative
1375535229608280071:1,strongly_positive,strongly_positive,positive,negative,negative
1375535229608280071:2,strongly_positive,strongly_positive,strongly_positive,strongly_positive,strongly_positive
1370621368639782914:0,neutral,neutral,neutral,neutral,neutral
1370225815821029381:0,neutral,neutral,neutral,neutral,neutral
1370225815821029381:1,neutral,neutral,neutral,neutral,neutral
1367345306442997762:0,strongly_positive,strongly_positive,strongly_positive,positive,strongly_positive
1367345306442997762:1,strongly_positive,positive,positive,positive,positive
1367119886284070914:0,neutral,neutral,neutral,neutral,neutral
1367119886284070914:1,neutral,neutral,neutral,neutral,neutral
1364789655288172552:0,positive,positive,neutral,neutral,positive
1364568627748347908:0,strongly_positive,positive,positive,positive,positive
1360113960859570179:0,strongly_positive,positive,positive,strongly_positive,positive
1359789485752414210:0,negative,negative,strongly_negative,strongly_negative,negative
1359789485752414210:2,strongly_negative,strongly_negative,strongly_negative,strongly_negative,negative
1352881355550461957:0,neutral,neutral,positive,positive,neutral
1351873271164067842:0,positive,positive,positive,positive,positive
2027550962202874339:0,strongly_positive,positive,positive,positive,positive
2092654940871422209:0,neutral,neutral,neutral,neutral,neutral
2092599263440347425:0,neutral,neutral,neutral,negative,neutral
2092492088529342673:0,neutral,neutral,dont_know,negative,neutral
2091388090892067138:0,positive,positive,positive,neutral,positive
2085585557875490844:0,neutral,neutral,positive,neutral,neutral
2083557278511464552:0,neutral,neutral,neutral,neutral,neutral
2079751823167279176:0,negative,negative,negative,negative,negative
2078304544023556305:0,positive,neutral,strongly_positive,strongly_positive,positive
2078304544023556305:1,strongly_positive,strongly_positive,strongly_positive,strongly_positive,positive
2078302513867227488:0,neutral,neutral,neutral,neutral,neutral
2073272269116522784:0,neutral,neutral,dont_know,neutral,neutral
2070895044849271173:0,neutral,neutral,neutral,neutral,neutral
2070895044849271173:1,positive,negative,positive,negative,neutral
2067812068795859286:0,positive,positive,positive,positive,positive
2067812068795859286:1,positive,strongly_positive,positive,positive,positive
2060537460615160297:0,neutral,neutral,neutral,neutral,neutral
2056943896719139041:0,neutral,neutral,positive,positive,positive
2056203203734303058:1,dont_know,dont_know,dont_know,neutral,neutral
2055118302608015378:0,dont_know,dont_know,neutral,neutral,neutral
2037699610253402416:0,neutral,neutral,neutral,positive,neutral
2029358912479383949:0,negative,strongly_negative,dont_know,neutral,negative
2028494893455487365:0,strongly_positive,positive,positive,positive,positive
2028494893455487365:1,positive,neutral,neutral,negative,neutral
2028494893455487365:2,neutral,neutral,neutral,neutral,dont_know
2026890118574063723:0,positive,strongly_positive,positive,dont_know,positive
2019985003900465328:0,neutral,neutral,neutral,neutral,neutral
2017056726500200962:0,negative,negative,negative,strongly_positive,positive
2013818069974728710:0,neutral,neutral,neutral,neutral,neutral
2011688399909109771:0,positive,positive,positive,neutral,neutral
2011688399909109771:1,positive,positive,negative,strongly_negative,positive
2005130860853690518:0,strongly_positive,strongly_positive,positive,neutral,positive
2004398001612378184:0,positive,positive,positive,positive,positive
2003266531258704215:0,strongly_negative,strongly_negative,strongly_negative,strongly_negative,negative
2003266531258704215:1,dont_know,dont_know,dont_know,neutral,neutral
2002181073275662618:0,positive,strongly_positive,neutral,strongly_negative,neutral
2001264999629721973:0,neutral,neutral,neutral,negative,dont_know
2000759861198643382:0,positive,positive,positive,neutral,positive
2000759861198643382:1,positive,strongly_positive,positive,strongly_positive,positive
2000155268173406240:0,neutral,neutral,neutral,neutral,neutral
1999759996024947145:0,neutral,neutral,neutral,neutral,neutral
1998913987434655935:0,dont_know,dont_know,dont_know,neutral,neutral
1998216519751520705:0,positive,positive,positive,neutral,positive
1998216519751520705:1,neutral,neutral,neutral,neutral,neutral
1998216519751520705:2,negative,negative,negative,negative,negative
1997868867037913211:0,neutral,neutral,neutral,neutral,neutral
1997866458387533874:0,strongly_negative,strongly_negative,strongly_negative,strongly_negative,negative
1995481466969473178:0,neutral,neutral,neutral,neutral,neutral
1995481466969473178:1,dont_know,dont_know,dont_know,dont_know,neutral
1994635099959439571:0,positive,positive,positive,positive,positive
1993721699863503339:0,neutral,neutral,neutral,neutral,neutral
1987533829809336624:0,negative,negative,negative,strongly_negative,negative
1984436050270568684:0,neutral,neutral,neutral,strongly_negative,neutral
1980860051595334022:0,neutral,neutral,negative,negative,neutral
1980858455637520878:0,neutral,neutral,neutral,neutral,neutral
1980855586582598065:0,neutral,neutral,neutral,neutral,neutral
1980855586582598065:1,strongly_negative,strongly_negative,strongly_negative,strongly_negative,strongly_negative
1973589715229221103:0,dont_know,dont_know,dont_know,dont_know,dont_know
1966854064811241842:0,dont_know,dont_know,dont_know,neutral,neutral
1966320969498361881:0,dont_know,positive,positive,neutral,neutral
1961410422772568363:0,strongly_negative,neutral,strongly_negative,strongly_negative,negative
1955254972561686769:0,negative,negative,negative,strongly_negative,negative
1954529283617288215:0,dont_know,dont_know,neutral,neutral,neutral
1953095759223509388:0,negative,negative,strongly_negative,strongly_negative,negative
1947483191423734026:0,dont_know,dont_know,dont_know,neutral,neutral
1947216304534077547:0,dont_know,dont_know,dont_know,dont_know,negative
1944312285939306790:0,neutral,neutral,neutral,dont_know,neutral
1943841276828561738:0,strongly_negative,strongly_negative,dont_know,strongly_negative,negative
1937433940056592473:0,negative,negative,neutral,neutral,negative
1937016318236283060:0,neutral,neutral,neutral,neutral,neutral
1936820425272459360:0,neutral,neutral,neutral,strongly_negative,positive
1936454009050771611:0,dont_know,dont_know,dont_know,neutral,neutral
1936349747578892303:0,positive,negative,positive,positive,negative
1936315901726671292:0,strongly_positive,strongly_positive,positive,positive,positive
1936315901726671292:1,dont_know,dont_know,dont_know,dont_know,dont_know
1936293973230075976:0,strongly_negative,strongly_negative,strongly_negative,strongly_negative,strongly_negative
1936083844903715267:0,strongly_negative,strongly_negative,strongly_negative,strongly_negative,strongly_negative
1936083763894878598:0,negative,negative,negative,negative,negative
1936083763894878598:1,negative,negative,negative,negative,negative
1936083763894878598:2,dont_know,dont_know,dont_know,dont_know,dont_know
1935987531385839624:0,negative,negative,strongly_negative,negative,negative
1935969427247579644:0,neutral,neutral,neutral,negative,neutral
1935704288858378685:0,negative,negative,neutral,strongly_negative,neutral
1935704288858378685:1,negative,negative,strongly_negative,strongly_negative,negative
1935390084834250922:0,dont_know,dont_know,dont_know,neutral,neutral
1935157117264306678:0,neutral,neutral,strongly_negative,strongly_negative,negative
1934906798504595493:0,negative,negative,negative,strongly_negative,negative
1934879072255135895:0,neutral,neutral,positive,neutral,neutral
1934877989566816560:0,neutral,neutral,neutral,neutral,neutral
1934877989566816560:1,dont_know,dont_know,dont_know,dont_know,dont_know
1934521073619337557:0,negative,negative,negative,strongly_negative,negative
1934518574124544105:0,dont_know,dont_know,dont_know,neutral,neutral
1934213224666222738:0,neutral,negative,strongly_negative,neutral,negative
1934212770494349725:0,neutral,neutral,neutral,negative,neutral
1934211842227712491:0,dont_know,dont_know,dont_know,strongly_negative,dont_know
1934080154554564799:0,positive,positive,positive,positive,positive
1933770458794754138:0,neutral,negative,negative,neutral,negative
1933352807429501314:0,negative,strongly_negative,strongly_negative,positive,negative
1933345336107381170:0,dont_know,dont_know,neutral,dont_know,neutral
1932455581236990329:0,neutral,neutral,strongly_negative,neutral,negative
1932372618080051227:0,dont_know,negative,negative,neutral,dont_know
1932266501865668898:0,neutral,neutral,neutral,neutral,neutral
1932266501865668898:1,dont_know,neutral,neutral,dont_know,neutral
1932265458692141161:0,neutral,neutral,neutral,negative,neutral
1932265264365904259:0,neutral,neutral,dont_know,negative,neutral
1932026200677126449:0,neutral,neutral,neutral,neutral,neutral
1931678340467036352:0,strongly_negative,strongly_negative,strongly_negative,strongly_negative,negative
1928260854023127223:0,neutral,neutral,neutral,neutral,neutral
1928120569263763760:0,positive,positive,positive,negative,positive
1928084313553109136:0,neutral,neutral,neutral,neutral,neutral
1927945462608249009:0,negative,negative,dont_know,negative,negative
1927945328105295944:0,dont_know,strongly_negative,dont_know,strongly_negative,dont_know
1927945157401297210:0,dont_know,dont_know,dont_know,neutral,neutral
1927256222966632742:0,neutral,neutral,neutral,neutral,neutral
1926139758712922293:0,negative,negative,neutral,negative,negative
1925352145538224248:0,strongly_negative,strongly_negative,strongly_negative,strongly_negative,strongly_negative
1924749440591466835:0,dont_know,negative,dont_know,dont_know,negative
1924035968731865319:0,strongly_negative,strongly_negative,strongly_negative,strongly_negative,strongly_negative
1923548295110197567:0,negative,negative,negative,negative,negative
1923531117782618163:0,neutral,neutral,neutral,neutral,neutral
1923531117782618163:1,dont_know,dont_know,dont_know,neutral,dont_know
1923393056494981159:0,negative,negative,neutral,neutral,neutral
1923201835172598023:0,neutral,neutral,neutral,strongly_negative,neutral
1922538313753215218:0,negative,dont_know,dont_know,strongly_negative,negative
1922313048305316236:0,dont_know,dont_know,dont_know,neutral,neutral
1920310109387006414:0,neutral,neutral,neutral,neutral,neutral
1919954508810981814:0,negative,strongly_negative,strongly_negative,negative,negative
1917301535383421052:0,dont_know,strongly_negative,strongly_negative,strongly_negative,negative
1914528433067188286:0,negative,negative,negative,negative,negative
1913427884984631461:0,neutral,neutral,neutral,neutral,neutral
1912179556443996464:0,strongly_negative,strongly_negative,strongly_negative,strongly_negative,negative
1912123942468489327:0,strongly_negative,strongly_negative,strongly_negative,strongly_negative,negative
1912004539885961272:0,negative,negative,negative,negative,negative
1912004539885961272:1,negative,strongly_negative,negative,negative,negative
1910321981381083325:0,positive,positive,positive,neutral,positive
1906715335648280632:0,strongly_negative,strongly_negative,strongly_negative,strongly_negative,strongly_negative
1905830634704044194:0,positive,positive,positive,positive,neutral
1901186448105066554:0,strongly_negative,strongly_negative,strongly_negative,strongly_positive,negative
1899311204276879643:0,strongly_negative,strongly_negative,dont_know,strongly_negative,strongly_negative
1897815401020768530:0,strongly_negative,strongly_negative,strongly_negative,strongly_negative,strongly_negative
1895413328929075209:0,strongly_negative,strongly_negative,strongly_negative,strongly_negative,negative
1894411096469246434:0,strongly_negative,strongly_negative,strongly_negative,neutral,negative
1893544134008336699:0,strongly_negative,strongly_negative,strongly_negative,strongly_negative,negative
1892829382420680891:0,dont_know,dont_know,dont_know,dont_know,neutral
1892412375392981123:0,strongly_negative,strongly_negative,strongly_negative,strongly_negative,strongly_negative
1892412375392981123:1,negative,negative,negative,negative,negative
1892412375392981123:2,dont_know,dont_know,dont_know,neutral,dont_know
1892017465418289513:0,neutral,neutral,neutral,neutral,neutral
1891833567891816518:0,negative,negative,negative,negative,negative
1891674048922271810:0,strongly_negative,negative,negative,neutral,dont_know
1891105132374327527:0,negative,negative,negative,negative,neutral
1889853760446640193:0,positive,positive,neutral,neutral,positive
1889853760446640193:1,dont_know,strongly_negative,strongly_negative,strongly_negative,neutral
1885393112518058117:0,negative,negative,negative,neutral,negative
1882600492326654196:0,strongly_negative,negative,strongly_negative,strongly_negative,negative
1880847661974384793:0,neutral,positive,neutral,neutral,neutral
1880847661974384793:1,neutral,neutral,neutral,neutral,neutral
1880149521105297787:0,negative,negative,negative,negative,negative
1880114757937873243:0,strongly_negative,negative,strongly_negative,strongly_negative,negative
1880102141223981167:0,neutral,neutral,neutral,neutral,neutral
1880102141223981167:1,negative,negative,negative,negative,negative
1876293225117557125:0,neutral,neutral,neutral,neutral,neutral
1876273097101467928:0,strongly_negative,strongly_negative,strongly_negative,strongly_negative,strongly_negative
1874301251607056395:0,neutral,negative,strongly_negative,strongly_negative,neutral
1871829190372462864:0,negative,strongly_negative,strongly_negative,strongly_negative,negative
1871829190372462864:1,neutral,neutral,dont_know,neutral,neutral
1871712781608902748:0,neutral,negative,strongly_negative,negative,negative
1871407481756487772:0,neutral,neutral,neutral,neutral,neutral
1871390157792031072:0,negative,strongly_negative,neutral,neutral,negative
1868851551110152516:0,neutral,neutral,dont_know,negative,neutral
1866353251479933184:0,strongly_negative,negative,strongly_negative,strongly_negative,negative
1866353251479933184:1,strongly_negative,strongly_negative,strongly_negative,strongly_negative,negative
1866353146798162210:0,negative,negative,negative,neutral,negative
1865592288337903616:0,neutral,neutral,neutral,neutral,neutral
1865592288337903616:1,dont_know,dont_know,dont_know,neutral,neutral
1865016166713831841:0,dont_know,neutral,dont_know,negative,neutral
1864975351207883141:0,dont_know,dont_know,neutral,dont_know,neutral
1864919682148618648:0,neutral,neutral,neutral,neutral,neutral
1864882937608728645:0,dont_know,negative,dont_know,negative,negative
1864672393303896278:0,negative,strongly_negative,strongly_negative,strongly_negative,negative
1861936787129852159:0,dont_know,dont_know,neutral,neutral,negative
1861364779895627876:0,neutral,neutral,neutral,neutral,neutral
1859421008622649374:0,dont_know,dont_know,negative,dont_know,neutral
1859044188744282243:0,positive,positive,strongly_negative,negative,neutral
1853397904280478054:0,neutral,neutral,neutral,neutral,neutral
1851876526662246883:0,negative,negative,negative,negative,negative
1851876526662246883:1,positive,positive,positive,strongly_positive,positive
1851094954845880779:0,strongly_positive,strongly_positive,strongly_positive,strongly_positive,strongly_positive
1851094954845880779:1,dont_know,dont_know,dont_know,dont_know,dont_know
1850420769970405698:1,strongly_negative,strongly_negative,strongly_negative,strongly_negative,negative
1849317387222335938:0,strongly_negative,strongly_negative,strongly_negative,negative,strongly_negative
1849317001128542695:0,neutral,neutral,neutral,strongly_negative,negative
1848628464376553739:0,neutral,neutral,neutral,neutral,neutral
1848600805772849409:1,dont_know,negative,dont_know,neutral,neutral
1848343536691032328:1,negative,dont_know,neutral,neutral,dont_know
1847467371402822136:0,negative,strongly_negative,strongly_negative,strongly_negative,negative
1846566797266341956:0,neutral,neutral,neutral,neutral,neutral
1846562218361421889:0,neutral,neutral,neutral,neutral,neutral
1846342822896566304:0,negative,strongly_negative,negative,negative,negative
1845113875764830342:0,negative,negative,dont_know,neutral,negative
1842185898223624527:0,neutral,neutral,neutral,neutral,neutral
1841855716467839428:0,positive,positive,positive,neutral,positive
1841126479830171653:0,neutral,neutral,negative,negative,negative
1840205216106352736:0,positive,positive,neutral,neutral,neutral
1839300453915570295:0,dont_know,neutral,dont_know,dont_know,neutral
1838850447261786558:0,negative,negative,neutral,neutral,negative
1838850447261786558:2,negative,negative,dont_know,negative,negative
1838812127223779453:0,neutral,neutral,neutral,neutral,neutral
1838812127223779453:1,dont_know,dont_know,dont_know,dont_know,dont_know
1838158850563944924:0,strongly_negative,strongly_negative,strongly_negative,negative,negative
1838154614514057396:0,negative,strongly_negative,strongly_negative,strongly_negative,negative
1838154614514057396:1,strongly_negative,strongly_negative,strongly_negative,strongly_negative,negative
1836925848877944906:0,neutral,neutral,neutral,negative,neutral
1836810179934863750:0,neutral,neutral,neutral,neutral,neutral
1836409006941966511:0,positive,neutral,strongly_negative,strongly_negative,positive
1836409006941966511:1,neutral,dont_know,neutral,strongly_negative,dont_know
1835850074187809018:0,neutral,neutral,neutral,strongly_negative,neutral
1833328104527315089:0,dont_know,neutral,neutral,neutral,positive
1833080776596045991:0,neutral,neutral,neutral,neutral,neutral
1829182419850973289:0,neutral,neutral,neutral,neutral,neutral
1828943017069187451:0,positive,neutral,positive,positive,positive
1826862175039738365:0,strongly_negative,strongly_negative,strongly_negative,negative,negative
1821490576488816872:0,positive,positive,positive,neutral,neutral
1820461457080979679:0,negative,negative,negative,negative,negative
1820461457080979679:1,dont_know,dont_know,negative,negative,dont_know
1820408098323923448:0,neutral,neutral,neutral,negative,neutral
1820408098323923448:1,positive,neutral,positive,strongly_positive,neutral
1819257856925094123:0,dont_know,dont_know,neutral,neutral,neutral
1817563650997293271:0,strongly_negative,strongly_negative,strongly_negative,strongly_negative,negative
1817367500679458888:0,dont_know,dont_know,dont_know,neutral,negative
1816518259719700833:0,neutral,dont_know,dont_know,dont_know,neutral
1816510796182261923:0,strongly_negative,strongly_negative,strongly_negative,strongly_negative,strongly_negative
1814875993695297593:0,neutral,neutral,neutral,neutral,neutral
1813831001547911298:0,dont_know,dont_know,dont_know,neutral,neutral
1812456156016816364:0,strongly_negative,strongly_negative,negative,negative,negative
1811762079709200567:0,positive,positive,positive,strongly_positive,positive
1811635019175313907:0,neutral,neutral,neutral,neutral,neutral
1810724247825961109:0,neutral,negative,negative,neutral,neutral
1809951180858257780:0,strongly_negative,strongly_negative,strongly_negative,strongly_negative,negative
1809935896600531299:0,strongly_negative,strongly_negative,strongly_negative,neutral,negative
1809817750493360219:0,positive,positive,dont_know,neutral,positive
1809790122654609862:0,strongly_negative,strongly_negative,strongly_negative,strongly_negative,strongly_negative
1806253117950120240:0,neutral,neutral,neutral,neutral,neutral
1805108668540796934:0,neutral,neutral,neutral,neutral,neutral
1804019406948929604:0,neutral,neutral,neutral,neutral,neutral
1804019406948929604:1,positive,positive,positive,strongly_positive,positive
1804019406948929604:3,negative,neutral,negative,negative,dont_know
1803454168398794845:0,neutral,neutral,neutral,neutral,neutral
1803287874256990519:0,dont_know,dont_know,neutral,strongly_negative,neutral
1801950833325601155:0,neutral,neutral,neutral,dont_know,neutral
1801087981601866137:0,dont_know,dont_know,dont_know,neutral,dont_know
1798251550437208327:0,negative,negative,neutral,negative,negative
1798251550437208327:1,dont_know,dont_know,dont_know,dont_know,dont_know
1798242323480068223:0,negative,neutral,dont_know,negative,dont_know
1798197256627384355:0,neutral,neutral,neutral,neutral,neutral
1798197256627384355:1,neutral,neutral,neutral,neutral,neutral
1797864321432887758:0,neutral,neutral,neutral,strongly_negative,neutral
1797833249512914958:0,neutral,neutral,neutral,neutral,neutral
1797833005656129916:0,negative,negative,negative,negative,negative
1797069229566591428:0,positive,positive,neutral,neutral,positive
1797069229566591428:1,dont_know,neutral,dont_know,dont_know,neutral
1793825499267174888:0,neutral,neutral,neutral,neutral,neutral
1792404320346112102:1,negative,negative,strongly_negative,strongly_positive,neutral
1791861232988733553:0,strongly_positive,strongly_positive,strongly_positive,positive,positive
1791861232988733553:1,strongly_negative,strongly_negative,positive,neutral,negative
1791861232988733553:2,positive,dont_know,dont_know,dont_know,dont_know
1791643675916710169:0,neutral,neutral,neutral,neutral,neutral
1791353538800693360:0,positive,positive,strongly_negative,negative,positive
1791342346959036491:0,negative,neutral,negative,negative,negative
1791289885959299366:0,positive,positive,positive,strongly_positive,neutral
1791289885959299366:1,dont_know,dont_know,dont_know,dont_know,dont_know
1791058737693933804:0,negative,negative,negative,negative,negative
1791058737693933804:1,strongly_negative,strongly_negative,strongly_negative,strongly_negative,strongly_negative
1790428865976000637:0,neutral,neutral,neutral,neutral,neutral
1789092369058459815:0,negative,negative,dont_know,negative,negative
1788942754921472464:0,negative,strongly_negative,negative,strongly_negative,negative
1788930417581773145:0,strongly_negative,negative,negative,strongly_negative,negative
1788463267490226629:0,dont_know,dont_know,dont_know,dont_know,neutral
1788461749902942253:0,neutral,neutral,neutral,negative,neutral
1787715389209600205:0,dont_know,dont_know,dont_know,neutral,neutral
1787398013637328927:0,neutral,neutral,neutral,neutral,neutral
1783346210285449365:0,dont_know,negative,negative,neutral,negative
1782975600992694296:0,positive,positive,positive,positive,positive
1780399691487736280:0,positive,neutral,dont_know,dont_know,neutral
1780398080296185871:0,negative,negative,neutral,negative,negative
1780398080296185871:1,negative,negative,negative,neutral,negative
1778058331921519015:0,neutral,neutral,neutral,neutral,neutral
1777144651864297600:0,positive,positive,negative,negative,neutral
1776064743058579693:0,strongly_negative,strongly_negative,strongly_negative,strongly_negative,negative
1775180364794712254:0,neutral,neutral,neutral,neutral,neutral
1775180364794712254:1,neutral,neutral,neutral,neutral,neutral
1774737377296031947:0,neutral,neutral,neutral,neutral,neutral
1774737377296031947:1,positive,positive,dont_know,neutral,neutral
1772294430688412149:0,positive,positive,positive,negative,positive
1771715222375440660:0,neutral,neutral,neutral,neutral,neutral
1771702866148798471:0,neutral,neutral,neutral,positive,neutral
1771702866148798471:1,dont_know,dont_know,dont_know,neutral,neutral
1771544205694738437:0,positive,positive,positive,positive,positive
1771544205694738437:1,positive,positive,positive,positive,positive
1770266424763646392:0,neutral,neutral,neutral,neutral,neutral
1767885901789823094:0,dont_know,negative,positive,strongly_positive,dont_know
1766000053804814566:0,neutral,neutral,neutral,neutral,neutral
1766000053804814566:2,neutral,neutral,neutral,neutral,neutral
1766000053804814566:3,strongly_positive,strongly_positive,strongly_positive,strongly_positive,positive
1765568440373526582:0,neutral,neutral,neutral,strongly_positive,neutral
1765353436177215892:0,strongly_positive,strongly_positive,strongly_positive,strongly_positive,positive
1761655507436392756:0,dont_know,neutral,neutral,dont_know,neutral
1759419771500814623:0,neutral,dont_know,neutral,neutral,neutral
1759385245542142174:0,neutral,neutral,strongly_negative,strongly_negative,neutral
1758842115717726528:0,neutral,neutral,neutral,neutral,neutral
1758842115717726528:1,neutral,neutral,neutral,neutral,neutral
1758326049832866090:0,negative,negative,negative,dont_know,neutral
1757025739378188347:0,negative,negative,negative,negative,negative
1756543658382520376:0,dont_know,dont_know,negative,neutral,negative
1756472988143366625:0,neutral,neutral,neutral,neutral,neutral
1756225934204526608:0,negative,strongly_negative,strongly_negative,negative,negative
1755844352453296215:0,strongly_negative,strongly_negative,strongly_negative,strongly_negative,negative
1755220331168776313:0,strongly_negative,strongly_negative,strongly_negative,strongly_negative,negative
1755088895602200902:0,strongly_negative,strongly_negative,strongly_negative,neutral,negative
1754478345067360641:0,neutral,negative,neutral,neutral,dont_know
1754347411453952502:0,neutral,neutral,neutral,neutral,neutral
1754347411453952502:2,strongly_negative,strongly_negative,strongly_negative,strongly_negative,strongly_negative
1753986601993273574:0,strongly_negative,strongly_negative,strongly_negative,strongly_negative,strongly_negative
1751612062076424331:0,positive,positive,neutral,negative,dont_know
1750388369002267045:0,positive,positive,positive,positive,neutral
1747844065259884580:0,positive,positive,positive,positive,positive
1747844065259884580:1,neutral,neutral,neutral,positive,neutral
1745647885897941447:0,positive,positive,positive,positive,positive
1743623891204120806:0,neutral,neutral,neutral,neutral,neutral
1743623891204120806:1,neutral,neutral,neutral,dont_know,neutral
1742053548643532966:0,neutral,neutral,neutral,neutral,neutral
1741296962463564208:0,strongly_negative,strongly_negative,strongly_negative,strongly_negative,strongly_negative
1740299565444858322:0,strongly_negative,strongly_negative,strongly_negative,negative,negative
1740299565444858322:1,neutral,dont_know,dont_know,neutral,neutral
1739577904076583289:0,strongly_negative,strongly_negative,strongly_negative,strongly_negative,strongly_negative
1739211231502958814:0,strongly_negative,strongly_negative,strongly_negative,strongly_negative,neutral
1736578033140523034:0,neutral,dont_know,dont_know,neutral,neutral
1732581421003178012:0,neutral,neutral,neutral,neutral,neutral
1732581421003178012:1,dont_know,negative,dont_know,dont_know,negative
1732277815473840174:1,negative,negative,negative,neutral,negative
1732276259710009769:0,negative,strongly_negative,strongly_negative,strongly_negative,negative
1732276259710009769:1,dont_know,dont_know,dont_know,neutral,dont_know
1730485266568413228:0,strongly_negative,strongly_negative,strongly_negative,strongly_negative,negative
1730359657871634897:0,neutral,neutral,neutral,neutral,neutral
1729813530935795899:0,dont_know,dont_know,dont_know,dont_know,neutral
1729778412451954991:0,neutral,neutral,neutral,neutral,neutral
1728456005217096075:0,dont_know,dont_know,strongly_negative,negative,dont_know
1726534211052658702:0,strongly_negative,strongly_negative,strongly_negative,negative,negative
1726392317043675474:0,positive,positive,neutral,neutral,positive
1725534052420125106:0,neutral,negative,positive,neutral,neutral
1725534052420125106:1,dont_know,dont_know,dont_know,dont_know,dont_know
1724783106597789974:0,strongly_negative,strongly_negative,strongly_negative,strongly_negative,strongly_negative
1724299902711439575:0,neutral,neutral,neutral,neutral,neutral
1723187775745536292:0,neutral,neutral,neutral,neutral,neutral
1723171773490024958:0,negative,neutral,neutral,neutral,negative
1722415184193720381:0,dont_know,negative,strongly_negative,negative,negative
1721871530307575978:0,positive,positive,neutral,neutral,neutral
1720365999529369882:0,positive,positive,positive,positive,positive
1719243793508299231:0,negative,strongly_negative,dont_know,dont_know,negative
1715227463180329063:0,strongly_positive,positive,positive,neutral,positive
1715227463180329063:1,dont_know,dont_know,dont_know,dont_know,positive
1715227355218931722:0,neutral,neutral,neutral,neutral,neutral
1715227355218931722:1,dont_know,dont_know,dont_know,dont_know,dont_know
1714053581354013018:0,neutral,neutral,neutral,neutral,neutral
1713692962830622936:0,neutral,neutral,neutral,positive,neutral
1713072262751060395:0,negative,negative,negative,negative,negative
1712092035581399428:0,positive,positive,neutral,dont_know,neutral
1711023461467095245:0,negative,negative,negative,negative,negative
1709013977106420096:0,dont_know,dont_know,neutral,dont_know,neutral
1703800442747277383:0,neutral,neutral,neutral,neutral,neutral
1703800442747277383:1,positive,positive,positive,positive,positive
1695781486769631255:0,dont_know,negative,negative,negative,negative
1691677304483901592:0,dont_know,dont_know,dont_know,dont_know,neutral
1689468610895298560:0,negative,negative,negative,negative,negative
1689468610895298560:1,neutral,neutral,positive,neutral,neutral
1688503810359222273:0,strongly_negative,strongly_negative,negative,negative,negative
1688503810359222273:1,neutral,neutral,neutral,neutral,neutral
1687463894800060416:0,negative,negative,negative,negative,negative
1687463894800060416:1,dont_know,dont_know,dont_know,dont_know,dont_know
1686995497926422528:0,negative,negative,negative,negative,negative
1683032169810378752:0,dont_know,negative,strongly_negative,strongly_negative,negative
1681523178189864960:0,neutral,dont_know,dont_know,neutral,neutral
1681516081054384128:0,negative,negative,neutral,negative,neutral
1681516081054384128:1,dont_know,dont_know,dont_know,dont_know,dont_know
1681514510409175040:0,neutral,neutral,negative,positive,neutral
1680751575642570756:0,strongly_negative,strongly_negative,dont_know,neutral,strongly_negative
1679734518826287104:0,negative,negative,strongly_negative,negative,negative
1678418921118900226:0,neutral,neutral,neutral,strongly_negative,neutral
1678418921118900226:1,strongly_negative,strongly_negative,strongly_negative,negative,strongly_negative
1677961144185794560:0,dont_know,dont_know,neutral,neutral,neutral
1674079651646562305:0,negative,negative,negative,negative,negative
1673862187557765121:0,negative,negative,strongly_negative,negative,negative
1673862187557765121:1,neutral,neutral,neutral,neutral,neutral
1673625129241415681:0,neutral,neutral,neutral,neutral,neutral
1666020176519909376:0,neutral,neutral,negative,negative,neutral
1663353448526655488:0,neutral,neutral,dont_know,neutral,neutral
1661299043665076224:0,dont_know,dont_know,neutral,neutral,neutral
1660134563870543872:0,strongly_negative,strongly_negative,strongly_negative,negative,strongly_negative
1660134563870543872:1,strongly_negative,strongly_negative,dont_know,dont_know,strongly_negative
1657553536882982913:0,dont_know,negative,negative,strongly_negative,negative
1655584906011918338:0,neutral,neutral,neutral,neutral,neutral
1650645379757780992:0,neutral,neutral,neutral,neutral,neutral
1650350743017369600:1,dont_know,dont_know,neutral,negative,neutral
1649604937335336960:0,positive,positive,positive,positive,positive
1646150905807663104:0,positive,positive,neutral,neutral,positive
1641736663054573576:0,dont_know,neutral,dont_know,neutral,neutral
2050822752760889468:0,neutral,neutral,positive,positive,neutral
2092645296610357568:0,negative,negative,dont_know,strongly_negative,negative
2092505499254288609:0,negative,neutral,neutral,positive,neutral
2091366555259183485:0,negative,negative,positive,strongly_positive,negative
2090267998519238729:0,positive,positive,positive,neutral,positive
2090267998519238729:1,dont_know,dont_know,dont_know,neutral,dont_know
2090085950768685520:0,negative,negative,strongly_negative,strongly_negative,negative
2089564205964001680:0,negative,strongly_negative,strongly_negative,strongly_negative,negative
2089387916837749200:0,negative,negative,negative,strongly_negative,negative
2089387916837749200:1,strongly_positive,strongly_positive,dont_know,neutral,positive
2089007299990065218:0,strongly_negative,strongly_negative,strongly_negative,strongly_negative,strongly_negative
2088547343633379495:0,negative,negative,strongly_negative,negative,negative
2088547343633379495:1,dont_know,dont_know,dont_know,dont_know,negative
2085574404776632798:0,neutral,neutral,neutral,neutral,neutral
2085574404776632798:1,positive,neutral,neutral,positive,neutral
2085574404776632798:2,neutral,neutral,neutral,neutral,neutral
2085574404776632798:3,dont_know,dont_know,dont_know,negative,dont_know
2085349387233116658:0,positive,positive,positive,positive,positive
2085349387233116658:1,dont_know,dont_know,dont_know,dont_know,dont_know
2085034561441075624:0,neutral,neutral,neutral,neutral,neutral
2085034561441075624:1,positive,positive,positive,neutral,positive
2085034561441075624:2,dont_know,dont_know,dont_know,dont_know,dont_know
2084114675000860912:0,neutral,neutral,positive,negative,neutral
2082985941124493330:0,negative,strongly_negative,strongly_negative,strongly_negative,negative
2082985941124493330:1,negative,negative,negative,negative,negative
2081956666304823710:0,negative,strongly_negative,strongly_negative,strongly_negative,negative
2081956666304823710:1,dont_know,dont_know,dont_know,dont_know,dont_know
2081618358806675657:0,negative,negative,neutral,strongly_negative,negative
2081618358806675657:1,negative,negative,negative,negative,negative
2081618358806675657:2,dont_know,dont_know,dont_know,neutral,neutral
2080951685124673568:0,strongly_positive,strongly_positive,strongly_positive,strongly_positive,strongly_positive
2079800827733266720:0,positive,positive,positive,positive,positive
2079800827733266720:1,neutral,neutral,neutral,neutral,neutral
2079800827733266720:2,dont_know,dont_know,dont_know,dont_know,dont_know
2079560221152674239:0,negative,negative,negative,strongly_negative,neutral
2078156998605213934:0,negative,negative,strongly_negative,strongly_negative,negative
2078156998605213934:1,strongly_positive,strongly_positive,strongly_positive,strongly_positive,positive
2077968399624507605:0,strongly_positive,positive,positive,positive,positive
2077954801275650352:0,positive,positive,positive,positive,positive
2077617751095746602:0,dont_know,neutral,dont_know,neutral,neutral
2077238635192312272:0,strongly_negative,strongly_negative,strongly_negative,negative,negative
2076925535440273840:0,neutral,neutral,neutral,neutral,neutral
2076925535440273840:1,strongly_negative,strongly_negative,strongly_negative,negative,negative
2076697325108703415:0,strongly_negative,strongly_negative,negative,negative,negative
2076526049509462389:0,strongly_positive,strongly_positive,strongly_positive,strongly_positive,strongly_positive
2076201391543189951:0,positive,positive,positive,positive,positive
2076201391543189951:1,positive,positive,positive,positive,positive
2074322767860892152:0,positive,positive,positive,positive,neutral
2074118292537737314:0,neutral,neutral,positive,neutral,neutral
2072931789128306730:0,neutral,neutral,neutral,neutral,neutral
2072931789128306730:1,neutral,neutral,negative,negative,neutral
2072607692548714952:0,dont_know,dont_know,dont_know,neutral,neutral
2072213338810134933:0,negative,strongly_negative,negative,negative,negative
2072213338810134933:1,neutral,neutral,neutral,neutral,negative
2072213338810134933:2,negative,negative,negative,negative,negative
2071638405440827800:0,positive,positive,positive,positive,neutral
2071518197728317484:0,positive,positive,neutral,strongly_positive,neutral
2070680708688019822:0,strongly_positive,strongly_positive,strongly_positive,strongly_positive,strongly_positive
2069617115846545798:0,positive,positive,positive,positive,positive
2068729720934728015:0,positive,positive,neutral,strongly_positive,positive
2068220851024261631:0,neutral,neutral,neutral,neutral,neutral
2068220851024261631:1,dont_know,dont_know,dont_know,neutral,dont_know
2067805367757893710:0,neutral,neutral,neutral,neutral,neutral
2066748024643330153:0,positive,strongly_positive,positive,strongly_positive,positive
2066487735599476976:0,negative,strongly_negative,strongly_negative,strongly_negative,negative
2065628866614641144:0,positive,positive,positive,positive,positive
2065783121761779987:0,neutral,neutral,neutral,positive,neutral
2065289483935973777:0,neutral,neutral,neutral,neutral,neutral
2064737694933213426:0,negative,negative,neutral,neutral,negative
2062933083490594956:0,neutral,neutral,neutral,neutral,neutral
2062933083490594956:1,positive,positive,positive,negative,positive
2062739033726558688:0,negative,negative,strongly_negative,strongly_negative,negative
2062739033726558688:1,strongly_negative,strongly_negative,strongly_negative,strongly_negative,negative
2061098897339232747:0,neutral,positive,neutral,positive,positive
2061098897339232747:2,positive,negative,positive,neutral,neutral
2060405357181374874:0,neutral,negative,negative,strongly_negative,neutral
2060363572983861406:0,strongly_positive,strongly_positive,strongly_positive,strongly_positive,strongly_positive
2060363572983861406:1,dont_know,dont_know,dont_know,dont_know,dont_know
2060181870114222269:0,strongly_positive,strongly_positive,strongly_positive,strongly_positive,strongly_positive
2060181870114222269:2,positive,positive,positive,positive,positive
2059588617211879820:0,dont_know,positive,strongly_positive,strongly_positive,neutral
2058748398774481384:0,negative,strongly_negative,strongly_negative,strongly_negative,negative
2058173292457173323:0,dont_know,neutral,dont_know,neutral,neutral
2057833968729485379:0,positive,positive,positive,positive,positive
2057450356758753457:0,strongly_positive,strongly_positive,positive,positive,strongly_positive
2057130838102544594:0,strongly_positive,strongly_positive,strongly_positive,positive,positive
2057130838102544594:1,positive,positive,positive,positive,positive
2057130838102544594:2,dont_know,dont_know,dont_know,neutral,dont_know
2055851024611741712:0,positive,positive,positive,positive,positive
2054767445789839668:0,positive,positive,positive,positive,positive
2054767445789839668:1,dont_know,dont_know,dont_know,positive,neutral
2052911368895185312:0,dont_know,positive,dont_know,strongly_positive,neutral
2051885928160055594:0,positive,positive,positive,neutral,positive
2051885928160055594:1,negative,negative,negative,negative,negative
2051716390948843840:0,strongly_positive,strongly_positive,positive,positive,positive
2051282187509706843:0,positive,strongly_positive,positive,positive,positive
2050382496668520656:0,positive,positive,positive,positive,positive
2050234488647831705:0,neutral,neutral,neutral,neutral,neutral
2050086617021653192:0,strongly_positive,positive,positive,positive,positive
2050011714050302016:0,positive,positive,positive,negative,neutral
2049823280123822181:0,neutral,neutral,neutral,neutral,neutral
2049823280123822181:1,dont_know,negative,dont_know,negative,negative
2049684599807283218:0,positive,positive,neutral,neutral,positive
2049509095091409223:0,neutral,neutral,positive,neutral,neutral
2049509095091409223:1,dont_know,dont_know,dont_know,negative,negative
2049306241659445699:0,neutral,neutral,neutral,neutral,neutral
2049306241659445699:1,negative,negative,neutral,negative,neutral
2049306241659445699:2,dont_know,dont_know,dont_know,dont_know,dont_know
2049123159388168512:0,positive,positive,positive,positive,positive
2049123159388168512:1,dont_know,negative,negative,neutral,negative
2048564852449575308:0,neutral,neutral,neutral,positive,neutral
2048386612254716189:0,positive,positive,positive,positive,positive
2047477064870322516:0,negative,strongly_negative,strongly_negative,negative,negative
2046095731132694840:0,positive,positive,positive,positive,positive
2046095731132694840:1,dont_know,dont_know,dont_know,dont_know,neutral
2044786922917343736:0,positive,positive,positive,positive,positive
2043999675632759082:0,neutral,neutral,neutral,neutral,neutral
2042951847577817598:0,dont_know,dont_know,dont_know,dont_know,neutral
2040845557506392349:0,strongly_positive,positive,positive,strongly_positive,positive
2040845557506392349:1,dont_know,positive,dont_know,strongly_positive,positive
2040290260849176828:0,positive,positive,positive,strongly_positive,positive
2039745018152550544:0,positive,positive,positive,positive,positive
2039745018152550544:1,dont_know,dont_know,dont_know,neutral,dont_know
2039363780380094630:0,strongly_positive,strongly_positive,positive,strongly_positive,positive
2037963032241021169:0,positive,positive,strongly_positive,positive,positive
2037963032241021169:1,dont_know,dont_know,dont_know,strongly_negative,dont_know
2037740597348368528:0,neutral,neutral,neutral,neutral,neutral
2037740597348368528:1,neutral,neutral,neutral,neutral,neutral
2037740597348368528:2,neutral,neutral,neutral,neutral,neutral
2037471549109010880:0,strongly_positive,strongly_positive,strongly_positive,strongly_positive,positive
2037342381461434533:0,strongly_positive,strongly_positive,positive,strongly_positive,positive
2037019410876313963:0,positive,positive,positive,positive,positive
2037019410876313963:1,neutral,neutral,neutral,neutral,neutral
2036077146150764613:0,positive,positive,positive,positive,neutral
2036077146150764613:1,positive,neutral,neutral,neutral,neutral
2035559992091447331:0,neutral,neutral,neutral,neutral,neutral
2035559992091447331:1,positive,positive,positive,negative,positive
2035042243435000251:0,negative,strongly_negative,strongly_negative,strongly_negative,negative
2034483893601214645:0,positive,strongly_positive,positive,positive,positive
2034483893601214645:1,dont_know,negative,dont_know,dont_know,dont_know
2032995849513611277:0,dont_know,positive,dont_know,neutral,positive
2032995087471542712:0,positive,positive,positive,positive,positive
2032774529714631012:0,neutral,neutral,neutral,neutral,neutral
2031570137233416469:0,neutral,neutral,neutral,neutral,neutral
2031392001204330782:0,neutral,negative,neutral,strongly_positive,negative
2030329665626472931:0,neutral,positive,positive,positive,neutral
2030329665626472931:1,neutral,neutral,neutral,neutral,neutral
2030329665626472931:2,dont_know,dont_know,dont_know,neutral,neutral
2029808413866348635:0,positive,positive,positive,neutral,positive
2029808413866348635:1,positive,positive,positive,neutral,positive
2028527210781638810:0,strongly_positive,strongly_positive,strongly_positive,strongly_positive,positive
2028472980528050211:0,positive,negative,negative,positive,neutral
2028430100925206641:0,negative,strongly_negative,neutral,strongly_negative,negative
2028430100925206641:1,dont_know,dont_know,dont_know,dont_know,dont_know
2027554567974723903:0,positive,positive,neutral,strongly_positive,neutral
2025976636722798787:0,neutral,neutral,neutral,neutral,neutral
2025976636722798787:1,positive,positive,neutral,neutral,neutral
2025976636722798787:2,dont_know,dont_know,dont_know,dont_know,dont_know
2025021648156721525:0,positive,strongly_positive,positive,strongly_positive,positive
2024708408121970791:0,positive,positive,positive,negative,positive
2024708408121970791:1,positive,positive,positive,positive,positive
2024708408121970791:2,dont_know,dont_know,dont_know,neutral,neutral
2022026147794759961:0,neutral,positive,neutral,neutral,neutral
2022026147794759961:1,neutral,neutral,neutral,strongly_positive,neutral
2021761885981618213:0,neutral,neutral,neutral,neutral,neutral
2021761885981618213:1,dont_know,dont_know,dont_know,dont_know,positive
2018281407769104804:0,neutral,neutral,neutral,neutral,neutral
2018281407769104804:1,positive,positive,positive,positive,neutral
2017778253105446925:0,positive,strongly_positive,strongly_positive,strongly_positive,positive
2016896872959660104:0,strongly_negative,strongly_negative,strongly_negative,strongly_negative,strongly_negative
2016896872959660104:1,positive,positive,positive,positive,neutral
2014662687029133582:0,neutral,neutral,neutral,neutral,neutral
2014660136619720999:0,neutral,neutral,positive,positive,neutral
2013795117547823550:0,neutral,neutral,neutral,neutral,neutral
2013175481219309902:0,positive,positive,positive,strongly_positive,neutral
2013175481219309902:1,dont_know,dont_know,dont_know,dont_know,dont_know
2012885100715999249:0,neutral,neutral,positive,positive,neutral
2011244740109594760:0,strongly_positive,strongly_positive,strongly_positive,strongly_positive,positive
2010361341954154627:0,strongly_positive,strongly_positive,positive,strongly_positive,positive
2008938599010717750:0,strongly_positive,strongly_positive,positive,strongly_positive,positive
2008427909271461919:0,neutral,neutral,neutral,neutral,neutral
2008169481324118155:0,neutral,neutral,neutral,neutral,neutral
2007478354203517391:0,neutral,neutral,neutral,neutral,neutral
2006752121329430613:0,negative,negative,neutral,neutral,neutral
2005986934443929956:0,neutral,neutral,neutral,neutral,neutral
2005324750604886081:0,neutral,neutral,neutral,negative,neutral
2004207174818680965:0,positive,positive,positive,neutral,neutral
2001673925248569760:0,negative,negative,neutral,negative,negative
1999133913588076926:0,neutral,neutral,neutral,neutral,neutral
1998787252143747426:0,strongly_positive,strongly_positive,strongly_positive,strongly_positive,strongly_positive
1998787252143747426:1,strongly_positive,strongly_positive,strongly_positive,strongly_positive,positive
1998405968212943103:0,positive,positive,positive,positive,positive
1998065391084687869:0,negative,strongly_negative,negative,strongly_negative,negative
1998065391084687869:1,dont_know,dont_know,dont_know,dont_know,dont_know
1997503196168909092:0,positive,positive,positive,positive,positive
1997503196168909092:1,dont_know,dont_know,dont_know,dont_know,dont_know
1996651470973030516:0,neutral,neutral,neutral,neutral,neutral
1996651470973030516:1,dont_know,dont_know,dont_know,dont_know,dont_know
1996256284715466806:0,neutral,neutral,neutral,neutral,neutral
1996182496770445433:0,neutral,neutral,neutral,negative,neutral
1995723346571620404:0,positive,strongly_positive,positive,strongly_positive,neutral
1995723346571620404:1,dont_know,dont_know,dont_know,strongly_negative,dont_know
1995124377323774126:0,dont_know,dont_know,positive,positive,positive
1993706385872495071:0,strongly_negative,strongly_negative,strongly_negative,strongly_negative,negative
1993489515911299239:0,positive,positive,positive,neutral,neutral
1990610685768925379:0,positive,neutral,neutral,neutral,neutral
1990610685768925379:1,negative,neutral,neutral,neutral,neutral
1990610685768925379:2,neutral,neutral,neutral,positive,neutral
1990610685768925379:3,dont_know,dont_know,dont_know,dont_know,dont_know
1989869255362588831:0,strongly_negative,strongly_negative,strongly_negative,strongly_negative,strongly_negative
1989869255362588831:1,negative,strongly_negative,strongly_negative,negative,negative
1989354927102320683:0,neutral,neutral,dont_know,neutral,neutral
1987751908095012892:0,negative,negative,negative,neutral,neutral
1987751908095012892:2,negative,negative,negative,neutral,negative
1986467952540242184:0,neutral,neutral,neutral,neutral,neutral
1986467952540242184:1,neutral,neutral,neutral,neutral,neutral
1986412336274677802:0,neutral,neutral,neutral,neutral,neutral
1986384683249324081:0,neutral,neutral,neutral,neutral,neutral
1986238525378093456:0,positive,positive,positive,positive,positive
1985928433797644415:0,dont_know,positive,positive,positive,positive
1985554799870517426:0,positive,positive,positive,strongly_positive,neutral
1985554799870517426:1,neutral,neutral,neutral,positive,neutral
1985554799870517426:2,dont_know,dont_know,dont_know,neutral,neutral
1984647027985379700:0,negative,strongly_negative,dont_know,neutral,neutral
1984285924877111688:0,neutral,neutral,dont_know,neutral,neutral
1984057215331053691:0,neutral,neutral,neutral,neutral,neutral
1984057215331053691:1,negative,negative,negative,strongly_negative,negative
1982974860344410254:0,positive,positive,dont_know,strongly_positive,neutral
1982471402591822084:0,strongly_negative,strongly_negative,strongly_negative,negative,strongly_negative
1982471402591822084:1,dont_know,dont_know,dont_know,dont_know,dont_know
1981904971777077422:0,positive,positive,neutral,neutral,neutral
1981904971777077422:1,dont_know,positive,neutral,strongly_negative,neutral
1980805480974074304:0,strongly_positive,strongly_positive,strongly_positive,strongly_positive,positive
1979798249155490226:0,positive,positive,neutral,neutral,positive
1979798249155490226:1,negative,strongly_negative,strongly_negative,negative,negative
1979498967483470001:0,positive,positive,neutral,neutral,neutral
1979498967483470001:1,positive,neutral,neutral,positive,neutral
1979498967483470001:2,positive,positive,positive,positive,positive
1978681025501822983:0,strongly_positive,strongly_positive,strongly_positive,strongly_positive,strongly_positive
1977921581990179286:0,positive,positive,positive,neutral,positive
1977585746585456853:0,neutral,neutral,neutral,neutral,neutral
1976825605510586610:0,positive,positive,neutral,positive,neutral
1976326711114596515:0,positive,positive,positive,positive,neutral
1975856010989592920:0,negative,negative,negative,strongly_negative,negative
1974998529883201554:0,neutral,neutral,neutral,neutral,neutral
1974486298951131173:0,neutral,neutral,neutral,neutral,neutral
1974277383915254065:0,positive,positive,neutral,positive,positive
1972126291114729785:0,dont_know,dont_know,neutral,negative,neutral
1971274143929860299:0,strongly_negative,strongly_negative,strongly_negative,negative,strongly_negative
1971274143929860299:1,negative,negative,negative,negative,negative
1971071134499254367:0,positive,positive,positive,dont_know,positive
1970286986679529601:0,neutral,neutral,neutral,neutral,neutral
1969913022455116175:0,positive,positive,positive,positive,positive
1969913022455116175:1,negative,negative,negative,negative,negative
1969726694711042498:0,negative,negative,neutral,strongly_negative,negative
1969036230483423560:0,positive,positive,neutral,strongly_positive,neutral
1969036230483423560:1,negative,negative,neutral,neutral,neutral
1968943819769962958:0,neutral,neutral,neutral,dont_know,neutral
1968600304166883708:0,negative,negative,neutral,negative,neutral
1966556598840820175:0,strongly_positive,strongly_positive,strongly_positive,strongly_positive,positive
1965975502197575834:0,positive,positive,positive,positive,positive
1965591238788481188:0,dont_know,dont_know,dont_know,neutral,dont_know
1965591238788481188:1,strongly_negative,strongly_negative,strongly_negative,negative,negative
1965245344985538581:0,strongly_negative,strongly_negative,strongly_negative,strongly_positive,negative
1965096239147745401:0,strongly_negative,strongly_negative,strongly_negative,strongly_negative,strongly_negative
1965096239147745401:1,strongly_negative,strongly_negative,negative,negative,negative
1963615238571659665:0,strongly_negative,strongly_negative,strongly_negative,strongly_negative,strongly_negative
1963615238571659665:1,negative,negative,negative,neutral,negative
1963160102615093410:0,strongly_positive,strongly_positive,strongly_positive,strongly_positive,strongly_positive
1962503731892949023:0,neutral,neutral,neutral,neutral,neutral
1962503731892949023:1,neutral,neutral,neutral,negative,neutral
1962503731892949023:2,positive,positive,positive,positive,neutral
1962174330202382452:0,strongly_negative,strongly_negative,strongly_negative,negative,negative
1962174330202382452:1,strongly_negative,strongly_negative,strongly_negative,dont_know,negative
1961280778299740444:0,neutral,neutral,neutral,neutral,neutral
1961246881423720906:0,positive,positive,positive,neutral,positive
1961246881423720906:1,positive,negative,negative,strongly_positive,neutral
1960321658700587202:0,neutral,neutral,neutral,strongly_positive,positive
1959448935250190780:0,neutral,neutral,neutral,neutral,neutral
1959122038519652377:0,positive,positive,positive,neutral,positive
1958936490664501378:0,neutral,neutral,neutral,strongly_positive,neutral
1958878931115024891:0,neutral,positive,positive,positive,neutral
1958420924782535023:0,negative,negative,neutral,negative,negative
1958420924782535023:1,strongly_negative,strongly_negative,strongly_negative,strongly_negative,strongly_negative
1958166296182587406:0,negative,strongly_negative,strongly_negative,strongly_negative,negative
1958166296182587406:1,dont_know,neutral,positive,neutral,dont_know
1957992385125970345:0,strongly_positive,strongly_positive,strongly_positive,strongly_positive,strongly_positive
1957992385125970345:1,dont_know,dont_know,dont_know,neutral,positive
1957817957142393217:0,dont_know,negative,dont_know,negative,negative
1957450771366044126:0,neutral,neutral,neutral,neutral,neutral
1956956981761393094:0,neutral,neutral,positive,neutral,neutral
1956956981761393094:1,dont_know,dont_know,dont_know,dont_know,dont_know
1956249006050566496:0,neutral,neutral,neutral,strongly_negative,neutral
1954409024881111133:0,strongly_positive,strongly_positive,positive,positive,positive
1953479435048337468:0,neutral,neutral,negative,negative,negative
1952764892957831399:0,dont_know,dont_know,neutral,dont_know,neutral
1951484920800362933:0,neutral,neutral,neutral,neutral,neutral
1951484920800362933:1,dont_know,dont_know,dont_know,neutral,negative
1951234437083177316:0,strongly_positive,strongly_positive,strongly_positive,strongly_positive,positive
1951134812384928105:0,negative,negative,neutral,negative,negative
1951134812384928105:1,dont_know,dont_know,neutral,strongly_positive,negative
1951134812384928105:2,dont_know,dont_know,dont_know,dont_know,dont_know
1950568115403678037:0,negative,neutral,neutral,neutral,neutral
1950568115403678037:1,dont_know,dont_know,dont_know,neutral,neutral
1950199969560088869:0,negative,strongly_negative,strongly_negative,negative,negative
1950199969560088869:1,negative,negative,negative,negative,negative
1949671627215761452:0,negative,negative,negative,negative,neutral
1949433816281711028:0,dont_know,negative,dont_know,negative,negative
1948191049400357215:0,negative,strongly_negative,strongly_negative,strongly_negative,negative
1948191049400357215:1,positive,neutral,neutral,neutral,neutral
1947924938918355438:0,negative,negative,negative,negative,negative
1947924938918355438:1,negative,negative,negative,negative,negative
1947687283702042825:0,positive,strongly_positive,positive,strongly_positive,positive
1947556149114364088:0,positive,positive,positive,positive,positive
1947140954529636362:0,neutral,neutral,neutral,neutral,neutral
1947140954529636362:1,positive,positive,positive,strongly_positive,neutral
1946951769843724451:0,strongly_negative,strongly_negative,strongly_negative,strongly_negative,strongly_negative
1946512488314577357:0,negative,negative,negative,strongly_negative,negative
1945870380528201963:0,strongly_negative,strongly_negative,strongly_positive,strongly_positive,negative
1944750515327508556:0,neutral,neutral,neutral,neutral,neutral
1944330442737693152:0,strongly_positive,positive,strongly_positive,strongly_positive,positive
1944240076671844704:0,strongly_negative,strongly_negative,strongly_negative,strongly_negative,negative
1943690055119204375:0,neutral,neutral,neutral,strongly_negative,negative
1943337662137369003:0,strongly_negative,strongly_negative,strongly_negative,strongly_negative,strongly_negative
1943174669974278320:0,positive,positive,positive,strongly_positive,positive
1940987981130870916:0,positive,positive,neutral,neutral,positive
1939976992872702274:0,strongly_negative,strongly_negative,strongly_negative,strongly_negative,strongly_negative
1939301246877233227:0,neutral,neutral,neutral,neutral,neutral
1939108076717777265:0,positive,positive,positive,positive,positive
1938766992468549848:0,strongly_negative,strongly_negative,strongly_negative,strongly_negative,strongly_negative
1938425102523154736:0,positive,positive,neutral,positive,neutral
1938048080533712919:0,negative,negative,negative,negative,neutral
1938048080533712919:1,positive,positive,dont_know,neutral,dont_know
1937679622621081902:0,neutral,neutral,negative,strongly_negative,negative
1937528374559223855:0,strongly_negative,strongly_negative,strongly_negative,strongly_negative,strongly_negative
1937528374559223855:1,dont_know,dont_know,dont_know,dont_know,dont_know
1935371522606317683:0,strongly_positive,strongly_positive,strongly_positive,strongly_positive,strongly_positive
1935000580247998583:0,strongly_negative,strongly_negative,strongly_negative,strongly_negative,strongly_negative
1934607227974758765:0,neutral,neutral,neutral,neutral,neutral
1934287375061938437:0,neutral,neutral,neutral,positive,neutral
1934278830719656001:0,positive,positive,positive,positive,positive
1934278830719656001:1,dont_know,positive,positive,positive,neutral
1933921862284706162:0,neutral,neutral,neutral,neutral,neutral
1932962897870926258:0,positive,strongly_positive,positive,positive,positive
1932811179040129448:0,neutral,neutral,neutral,strongly_positive,neutral
1931360042659336291:0,negative,negative,neutral,positive,negative
1931360042659336291:1,neutral,positive,positive,positive,neutral
1930966942472368532:0,negative,negative,negative,negative,negative
1930966942472368532:1,negative,negative,negative,negative,negative
1930842747595809152:0,neutral,dont_know,dont_know,negative,neutral
1930791250992541782:0,strongly_positive,strongly_positive,positive,strongly_positive,positive
1930432426129367309:0,neutral,neutral,strongly_negative,strongly_negative,neutral
1928656743845745107:0,strongly_negative,strongly_negative,strongly_negative,strongly_negative,strongly_negative
1928656743845745107:1,strongly_negative,strongly_negative,strongly_negative,strongly_negative,strongly_negative
1928256725540393334:0,negative,negative,negative,neutral,negative
1928256725540393334:1,negative,negative,negative,negative,negative
1928147313727250442:0,strongly_positive,strongly_positive,strongly_positive,strongly_positive,strongly_positive
1928147313727250442:1,positive,positive,neutral,neutral,neutral
1927763502606799328:0,negative,negative,negative,negative,negative
1927536007622131756:0,strongly_positive,strongly_positive,strongly_positive,strongly_positive,strongly_positive
1927536007622131756:1,strongly_positive,strongly_positive,strongly_positive,strongly_positive,positive
1927011143026897140:0,negative,strongly_negative,strongly_negative,strongly_negative,dont_know
1926086068023013665:0,positive,positive,positive,strongly_negative,positive
1926085052250612199:0,neutral,neutral,positive,positive,neutral
1925596971366072814:0,positive,positive,positive,positive,neutral
1925596971366072814:1,neutral,neutral,neutral,neutral,neutral
1925206016024801351:0,positive,strongly_positive,strongly_positive,strongly_positive,positive
1924672062540398741:0,negative,negative,strongly_negative,negative,negative
1924483031991271546:0,strongly_positive,strongly_positive,strongly_positive,strongly_positive,positive
1923911311462957421:0,strongly_negative,strongly_negative,strongly_negative,strongly_negative,strongly_negative
1923911311462957421:1,neutral,negative,neutral,neutral,negative
1922686292724248637:0,negative,negative,strongly_negative,negative,negative
1922670479434760432:0,strongly_negative,strongly_negative,strongly_negative,strongly_negative,strongly_negative
1922670479434760432:1,dont_know,dont_know,dont_know,dont_know,negative
1922617424374845519:0,negative,negative,negative,strongly_negative,negative
1922319971373228206:0,neutral,negative,neutral,negative,neutral
1921804352953405593:0,positive,positive,positive,strongly_positive,positive
1921606226971906369:0,neutral,neutral,neutral,neutral,neutral
1921066262857125985:0,strongly_positive,strongly_positive,strongly_positive,strongly_positive,strongly_positive
1920351095823499280:0,strongly_negative,strongly_negative,strongly_negative,strongly_negative,strongly_negative
1920006356842827853:0,strongly_negative,strongly_negative,negative,neutral,negative
1919977824129089791:0,positive,positive,positive,positive,positive
1919977824129089791:1,positive,positive,positive,strongly_negative,positive
1919556438814556283:0,positive,positive,positive,positive,neutral
1919556438814556283:1,dont_know,neutral,neutral,neutral,neutral
1918665197683667041:0,strongly_negative,strongly_negative,strongly_negative,strongly_negative,negative
1918622100559962533:0,dont_know,neutral,neutral,neutral,negative
1918300886666747966:0,dont_know,dont_know,positive,neutral,neutral
1918299937525416230:0,negative,negative,negative,negative,negative
1918170963079819707:0,dont_know,dont_know,dont_know,neutral,dont_know
1917927971115188365:0,strongly_negative,dont_know,strongly_negative,strongly_negative,strongly_negative
1917771352884535522:0,positive,positive,positive,positive,positive
1917611373061890101:0,positive,strongly_positive,strongly_positive,positive,positive
1917611373061890101:1,positive,positive,positive,positive,positive
1917583709697630532:0,strongly_negative,strongly_negative,strongly_negative,strongly_negative,negative
1916895380144603442:0,neutral,dont_know,neutral,dont_know,neutral
1916894407703605457:0,neutral,neutral,neutral,strongly_negative,neutral
1916893757682884928:0,neutral,neutral,neutral,neutral,neutral
1916291894528905683:0,neutral,neutral,neutral,neutral,neutral
1915608699483344926:0,negative,strongly_negative,strongly_negative,negative,negative
1915381396329423180:0,strongly_negative,strongly_negative,negative,negative,negative
1915214709487284302:0,neutral,neutral,neutral,neutral,neutral
1914322120093712633:0,negative,strongly_negative,negative,strongly_positive,negative
1914173303880573019:0,strongly_positive,strongly_positive,strongly_positive,strongly_positive,strongly_positive
1913978427759345758:0,strongly_negative,strongly_negative,strongly_negative,strongly_negative,strongly_negative
1913978427759345758:1,negative,negative,strongly_negative,strongly_negative,negative
1913787282391187956:0,strongly_positive,strongly_positive,positive,neutral,positive
1912738771713609884:0,neutral,neutral,neutral,neutral,neutral
1912738771713609884:1,neutral,neutral,neutral,neutral,neutral
1912738771713609884:2,dont_know,dont_know,dont_know,dont_know,dont_know
1911476781372031435:0,strongly_positive,strongly_positive,strongly_positive,strongly_positive,positive
1910179252659462564:0,strongly_negative,strongly_negative,strongly_negative,strongly_negative,strongly_negative
1909875302848676274:0,positive,positive,positive,neutral,positive
1908552165053915289:0,neutral,neutral,neutral,neutral,neutral
1908391999712936239:0,neutral,neutral,neutral,neutral,neutral
1908391999712936239:1,negative,negative,strongly_negative,negative,negative
1908023675648925820:0,dont_know,dont_know,dont_know,dont_know,neutral
1907643989257290190:0,strongly_negative,strongly_negative,strongly_negative,strongly_negative,strongly_negative
1907473090843685063:0,neutral,positive,positive,strongly_negative,neutral
1906570419823673399:0,positive,positive,dont_know,positive,positive
1905976957499785326:0,strongly_negative,strongly_negative,strongly_negative,strongly_positive,neutral
1905959568464900105:0,neutral,neutral,neutral,neutral,neutral
1905519915353911650:0,positive,positive,positive,positive,positive
1905519915353911650:1,dont_know,dont_know,dont_know,dont_know,dont_know
1905252825203876244:0,positive,neutral,neutral,strongly_positive,neutral
1904885294299570443:0,positive,positive,positive,positive,neutral
1903447461462733143:0,negative,strongly_negative,neutral,strongly_negative,negative
1903447155219763695:0,negative,strongly_negative,negative,negative,negative
1902906689659212107:0,neutral,neutral,neutral,neutral,neutral
1902692553671209276:0,neutral,neutral,neutral,positive,neutral
1902393632965194193:0,dont_know,dont_know,dont_know,dont_know,neutral
1902390155534881006:0,neutral,neutral,neutral,neutral,neutral
1902389620379414744:0,neutral,neutral,neutral,strongly_positive,neutral
1901689944353243347:0,strongly_negative,strongly_negative,strongly_negative,strongly_negative,strongly_negative
1900712590072049740:0,dont_know,dont_know,dont_know,dont_know,neutral
1900547929477464371:0,positive,strongly_positive,neutral,strongly_positive,positive
1900535688996814904:0,negative,negative,negative,negative,negative
1900535688996814904:1,negative,negative,neutral,neutral,negative
1900535688996814904:2,dont_know,dont_know,dont_know,negative,negative
1900204215911473660:0,strongly_negative,strongly_negative,strongly_negative,strongly_negative,negative
1899871172902477908:0,positive,positive,positive,negative,positive
1899635335526863118:0,neutral,neutral,neutral,neutral,dont_know
1898911873430638774:0,positive,positive,positive,positive,positive
1898911873430638774:1,dont_know,dont_know,dont_know,strongly_negative,dont_know
1898777094693552201:0,negative,negative,negative,positive,dont_know
1898425405805355369:1,neutral,neutral,neutral,strongly_negative,neutral
1898425405805355369:2,negative,negative,neutral,neutral,neutral
1898425405805355369:3,neutral,neutral,neutral,neutral,neutral
1898425405805355369:4,negative,negative,neutral,neutral,neutral
1898380945759305890:0,neutral,strongly_negative,positive,strongly_positive,negative
1898183136464584954:0,positive,positive,positive,positive,positive
1898182623836737753:0,positive,positive,positive,positive,positive
1898065732984049799:0,positive,positive,positive,strongly_positive,neutral
1898065732984049799:1,negative,neutral,neutral,strongly_positive,negative
1897720212176175148:0,negative,negative,neutral,neutral,negative
1897720212176175148:1,dont_know,dont_know,dont_know,dont_know,negative
1897099638664257847:0,neutral,negative,strongly_negative,negative,dont_know
1896256420699643984:0,strongly_positive,strongly_positive,strongly_positive,positive,strongly_positive
1895874553093767354:0,neutral,neutral,neutral,neutral,neutral
1895874553093767354:1,dont_know,dont_know,dont_know,dont_know,neutral
1895670761945514002:0,positive,positive,positive,positive,positive
1895670761945514002:1,neutral,neutral,dont_know,neutral,neutral
1895655859755368625:0,positive,positive,positive,strongly_negative,neutral
1895655859755368625:1,positive,positive,positive,positive,positive
1895401615819194856:0,neutral,neutral,neutral,neutral,neutral
1895340982704673008:0,strongly_negative,strongly_negative,strongly_negative,strongly_negative,negative
1894920400179810336:0,positive,positive,positive,positive,positive
1894920400179810336:1,dont_know,dont_know,dont_know,neutral,negative
1894696324056158465:0,dont_know,positive,positive,neutral,positive
1894376452180906283:0,neutral,neutral,neutral,neutral,neutral
1893978718819021134:0,neutral,neutral,neutral,neutral,neutral
1893676288151293987:0,strongly_positive,strongly_positive,positive,strongly_positive,positive
1892618951642763315:0,positive,positive,positive,neutral,positive
1892442127428092016:0,neutral,neutral,neutral,neutral,neutral
1892178845958312397:0,negative,negative,dont_know,negative,negative
1890943809334182308:0,neutral,neutral,neutral,neutral,neutral
1890805172852683230:0,strongly_positive,strongly_positive,strongly_positive,strongly_positive,positive
1890755301231501695:0,positive,positive,neutral,negative,positive
1890077959954002281:0,neutral,neutral,neutral,neutral,neutral
1889966609646956745:0,dont_know,dont_know,dont_know,neutral,neutral
1889863789539107153:1,strongly_positive,strongly_positive,strongly_negative,strongly_positive,strongly_positive
1889863789539107153:2,strongly_positive,strongly_positive,strongly_positive,strongly_positive,strongly_positive
1889809326484889932:0,neutral,neutral,neutral,neutral,neutral
1889809088781099474:0,neutral,neutral,neutral,neutral,neutral
1889634959322685616:0,neutral,neutral,neutral,neutral,neutral
1889474489953689769:0,dont_know,dont_know,neutral,dont_know,neutral
1889253838768722190:0,neutral,neutral,neutral,neutral,neutral
1889253838768722190:1,neutral,neutral,dont_know,dont_know,neutral
1889252993658478816:0,neutral,neutral,neutral,neutral,neutral
1889252993658478816:1,neutral,neutral,neutral,neutral,neutral
1889213660096262546:0,neutral,neutral,neutral,neutral,neutral
1889112378794787080:0,neutral,neutral,neutral,neutral,neutral
1889020359573463541:0,neutral,neutral,neutral,neutral,neutral
1888822897923547558:0,neutral,neutral,neutral,neutral,neutral
1888462004392010028:0,neutral,neutral,neutral,neutral,neutral
1888410303727366250:0,neutral,neutral,neutral,neutral,neutral
1887159435661115484:0,neutral,neutral,neutral,neutral,neutral
1886581078070321320:0,negative,negative,positive,positive,negative
1886581078070321320:1,dont_know,dont_know,dont_know,dont_know,dont_know
1886406587109310745:0,neutral,neutral,neutral,neutral,neutral
1886402994964459788:0,neutral,neutral,neutral,neutral,neutral
1886392808266973297:0,dont_know,negative,neutral,neutral,negative
1885583695844958662:0,negative,negative,negative,negative,negative
1885583695844958662:1,neutral,neutral,neutral,negative,neutral
1885583695844958662:2,neutral,neutral,neutral,negative,neutral
1885583685493416144:0,negative,negative,negative,negative,negative
1885583685493416144:1,neutral,neutral,neutral,negative,neutral
1885583685493416144:2,neutral,neutral,neutral,negative,neutral
1884636872590430612:0,strongly_negative,strongly_negative,strongly_negative,strongly_negative,strongly_negative
1884588025109442942:0,strongly_negative,strongly_negative,strongly_negative,strongly_negative,strongly_negative
1882005557709848976:0,positive,strongly_positive,strongly_positive,positive,positive
1881742169649946639:0,negative,strongly_negative,strongly_negative,strongly_negative,negative
1880269428581101748:0,negative,negative,negative,negative,negative
2092483610343518419:0,neutral,neutral,neutral,negative,negative
2092483610343518419:1,neutral,neutral,neutral,positive,neutral
2092483610343518419:2,dont_know,dont_know,dont_know,neutral,neutral
2088274742331761087:0,neutral,neutral,neutral,neutral,neutral
2082053958261240146:0,neutral,negative,strongly_negative,negative,negative
2043879871290716292:0,strongly_positive,positive,positive,strongly_positive,positive
2037433214042853743:0,strongly_positive,strongly_positive,strongly_positive,strongly_positive,positive
2037433214042853743:1,positive,positive,positive,positive,positive
2032319538227019872:0,negative,negative,negative,negative,negative
2032319538227019872:1,neutral,neutral,neutral,negative,negative
2028291264031158513:0,strongly_positive,positive,positive,positive,positive
2027766527190249905:0,neutral,neutral,neutral,positive,neutral
1641447609083756544:0,strongly_positive,strongly_positive,strongly_positive,strongly_positive,positive
2025751001790373919:0,negative,negative,strongly_negative,negative,negative
2024336836890681391:0,strongly_positive,strongly_positive,positive,strongly_positive,positive
2024336836890681391:1,positive,positive,positive,positive,positive
2023976212490514782:0,positive,positive,positive,positive,positive
2022857338668138605:0,positive,positive,positive,positive,positive
2020055249088577898:0,negative,strongly_negative,strongly_negative,strongly_negative,negative
2020055249088577898:1,neutral,neutral,neutral,neutral,negative
2020055249088577898:2,positive,strongly_positive,strongly_positive,strongly_positive,positive
2020016812109467887:0,negative,negative,negative,negative,negative
2020016812109467887:1,negative,negative,negative,strongly_negative,negative
2020016812109467887:2,neutral,neutral,neutral,neutral,negative
2019441583104372930:0,negative,negative,negative,negative,negative
2019441583104372930:1,neutral,neutral,neutral,neutral,negative
2019441583104372930:2,neutral,neutral,negative,positive,neutral
2019435453196431444:0,negative,strongly_negative,strongly_negative,strongly_negative,negative
2019435453196431444:1,neutral,neutral,neutral,neutral,negative
2013068742515712049:0,strongly_positive,positive,positive,positive,positive
2011627372722995367:0,positive,positive,positive,positive,positive
2011472361594482961:0,negative,strongly_negative,strongly_negative,negative,negative
2011472361594482961:1,neutral,neutral,neutral,neutral,negative
2011472361594482961:2,negative,negative,negative,negative,negative
2004034933673914413:0,positive,positive,strongly_positive,positive,positive
2000804302999446000:0,negative,negative,strongly_negative,strongly_negative,negative
2000804302999446000:1,neutral,neutral,neutral,neutral,negative
2000804302999446000:2,strongly_positive,positive,strongly_positive,strongly_positive,positive
1996443527845454236:0,positive,positive,positive,positive,positive
1982663316930707730:0,positive,positive,positive,positive,positive
1981187504402551250:0,strongly_positive,strongly_positive,strongly_positive,strongly_positive,positive
1980803214053376100:1,strongly_positive,positive,strongly_positive,positive,positive
1980258539034824868:0,strongly_positive,positive,positive,positive,positive
1972513775728435545:0,positive,positive,positive,positive,positive
1969976617603903535:0,strongly_positive,positive,positive,positive,positive
1968877388562833428:1,positive,neutral,neutral,neutral,neutral
1964266066005156296:0,neutral,neutral,neutral,neutral,neutral
1963570971664670800:0,neutral,neutral,neutral,neutral,neutral
1963521233011806492:0,neutral,neutral,neutral,neutral,neutral
1961964415143829748:0,strongly_positive,positive,positive,positive,positive
1961455358620438564:0,neutral,neutral,neutral,neutral,neutral
1960166465694470402:0,positive,positive,positive,positive,positive
1958855477351293416:0,neutral,neutral,neutral,neutral,neutral
1958123720410907005:0,neutral,neutral,neutral,neutral,neutral
1957402756182094261:0,neutral,neutral,neutral,neutral,neutral
1956560289039860196:0,positive,positive,positive,positive,positive
1956230640078348651:0,neutral,neutral,neutral,neutral,neutral
1955861587824402757:0,neutral,neutral,neutral,neutral,neutral
1955196775427609079:0,neutral,neutral,neutral,neutral,neutral
1955196775427609079:1,positive,positive,positive,strongly_positive,positive
1953994659501686969:0,strongly_positive,positive,positive,positive,positive
1950021566391341104:0,strongly_positive,positive,strongly_positive,positive,positive
1949050865987572129:0,negative,strongly_negative,strongly_negative,negative,negative
1949050865987572129:1,neutral,positive,strongly_positive,strongly_positive,negative
1949050865987572129:2,neutral,neutral,neutral,neutral,negative
1944261412584665247:0,negative,negative,strongly_negative,negative,negative
1944261412584665247:1,neutral,neutral,neutral,neutral,negative
1942463943768695152:0,negative,negative,negative,negative,negative
1942463943768695152:1,neutral,neutral,neutral,negative,neutral
1942463943768695152:2,neutral,positive,positive,positive,neutral
1939146342686720048:0,positive,positive,positive,strongly_positive,positive
1931152136345387025:0,positive,positive,positive,positive,positive
1927903363053584610:0,positive,positive,positive,positive,positive
1921746817466667406:0,positive,positive,positive,positive,positive
1919949516939108545:0,negative,negative,negative,negative,negative
1919949516939108545:1,neutral,neutral,neutral,neutral,negative
1917755549372015013:0,strongly_positive,positive,positive,positive,positive
1915980909742002289:0,negative,negative,negative,neutral,negative
1915980909742002289:1,neutral,positive,neutral,neutral,negative
1915238613052514709:0,strongly_positive,strongly_positive,strongly_positive,strongly_positive,strongly_positive
1911587392852467758:0,strongly_positive,positive,positive,strongly_positive,positive
1908398751342797002:0,positive,positive,positive,positive,positive
1906533279605379125:0,positive,positive,positive,positive,positive
1905867815246004623:0,neutral,neutral,neutral,positive,neutral
1900419063828144149:0,negative,negative,negative,neutral,negative
1900419063828144149:1,neutral,neutral,neutral,negative,negative
1900419063828144149:2,strongly_positive,strongly_positive,strongly_positive,positive,positive
1899998083385364889:0,positive,positive,positive,positive,positive
1898984952114405583:0,neutral,neutral,neutral,neutral,neutral
1898984952114405583:1,positive,positive,positive,positive,positive
1898220005407232509:0,strongly_positive,positive,positive,positive,positive
1897966731060297821:0,neutral,neutral,neutral,neutral,neutral
1897924168622260318:0,neutral,neutral,positive,neutral,neutral
1897924168622260318:1,positive,positive,positive,positive,positive
1895299064025276925:0,positive,positive,strongly_positive,strongly_positive,positive
1894567420435861669:0,strongly_positive,positive,positive,positive,positive
1892030219550138731:0,strongly_positive,positive,strongly_positive,strongly_positive,positive
1888142321717559602:0,neutral,neutral,neutral,neutral,neutral
1886654492172497253:0,neutral,neutral,neutral,neutral,neutral
1886316707935056267:0,neutral,neutral,neutral,neutral,neutral
1886254793347182754:0,strongly_positive,positive,positive,positive,positive
1885967582370664936:0,neutral,neutral,neutral,neutral,neutral
1884799159389298730:0,strongly_positive,positive,positive,positive,positive
1884414516559241516:0,strongly_positive,positive,positive,strongly_positive,positive
1878976961596592173:0,positive,positive,positive,positive,positive
1874295938669531471:0,strongly_positive,positive,strongly_positive,positive,positive
1873572803880046781:0,strongly_positive,positive,positive,strongly_positive,positive
1871768365020422473:0,strongly_positive,positive,strongly_positive,strongly_positive,positive
1868559866798981591:0,negative,strongly_negative,negative,negative,negative
1868559866798981591:1,positive,positive,positive,positive,negative
1868559866798981591:2,strongly_positive,strongly_positive,strongly_positive,strongly_positive,positive
1868115966972035074:0,strongly_positive,positive,positive,positive,positive
1865266089674129492:0,neutral,neutral,neutral,neutral,neutral
1860973422203031699:0,neutral,neutral,positive,positive,neutral
1860973422203031699:1,strongly_positive,strongly_positive,strongly_positive,strongly_positive,positive
1858103074734411926:0,negative,strongly_negative,negative,neutral,negative
1858103074734411926:1,positive,positive,positive,strongly_positive,positive
1858103074734411926:2,neutral,neutral,neutral,neutral,negative
1857344478492995887:0,neutral,neutral,neutral,neutral,neutral
1857283224684175675:0,neutral,neutral,neutral,neutral,neutral
1857266754004652235:0,neutral,neutral,neutral,neutral,neutral
1857015039544189101:0,neutral,neutral,neutral,neutral,neutral
1856982225545203874:0,neutral,neutral,neutral,neutral,neutral
1856919702477345092:0,neutral,neutral,neutral,neutral,neutral
1856919702477345092:1,neutral,positive,neutral,negative,neutral
1856916183980654683:0,negative,strongly_negative,strongly_negative,strongly_negative,negative
1856916183980654683:1,neutral,neutral,neutral,neutral,negative
1856708870212653503:0,strongly_positive,strongly_positive,strongly_positive,strongly_positive,strongly_positive
1856641495249428664:0,neutral,neutral,positive,positive,neutral
1854376682104520822:0,positive,positive,positive,strongly_positive,positive
1852901029454459209:0,strongly_positive,strongly_positive,strongly_positive,strongly_positive,positive
1844887280726515974:0,strongly_positive,positive,strongly_positive,strongly_positive,positive
1841658712357806136:0,positive,positive,positive,positive,positive
1832717239897973107:0,neutral,positive,positive,positive,positive
1831864582304100745:0,strongly_positive,positive,positive,positive,positive
1827904383398404342:0,strongly_positive,positive,strongly_positive,positive,positive
1825364965529640978:0,positive,positive,positive,strongly_positive,positive
1816715715073757359:0,negative,negative,negative,negative,negative
1816715715073757359:1,neutral,neutral,neutral,strongly_positive,negative
1816022814559985808:0,negative,strongly_negative,strongly_negative,negative,negative
1816022814559985808:1,neutral,positive,neutral,neutral,negative
1816022814559985808:2,neutral,neutral,neutral,positive,neutral
1805509668498031076:0,neutral,neutral,neutral,neutral,neutral
1802536566134640911:0,positive,positive,positive,positive,positive
1798000263024058431:0,positive,positive,positive,positive,positive
1795266006136627511:0,positive,positive,positive,positive,positive
1795266006136627511:1,strongly_positive,positive,positive,positive,positive
1792949269030416615:0,strongly_negative,strongly_negative,strongly_negative,strongly_negative,strongly_negative
1792949269030416615:1,strongly_negative,strongly_negative,strongly_negative,negative,negative
1786263404505948461:0,positive,positive,positive,positive,positive
1778944366096404948:0,strongly_positive,positive,strongly_positive,strongly_positive,positive
1778723089414807733:0,negative,negative,negative,negative,negative
1778723089414807733:1,neutral,neutral,strongly_positive,positive,negative
1778257503039742072:0,strongly_positive,positive,positive,positive,positive
1777986151779115372:0,neutral,neutral,neutral,neutral,neutral
1777937200249983266:0,neutral,neutral,positive,positive,neutral
1774372263821037636:0,neutral,positive,positive,positive,neutral
1773602011063198007:0,neutral,neutral,neutral,positive,neutral
1771711425213300832:0,positive,positive,positive,strongly_positive,positive
1767047312407503047:0,positive,positive,strongly_positive,strongly_positive,positive
1765909044550938807:0,positive,positive,positive,positive,positive
1759522278059188394:0,neutral,neutral,neutral,neutral,neutral
1759421538875695494:0,strongly_positive,positive,positive,strongly_positive,positive
1759393961121341931:0,positive,positive,positive,positive,positive
1758015569339793838:0,neutral,negative,neutral,neutral,negative
1758015569339793838:1,neutral,positive,positive,negative,neutral
1757594661143646261:0,positive,positive,positive,positive,positive
1756132871146791151:0,strongly_positive,positive,strongly_positive,positive,positive
1754675214984905141:0,negative,negative,strongly_negative,strongly_negative,negative
1754675214984905141:1,neutral,neutral,neutral,negative,negative
1752141117024280845:0,strongly_positive,strongly_positive,strongly_positive,strongly_positive,positive
1750060881181118468:0,neutral,neutral,neutral,neutral,neutral
1749688903052005580:0,neutral,neutral,neutral,neutral,neutral
1746720029675282505:0,positive,positive,positive,positive,positive
1745651509185106025:0,positive,positive,positive,positive,positive
1741738255555694788:0,neutral,neutral,neutral,neutral,neutral
1741302041559884218:0,strongly_positive,strongly_positive,strongly_positive,strongly_positive,positive
1739499166991323455:0,positive,positive,positive,positive,positive
1739111388797358299:0,strongly_positive,positive,strongly_positive,strongly_positive,positive
1738844304632860719:0,neutral,neutral,neutral,neutral,neutral
1731124830898884667:0,positive,positive,strongly_positive,positive,positive
1726041683081760942:0,strongly_positive,positive,positive,strongly_positive,positive
1724335244630012026:0,strongly_positive,positive,positive,positive,positive
1723708651243008200:0,strongly_positive,positive,strongly_positive,strongly_positive,positive
1723147925784776870:0,positive,positive,positive,positive,positive
1720606682366022033:0,neutral,neutral,strongly_positive,neutral,negative
1720606682366022033:1,negative,neutral,negative,negative,neutral
1720606682366022033:2,neutral,positive,neutral,neutral,neutral
1720370094402834901:0,strongly_positive,strongly_positive,strongly_positive,strongly_positive,strongly_positive
1716612986620821820:0,strongly_positive,strongly_positive,strongly_positive,strongly_positive,positive
1715677693344469044:0,positive,positive,strongly_positive,strongly_positive,positive
1713383594473975812:0,strongly_positive,positive,positive,strongly_positive,positive
1710975042266493105:0,neutral,neutral,neutral,positive,neutral
1709523672946688034:0,negative,negative,negative,positive,negative
1707257150802722875:0,positive,positive,positive,strongly_positive,positive
1704305720827781368:0,positive,positive,positive,strongly_positive,positive
1703985482064155015:0,strongly_positive,strongly_positive,strongly_positive,strongly_positive,strongly_positive
1703600469921149404:0,strongly_positive,positive,positive,strongly_positive,positive
1701390964060000719:0,negative,negative,strongly_negative,neutral,negative
1701390964060000719:1,neutral,neutral,neutral,neutral,negative
1697109846472917446:0,positive,positive,positive,positive,positive
1695410531849347111:0,negative,negative,negative,positive,negative
1694551044058185975:0,strongly_positive,positive,positive,positive,positive
1694357023121694975:0,neutral,negative,negative,negative,negative
1693473262347653283:0,strongly_positive,positive,positive,positive,positive
1682581345070112768:0,positive,positive,strongly_positive,strongly_positive,positive
1679010862823280642:0,negative,negative,negative,negative,negative
1679010862823280642:1,neutral,neutral,strongly_positive,positive,negative
1678727835744374784:0,negative,strongly_negative,strongly_negative,negative,negative
1678727835744374784:1,neutral,neutral,neutral,neutral,negative
1674673499523416065:0,positive,positive,positive,positive,positive
1674219217254776832:0,positive,positive,strongly_positive,positive,positive
1672469698183835649:0,negative,negative,strongly_negative,negative,negative
1672469698183835649:1,neutral,neutral,neutral,neutral,negative
1671169148834177027:0,negative,strongly_negative,negative,negative,negative
1663495358578847746:0,negative,negative,negative,positive,negative
1663495358578847746:1,neutral,neutral,neutral,neutral,negative
1635594042556964864:0,negative,negative,neutral,negative,negative
1635594042556964864:1,negative,negative,negative,negative,negative
1663017582587428866:0,positive,positive,positive,strongly_positive,positive
1656934843245289472:0,negative,strongly_negative,strongly_negative,strongly_negative,negative
1656934843245289472:1,strongly_positive,strongly_positive,strongly_positive,strongly_positive,positive
1656934843245289472:2,neutral,neutral,neutral,positive,negative
1654294529326080000:0,positive,positive,positive,positive,positive
1653284923749568512:0,strongly_positive,strongly_positive,strongly_positive,strongly_positive,strongly_positive
1653284923749568512:1,strongly_positive,strongly_positive,strongly_positive,positive,positive
1650362396962332672:0,positive,positive,positive,positive,positive
1649630059752464384:0,strongly_positive,positive,positive,strongly_positive,positive
1648644397443973121:0,neutral,neutral,neutral,strongly_negative,neutral
1647780403779096576:0,neutral,neutral,neutral,neutral,negative
1646688353197363204:0,strongly_positive,positive,positive,strongly_positive,positive
1641621860449411073:0,strongly_positive,positive,positive,positive,positive
1640951030308536320:0,positive,positive,positive,positive,positive
1636348644491427847:0,strongly_positive,strongly_positive,strongly_positive,strongly_positive,strongly_positive
1636230411314446336:0,strongly_positive,positive,strongly_positive,strongly_positive,positive
1634883639422119940:0,strongly_positive,strongly_positive,strongly_positive,strongly_positive,positive
1633787204987420673:0,strongly_positive,strongly_positive,strongly_positive,strongly_positive,positive
1633266990923014147:0,positive,positive,positive,strongly_positive,positive
1632553056062812160:0,positive,positive,positive,positive,positive
1631282836987838464:0,strongly_positive,strongly_positive,strongly_positive,positive,positive
1630784638057844736:0,strongly_positive,positive,positive,strongly_positive,positive
1627854915078082561:0,strongly_positive,positive,positive,strongly_positive,positive
1627112304952377346:0,strongly_positive,positive,positive,strongly_positive,positive
1626748402804592641:0,strongly_positive,positive,positive,positive,positive
1624990258025861120:0,neutral,negative,negative,negative,negative
1623962322409775105:0,negative,negative,negative,negative,negative
1623962322409775105:1,neutral,neutral,neutral,negative,negative
1622088139828256770:0,negative,negative,strongly_negative,negative,negative
1622088139828256770:1,neutral,negative,negative,negative,negative
1619896965978009600:0,strongly_positive,strongly_positive,strongly_positive,strongly_positive,positive
1618420952030924801:0,strongly_positive,positive,positive,positive,positive
1616998587342393348:0,positive,positive,strongly_positive,strongly_positive,positive
1614513593239875585:0,negative,negative,negative,negative,negative
1614513593239875585:1,neutral,neutral,neutral,neutral,neutral
1614475297445023744:0,strongly_positive,positive,positive,strongly_positive,positive
1613109769002442752:0,positive,positive,positive,positive,positive
1611652555888816129:0,negative,negative,negative,neutral,negative
1611652555888816129:1,neutral,neutral,neutral,neutral,negative
1609817786385330178:0,negative,negative,negative,neutral,negative
1609199366157533185:0,strongly_positive,strongly_positive,strongly_positive,strongly_positive,positive
1608674570378317825:0,strongly_positive,positive,positive,strongly_positive,positive
1607331795581960192:0,positive,strongly_positive,strongly_positive,strongly_positive,positive
1606890160377204738:0,negative,negative,negative,negative,negative
1606890160377204738:1,neutral,neutral,neutral,neutral,negative
1606849069166768129:0,positive,positive,positive,positive,positive
1603251377312239617:0,negative,strongly_negative,negative,negative,negative
1603251377312239617:1,neutral,neutral,neutral,neutral,negative
1603251377312239617:2,strongly_positive,strongly_positive,strongly_positive,strongly_positive,positive
1602888218906615808:0,negative,negative,negative,negative,negative
1602888218906615808:1,neutral,negative,neutral,negative,negative
1602888218906615808:2,neutral,neutral,neutral,positive,neutral
1601027223909457920:0,strongly_positive,strongly_positive,strongly_positive,strongly_positive,strongly_positive
1600803867880742912:0,neutral,neutral,neutral,neutral,neutral
1600712231292784640:0,strongly_positive,positive,positive,positive,positive
1599282406934351873:0,strongly_positive,strongly_positive,strongly_positive,positive,positive
1599224386573455360:0,strongly_positive,strongly_positive,strongly_positive,positive,positive
1598996596011958272:0,strongly_positive,strongly_positive,strongly_positive,positive,positive
1598994326503460864:0,strongly_positive,strongly_positive,strongly_positive,positive,positive
1598979870604025857:0,strongly_positive,strongly_positive,strongly_positive,positive,positive
1598977010315194368:0,strongly_positive,strongly_positive,strongly_positive,positive,positive
1598973265997082625:0,strongly_positive,strongly_positive,strongly_positive,positive,positive
1598946571865194496:0,strongly_positive,strongly_positive,strongly_positive,positive,positive
1598925225504440320:0,strongly_positive,strongly_positive,strongly_positive,positive,positive
1598923159314796544:0,strongly_positive,strongly_positive,strongly_positive,strongly_positive,positive
1598922058091859968:0,strongly_positive,strongly_positive,strongly_positive,positive,positive
1598713987486875648:0,strongly_positive,strongly_positive,strongly_positive,positive,positive
1598660127812636673:0,strongly_positive,strongly_positive,strongly_positive,positive,positive
1598656782943277056:0,strongly_positive,strongly_positive,strongly_positive,positive,positive
1598600666293088257:0,strongly_positive,strongly_positive,strongly_positive,positive,positive
1598595836472348672:0,strongly_positive,strongly_positive,strongly_positive,positive,positive
1598595030671065088:0,strongly_positive,strongly_positive,strongly_positive,positive,positive
1598246840646111233:0,strongly_positive,strongly_positive,strongly_positive,strongly_positive,positive
1598238658720845825:0,strongly_positive,strongly_positive,strongly_positive,strongly_positive,positive
1598198216075669516:0,strongly_positive,strongly_positive,strongly_positive,strongly_positive,positive
1598158240738861057:0,strongly_positive,strongly_positive,strongly_positive,positive,positive
1598148761645371392:0,strongly_positive,strongly_positive,strongly_positive,strongly_positive,positive
1598147353852416001:0,strongly_positive,strongly_positive,strongly_positive,positive,positive
1598137345907494914:0,strongly_positive,strongly_positive,strongly_positive,positive,positive
1597842604015898624:0,strongly_positive,strongly_positive,strongly_positive,positive,positive
1597837312062545920:0,strongly_positive,strongly_positive,strongly_positive,positive,positive
1597834934814900224:0,strongly_positive,strongly_positive,strongly_positive,positive,positive
1597831945249239042:0,strongly_positive,strongly_positive,strongly_positive,positive,positive
1597824262429380609:0,strongly_positive,strongly_positive,strongly_positive,strongly_positive,positive
1597574343797911552:0,strongly_positive,strongly_positive,strongly_positive,strongly_positive,positive
1597565032044584960:0,strongly_positive,strongly_positive,strongly_positive,positive,positive
1597526115622715392:0,strongly_positive,strongly_positive,strongly_positive,positive,positive
1597482964753207296:0,strongly_positive,strongly_positive,strongly_positive,positive,positive
1597476529914916864:0,strongly_positive,strongly_positive,strongly_positive,positive,positive
1597454497307316225:0,strongly_positive,strongly_positive,strongly_positive,strongly_positive,positive
1597442677142085632:0,strongly_positive,strongly_positive,strongly_positive,positive,positive
1597439163942727681:0,strongly_positive,strongly_positive,strongly_positive,strongly_positive,positive
1597436012472729600:0,strongly_positive,strongly_positive,strongly_positive,positive,positive
1597432373943365632:0,strongly_positive,strongly_positive,strongly_positive,positive,positive
1597429138457264130:0,strongly_positive,strongly_positive,strongly_positive,positive,positive
1597424017514049536:0,strongly_positive,strongly_positive,strongly_positive,strongly_positive,positive
1597422754751737856:0,strongly_positive,strongly_positive,strongly_positive,positive,positive
1597417640930480129:0,strongly_positive,strongly_positive,strongly_positive,positive,positive
1597416413207359489:0,strongly_positive,strongly_positive,strongly_positive,strongly_positive,positive
1597402146328043521:0,strongly_positive,strongly_positive,strongly_positive,strongly_positive,positive
1597399892795674624:0,strongly_positive,strongly_positive,strongly_positive,strongly_positive,positive
1597396933642842113:0,strongly_positive,strongly_positive,strongly_positive,strongly_positive,positive
1597263291692519425:0,strongly_positive,strongly_positive,strongly_positive,strongly_positive,positive
1597258012858908672:0,strongly_positive,strongly_positive,strongly_positive,positive,positive
1597253136653352960:0,strongly_positive,strongly_positive,strongly_positive,positive,positive
1597131616891305984:0,strongly_positive,strongly_positive,strongly_positive,strongly_positive,positive
1597128550066573313:0,strongly_positive,strongly_positive,strongly_positive,positive,positive
1597118820757667842:0,strongly_positive,strongly_positive,strongly_positive,positive,positive
1596862648247005184:0,strongly_positive,strongly_positive,strongly_positive,strongly_positive,positive
1596855170226618369:0,strongly_positive,strongly_positive,strongly_positive,positive,positive
1596852394004205569:0,strongly_positive,strongly_positive,strongly_positive,strongly_positive,positive
1596793935791558656:0,strongly_positive,strongly_positive,strongly_positive,positive,positive
1596784228020391937:0,strongly_positive,strongly_positive,strongly_positive,strongly_positive,positive
1596763310376255489:0,strongly_positive,strongly_positive,strongly_positive,positive,positive
1596447965593636864:0,strongly_positive,strongly_positive,strongly_positive,positive,positive
1596401581133828096:0,strongly_positive,strongly_positive,strongly_positive,strongly_positive,positive
1596395587280470017:0,strongly_positive,strongly_positive,strongly_positive,positive,positive
1596378399563747329:0,strongly_positive,strongly_positive,strongly_positive,strongly_positive,positive
1596359233553182720:0,strongly_positive,strongly_positive,strongly_positive,positive,positive
1596338583488827393:0,strongly_positive,strongly_positive,strongly_positive,positive,positive
1596333559060795395:0,strongly_positive,strongly_positive,strongly_positive,positive,positive
1596326247843647489:0,strongly_positive,strongly_positive,strongly_positive,positive,positive
1596324691052212226:0,strongly_positive,strongly_positive,strongly_positive,positive,positive
1596177868618625024:0,strongly_positive,strongly_positive,strongly_positive,positive,positive
1596081386552971265:0,strongly_positive,strongly_positive,strongly_positive,positive,positive
1596057542270275586:0,strongly_positive,strongly_positive,strongly_positive,positive,positive
1596035260265172994:0,strongly_positive,strongly_positive,strongly_positive,positive,positive
1596032817015984128:0,strongly_positive,strongly_positive,strongly_positive,positive,positive
1596028546023325697:0,strongly_positive,strongly_positive,strongly_positive,positive,positive
1596025525872758786:0,strongly_positive,strongly_positive,strongly_positive,strongly_positive,positive
1596021938455195648:0,strongly_positive,strongly_positive,strongly_positive,positive,positive
1596006837266309120:0,strongly_positive,strongly_positive,strongly_positive,positive,positive
1596005512730275842:0,strongly_positive,strongly_positive,strongly_positive,positive,positive
1595998216700723201:0,strongly_positive,strongly_positive,strongly_positive,positive,positive
1595986162187137024:0,strongly_positive,strongly_positive,strongly_positive,positive,positive
1595982459778502656:0,strongly_positive,strongly_positive,strongly_positive,positive,positive
1595980330615599105:0,strongly_positive,strongly_positive,strongly_positive,strongly_positive,positive
1595968088675340290:0,strongly_positive,strongly_positive,strongly_positive,positive,positive
1595821198654726145:0,strongly_positive,strongly_positive,strongly_positive,positive,positive
1595807287586983936:0,strongly_positive,strongly_positive,strongly_positive,positive,positive
1595803912514469888:0,strongly_positive,strongly_positive,strongly_positive,positive,positive
1595796675645575168:0,strongly_positive,strongly_positive,strongly_positive,positive,positive
1595783382247829505:0,strongly_positive,strongly_positive,strongly_positive,positive,positive
1595776353823264769:0,strongly_positive,strongly_positive,strongly_positive,positive,positive
1595748147640545281:0,strongly_positive,strongly_positive,strongly_positive,positive,positive
1595733602586996738:0,strongly_positive,strongly_positive,strongly_positive,positive,positive
1595724007738933252:0,strongly_positive,strongly_positive,strongly_positive,strongly_positive,positive
1595695233572171777:0,strongly_positive,strongly_positive,strongly_positive,positive,positive
1595682675289100288:0,strongly_positive,strongly_positive,strongly_positive,positive,positive
1595677114229231616:0,strongly_positive,strongly_positive,strongly_positive,positive,positive
1595673729014845441:0,strongly_positive,strongly_positive,strongly_positive,positive,positive
1595663570251190273:0,strongly_positive,strongly_positive,strongly_positive,strongly_positive,positive
1595654989506301953:0,strongly_positive,strongly_positive,strongly_positive,positive,positive
1595647507937529856:0,strongly_positive,strongly_positive,strongly_positive,strongly_positive,positive
1595621083398705152:0,strongly_positive,strongly_positive,strongly_positive,positive,positive
1595610942246916096:0,strongly_positive,strongly_positive,strongly_positive,positive,positive
1595595760653197312:0,strongly_positive,strongly_positive,strongly_positive,positive,positive
1595592095343202304:0,strongly_positive,strongly_positive,strongly_positive,positive,positive
1595585448747110401:0,strongly_positive,strongly_positive,strongly_positive,strongly_positive,positive
1595426762783363072:0,strongly_positive,strongly_positive,strongly_positive,positive,positive
1595416348175503360:0,strongly_positive,strongly_positive,strongly_positive,strongly_positive,positive
1595400982644785153:0,strongly_positive,strongly_positive,strongly_positive,positive,positive
1595395860816281600:0,strongly_positive,strongly_positive,strongly_positive,positive,positive
1595391820992651264:0,strongly_positive,strongly_positive,strongly_positive,positive,positive
1595377871207661568:0,strongly_positive,strongly_positive,strongly_positive,positive,positive
1595371011733884928:0,strongly_positive,strongly_positive,strongly_positive,positive,positive
1595366269389533185:0,strongly_positive,strongly_positive,strongly_positive,positive,positive
1595344685245304832:0,strongly_positive,strongly_positive,strongly_positive,positive,positive
1595338088842395653:0,strongly_positive,strongly_positive,strongly_positive,positive,positive
1595329389478412289:0,strongly_positive,strongly_positive,strongly_positive,positive,positive
1595316137814032384:0,strongly_positive,strongly_positive,strongly_positive,positive,positive
1595302598940426241:0,strongly_positive,strongly_positive,strongly_positive,positive,positive
1595297608624660482:0,strongly_positive,strongly_positive,strongly_positive,positive,positive
1595280630908342274:0,strongly_positive,strongly_positive,strongly_positive,positive,positive
1595263924320231425:0,strongly_positive,strongly_positive,strongly_positive,positive,positive
1595255418137509888:0,strongly_positive,strongly_positive,strongly_positive,positive,positive
1595235003226796033:0,strongly_positive,strongly_positive,strongly_positive,positive,positive
1595213949544595456:0,strongly_positive,strongly_positive,strongly_positive,positive,positive
1595083093186170880:0,strongly_positive,strongly_positive,strongly_positive,positive,positive
1595075088441040896:0,strongly_positive,strongly_positive,strongly_positive,positive,positive
1595071528320004096:0,strongly_positive,strongly_positive,strongly_positive,strongly_positive,positive
1595068461151322113:0,strongly_positive,strongly_positive,strongly_positive,positive,positive
1594998945167847424:0,strongly_positive,strongly_positive,strongly_positive,positive,positive
1594966014197829633:0,strongly_positive,strongly_positive,strongly_positive,strongly_positive,positive
1594940161330413568:0,strongly_positive,strongly_positive,strongly_positive,positive,positive
1594929469802024961:0,strongly_positive,strongly_positive,strongly_positive,strongly_positive,positive
1594893388540973056:0,strongly_positive,strongly_positive,strongly_positive,positive,positive
1594885379551039488:0,strongly_positive,strongly_positive,strongly_positive,positive,positive
1594881114153582592:0,strongly_positive,strongly_positive,strongly_positive,strongly_positive,positive
1594324047986556935:0,strongly_positive,strongly_positive,strongly_positive,strongly_positive,strongly_positive
1594188109021089797:0,positive,positive,positive,positive,neutral
1593280358401073152:0,positive,positive,neutral,neutral,neutral
1593146571830759425:0,neutral,neutral,neutral,neutral,neutral
1593060367093334017:0,positive,positive,positive,strongly_positive,positive
1593060367093334017:1,positive,positive,positive,positive,neutral
1592912569693786117:0,strongly_positive,strongly_positive,positive,neutral,positive
1592813821890293761:0,neutral,neutral,neutral,neutral,neutral
1591344870148669440:0,neutral,neutral,neutral,neutral,neutral
1591259064847433728:0,strongly_positive,strongly_positive,strongly_positive,strongly_positive,strongly_positive
1591259064847433728:1,positive,positive,positive,positive,positive
1591082583441707012:0,strongly_positive,strongly_positive,strongly_positive,strongly_positive,strongly_positive
1590292610404737024:0,neutral,neutral,neutral,neutral,neutral
1590247587290152962:0,neutral,neutral,neutral,neutral,neutral
1590228351821975553:0,negative,negative,negative,negative,negative
1590228351821975553:1,neutral,neutral,neutral,neutral,negative
1590172568958676993:0,neutral,neutral,neutral,neutral,negative
1590172568958676993:1,neutral,neutral,neutral,neutral,neutral
1589207376410054658:0,neutral,neutral,neutral,neutral,neutral
1589207376410054658:1,strongly_positive,strongly_positive,strongly_positive,strongly_positive,positive
1588838003291877376:0,neutral,neutral,neutral,neutral,neutral
1588796533562290176:0,neutral,neutral,neutral,neutral,neutral
1588796533562290176:1,strongly_positive,strongly_positive,strongly_positive,strongly_positive,positive
1588100943203422208:0,neutral,neutral,neutral,neutral,neutral
1588100943203422208:1,strongly_positive,strongly_positive,strongly_positive,strongly_positive,positive
1586607993806028801:0,negative,strongly_negative,negative,negative,negative
1586607993806028801:1,neutral,neutral,neutral,neutral,negative
1586607993806028801:2,neutral,neutral,neutral,neutral,neutral
1586523465003466752:0,strongly_positive,positive,positive,strongly_positive,positive
1585479260848132096:0,strongly_positive,positive,strongly_positive,strongly_positive,strongly_positive
1585111803331506177:1,positive,positive,strongly_positive,positive,positive
1581479904453234688:0,negative,negative,negative,negative,negative
1581479904453234688:1,positive,positive,positive,positive,positive
1581479904453234688:2,neutral,positive,neutral,neutral,negative
1577482200748298243:0,strongly_positive,positive,positive,strongly_positive,positive
1574210822955741186:0,positive,positive,strongly_positive,strongly_positive,positive
1571671635400466433:0,strongly_positive,positive,positive,strongly_positive,positive
1571331421163364353:0,positive,positive,positive,positive,positive
1570987666359070720:0,strongly_positive,positive,strongly_positive,strongly_positive,positive
1570987666359070720:1,positive,positive,positive,strongly_positive,positive
1569867371128700928:0,strongly_positive,positive,positive,strongly_positive,positive
1568073466284511233:0,positive,positive,positive,positive,positive
1565890462749454336:0,positive,positive,strongly_positive,positive,positive
1565736436921683968:0,negative,negative,negative,negative,negative
1565736436921683968:1,neutral,neutral,neutral,neutral,negative
1564430752791826432:0,strongly_positive,strongly_positive,positive,strongly_positive,positive
1563872039014121472:0,negative,negative,neutral,negative,negative
1563872039014121472:1,neutral,neutral,neutral,neutral,negative
1561046430558863360:0,negative,negative,strongly_negative,strongly_negative,negative
1561046430558863360:1,neutral,neutral,negative,negative,negative
1560937078363652096:0,negative,negative,neutral,strongly_negative,negative
1560937078363652096:1,neutral,positive,neutral,neutral,negative
1560442374689816576:0,strongly_positive,positive,positive,strongly_positive,positive
1557896897335291904:0,strongly_positive,positive,positive,strongly_positive,positive
1556942743817289729:0,positive,positive,positive,positive,positive
1554317822356234240:0,positive,positive,positive,positive,positive
1552918263193284608:0,positive,positive,positive,positive,positive
1552918263193284608:1,strongly_positive,strongly_positive,strongly_positive,strongly_positive,positive
1550710762033025024:0,strongly_positive,positive,strongly_positive,strongly_positive,positive
1550335383388684288:0,strongly_positive,positive,strongly_positive,strongly_positive,positive
1547141310922244096:0,positive,positive,positive,positive,positive
1547088854901194752:0,strongly_positive,positive,positive,positive,positive
1545934564249706496:0,strongly_positive,positive,positive,strongly_positive,positive
1543221094433574912:0,strongly_positive,strongly_positive,positive,strongly_positive,positive
1543221094433574912:1,strongly_positive,strongly_positive,strongly_positive,strongly_positive,positive
1541973182630199296:0,positive,positive,positive,positive,positive
1531227667978387458:0,negative,negative,strongly_negative,negative,negative
1531227667978387458:1,neutral,negative,neutral,negative,negative
1530725362627649536:0,strongly_positive,positive,positive,positive,positive
1526050199713755136:0,strongly_positive,positive,positive,strongly_positive,positive
1525120126210969601:0,strongly_positive,strongly_positive,strongly_positive,strongly_positive,strongly_positive
1524990448300720129:0,neutral,neutral,neutral,neutral,neutral
1521353312502972416:0,positive,positive,positive,positive,positive
1521335129272352768:0,positive,positive,positive,strongly_positive,positive
1520617557329596416:0,strongly_positive,positive,positive,positive,positive
1520257116241797121:0,positive,positive,positive,positive,positive
1518117487820546048:0,positive,positive,positive,positive,positive
1514433424337289219:0,strongly_positive,positive,strongly_positive,strongly_positive,strongly_positive
1513046543690915840:0,positive,positive,positive,positive,positive
1510995407719235589:0,strongly_positive,strongly_positive,strongly_positive,strongly_positive,strongly_positive
1504447700628275200:0,strongly_positive,strongly_positive,strongly_positive,strongly_positive,positive
1504271423572873225:0,strongly_positive,positive,positive,positive,positive
1501945782257487872:0,negative,strongly_negative,negative,strongly_negative,negative
1501945782257487872:1,neutral,positive,neutral,neutral,negative
1501017753817587713:0,strongly_positive,strongly_positive,positive,strongly_positive,positive
1499631497208528896:0,strongly_positive,strongly_positive,strongly_positive,strongly_positive,strongly_positive
1499199433715912705:0,positive,positive,positive,strongly_positive,positive
1498482687358926851:0,positive,positive,positive,positive,positive
1496376540216848384:0,negative,negative,negative,negative,negative
1496376540216848384:1,neutral,neutral,neutral,neutral,negative
1495752075158102017:0,strongly_positive,strongly_positive,strongly_positive,strongly_positive,strongly_positive
1495752075158102017:1,strongly_positive,positive,positive,strongly_positive,positive
2043866954868633714:0,neutral,neutral,neutral,neutral,neutral
2043866954868633714:1,strongly_positive,positive,positive,positive,positive
2043866954868633714:2,positive,positive,strongly_positive,positive,positive
2030287044061351972:0,strongly_positive,strongly_positive,strongly_positive,strongly_positive,positive
1962026892007030888:0,strongly_positive,strongly_positive,positive,strongly_positive,positive
1962026892007030888:1,positive,positive,positive,positive,positive
1962026892007030888:2,positive,positive,positive,positive,positive
1962002703271555563:0,neutral,neutral,neutral,neutral,neutral
1962002703271555563:1,positive,positive,positive,positive,positive
1962002703271555563:2,positive,positive,positive,neutral,positive
1954406545942282601:0,neutral,neutral,neutral,neutral,neutral
1954406545942282601:1,neutral,neutral,neutral,neutral,neutral
1944045778571559124:0,neutral,neutral,positive,positive,neutral
1944045778571559124:1,neutral,neutral,neutral,neutral,neutral
1941818549938303384:0,positive,positive,positive,positive,positive
1941818549938303384:1,positive,positive,positive,positive,positive
1941468772050895160:0,strongly_positive,strongly_positive,strongly_positive,strongly_positive,strongly_positive
1940848755542315187:0,neutral,neutral,neutral,neutral,neutral
1940848755542315187:1,neutral,neutral,neutral,neutral,neutral
1940776778852978920:0,positive,positive,positive,positive,positive
1940776778852978920:1,neutral,neutral,positive,neutral,neutral
1936265432509317316:0,positive,positive,neutral,positive,positive
1936265432509317316:1,positive,positive,positive,positive,positive
1936265432509317316:2,positive,positive,positive,positive,positive
1936064159780573383:0,neutral,positive,positive,positive,positive
1936064159780573383:1,positive,positive,positive,negative,positive
1936064159780573383:2,positive,positive,positive,positive,positive
1935917701819445465:0,neutral,positive,neutral,negative,neutral
1935917701819445465:1,neutral,neutral,neutral,neutral,neutral
1935917701819445465:2,neutral,neutral,neutral,neutral,positive
1923285047638896926:0,positive,positive,positive,neutral,positive
1923285047638896926:1,positive,positive,positive,negative,positive
1923285047638896926:2,positive,positive,positive,positive,positive
1923285047638896926:3,positive,positive,positive,positive,positive
1923285047638896926:4,neutral,neutral,neutral,neutral,positive
1921787857934434801:0,strongly_positive,positive,strongly_positive,strongly_positive,positive
1921787857934434801:1,strongly_positive,positive,positive,positive,positive
1921784921602826407:0,strongly_positive,strongly_positive,strongly_positive,strongly_positive,positive
1921784921602826407:1,positive,positive,positive,positive,positive
1921784921602826407:2,positive,positive,positive,strongly_positive,positive
1921784921602826407:3,strongly_positive,positive,strongly_positive,positive,positive
1919761174234624063:0,negative,negative,strongly_negative,negative,negative
1917777850272473168:0,strongly_positive,strongly_positive,positive,strongly_positive,positive
1917777850272473168:1,negative,negative,negative,negative,negative
1911455357781651734:0,positive,positive,positive,positive,positive
1910592663679644010:0,strongly_positive,strongly_positive,positive,strongly_positive,positive
1910592663679644010:1,strongly_positive,strongly_positive,strongly_positive,strongly_positive,positive
1910592663679644010:2,strongly_positive,strongly_positive,positive,strongly_positive,positive
1908106398551937534:0,positive,positive,positive,strongly_positive,positive
1908106398551937534:1,strongly_positive,strongly_positive,strongly_positive,positive,positive
1908106398551937534:2,strongly_positive,positive,positive,strongly_positive,positive
1908106132599787710:0,strongly_positive,strongly_positive,positive,positive,positive
1908106132599787710:1,strongly_positive,strongly_positive,strongly_positive,strongly_positive,positive
1908106132599787710:2,positive,positive,strongly_positive,positive,positive
1906959003806048628:0,negative,negative,negative,negative,negative
1906959003806048628:1,strongly_positive,strongly_positive,strongly_positive,strongly_positive,positive
1906959003806048628:2,neutral,neutral,neutral,positive,negative
1906631618934010119:0,negative,negative,negative,negative,negative
1906631618934010119:1,neutral,neutral,neutral,neutral,negative
1905148184944312680:0,positive,neutral,neutral,strongly_positive,neutral
1905148184944312680:1,positive,positive,positive,strongly_positive,positive
1905148184944312680:2,strongly_negative,strongly_negative,strongly_negative,negative,negative
1905148184944312680:3,negative,strongly_negative,strongly_negative,strongly_negative,negative
1905148184944312680:4,positive,positive,positive,positive,positive
1903008274544517413:0,strongly_positive,strongly_positive,strongly_positive,strongly_positive,positive
1902945518231405012:0,neutral,neutral,neutral,neutral,neutral
1902945518231405012:1,neutral,neutral,neutral,neutral,positive
1901911897324277806:0,strongly_positive,strongly_positive,strongly_positive,strongly_positive,positive
1899760851927867855:0,neutral,neutral,neutral,neutral,neutral
1899760851927867855:1,neutral,neutral,neutral,negative,positive
1899760851927867855:2,positive,positive,positive,positive,positive
1898195529768878427:0,neutral,neutral,neutral,neutral,neutral
1894651130560614808:0,positive,positive,positive,strongly_positive,positive
1894651130560614808:1,negative,negative,strongly_negative,neutral,negative
1894651130560614808:2,neutral,neutral,positive,negative,negative
1892033215730155883:0,strongly_positive,strongly_positive,strongly_positive,strongly_positive,positive
1890003057280536671:0,neutral,neutral,neutral,neutral,neutral
1890003057280536671:1,neutral,neutral,neutral,neutral,neutral
1890003057280536671:2,neutral,neutral,neutral,neutral,neutral
1890003057280536671:3,positive,positive,positive,neutral,positive
1887687942044590556:0,neutral,neutral,neutral,positive,neutral
1883857437608083850:0,neutral,neutral,neutral,neutral,neutral
1882777251353362838:0,neutral,neutral,neutral,neutral,neutral
1882777251353362838:1,negative,negative,strongly_negative,strongly_negative,negative
1882777251353362838:2,positive,positive,neutral,positive,positive
1874274392483783093:0,strongly_positive,positive,strongly_positive,positive,positive
1871902123270734076:0,positive,positive,positive,positive,positive
1868571930447745363:0,negative,negative,negative,negative,negative
1868571930447745363:1,positive,neutral,positive,strongly_positive,negative
1852604088116249064:0,neutral,neutral,neutral,neutral,neutral
1852604088116249064:1,strongly_positive,strongly_positive,positive,strongly_positive,positive
1852604088116249064:2,strongly_positive,positive,positive,dont_know,positive
1849781115340632174:0,neutral,neutral,neutral,neutral,neutral
1849781115340632174:1,neutral,neutral,neutral,neutral,neutral
1848993655727788439:0,neutral,neutral,neutral,neutral,neutral
1848993655727788439:1,neutral,neutral,neutral,neutral,neutral
1847307928417759622:0,neutral,neutral,neutral,neutral,neutral
1847307928417759622:1,neutral,neutral,neutral,neutral,neutral
1844705123110719593:0,positive,positive,positive,positive,positive
1844705123110719593:1,strongly_positive,positive,strongly_positive,strongly_positive,positive
1844208000342556891:0,neutral,neutral,neutral,neutral,neutral
1844208000342556891:1,positive,positive,positive,positive,positive
1843693764218630176:0,neutral,neutral,neutral,neutral,neutral
1843693764218630176:1,neutral,positive,neutral,positive,neutral
1843257277941469541:0,neutral,neutral,neutral,neutral,neutral
1843257277941469541:1,neutral,neutral,negative,positive,negative
1839712399714025910:0,neutral,neutral,neutral,neutral,neutral
1839712399714025910:1,neutral,neutral,neutral,negative,neutral
1839712399714025910:2,negative,strongly_negative,negative,negative,negative
1795263296565837869:1,positive,positive,positive,strongly_positive,positive
1795263296565837869:2,strongly_positive,strongly_positive,strongly_positive,strongly_positive,strongly_positive
1782437906893975681:0,neutral,neutral,positive,positive,positive
1782437906893975681:1,positive,positive,positive,positive,neutral
1782437906893975681:2,positive,positive,positive,positive,positive
1782225456173031653:0,strongly_positive,strongly_positive,strongly_positive,strongly_positive,positive
1752193432557392020:0,strongly_positive,strongly_positive,strongly_positive,strongly_positive,positive
1752193432557392020:1,positive,positive,positive,positive,positive
1750716932452454401:0,strongly_positive,positive,positive,strongly_positive,positive
1748227782780600440:0,neutral,neutral,strongly_negative,neutral,negative
1748227782780600440:1,negative,negative,negative,negative,negative
1748227782780600440:2,positive,positive,neutral,neutral,negative
1724394772390109216:0,negative,negative,negative,negative,negative
1724394772390109216:1,neutral,neutral,neutral,negative,negative
1724309069564195124:0,positive,positive,positive,neutral,positive
1724309069564195124:1,neutral,neutral,neutral,neutral,neutral
1723757375256174827:0,neutral,neutral,neutral,positive,neutral
1723757375256174827:1,strongly_positive,strongly_positive,positive,strongly_positive,strongly_positive
1714238640539553962:0,positive,positive,neutral,neutral,positive
1714238640539553962:1,positive,positive,strongly_positive,strongly_positive,positive
1714238640539553962:2,strongly_positive,positive,strongly_positive,strongly_positive,positive
1714211532668891535:0,negative,strongly_negative,strongly_negative,strongly_negative,negative
1714211532668891535:1,neutral,neutral,neutral,negative,negative
1712475052082606306:0,negative,strongly_negative,strongly_negative,strongly_negative,negative
1712475052082606306:1,neutral,positive,positive,strongly_positive,negative
1712475052082606306:2,neutral,neutral,neutral,neutral,negative
1701261523350630621:0,neutral,positive,neutral,positive,neutral
1701261523350630621:1,neutral,neutral,neutral,negative,neutral
1697411429283111194:0,negative,strongly_negative,strongly_negative,strongly_negative,negative
1697411429283111194:1,neutral,neutral,strongly_positive,strongly_negative,negative
1694338666544738357:0,neutral,neutral,neutral,neutral,neutral
1694338666544738357:1,strongly_positive,strongly_positive,strongly_positive,strongly_positive,strongly_positive
1689589294825082880:0,strongly_positive,strongly_positive,positive,strongly_positive,positive
1689427948967972864:0,neutral,neutral,neutral,neutral,neutral
1689427948967972864:1,strongly_positive,positive,strongly_positive,strongly_positive,positive
1678989400414519299:0,negative,negative,strongly_negative,strongly_negative,negative
1678989400414519299:1,neutral,positive,neutral,positive,negative
1674249344940380160:0,strongly_positive,positive,positive,positive,positive
1672147560520364038:0,strongly_positive,strongly_positive,positive,strongly_positive,strongly_positive
1672147560520364038:1,positive,positive,positive,positive,positive
1672105993021583360:0,negative,strongly_negative,strongly_negative,strongly_negative,negative
1672105993021583360:1,neutral,positive,positive,strongly_positive,negative
1672105993021583360:2,neutral,neutral,positive,neutral,negative
1656528321021382656:0,negative,negative,negative,negative,negative
1656528321021382656:1,neutral,neutral,neutral,neutral,negative
1656528321021382656:2,neutral,neutral,neutral,neutral,neutral
1656528321021382656:3,positive,positive,neutral,neutral,positive
1655828842177773570:0,negative,negative,strongly_negative,strongly_negative,negative
1655828842177773570:1,neutral,positive,positive,strongly_positive,negative
1655828842177773570:2,neutral,neutral,positive,neutral,negative
1654393784250286081:0,positive,positive,positive,strongly_positive,positive
1654370625266528257:0,strongly_positive,strongly_positive,strongly_positive,strongly_positive,strongly_positive
1654352992223764480:0,strongly_positive,strongly_positive,strongly_positive,positive,positive
1649408193305645056:0,negative,positive,dont_know,neutral,positive
1649408193305645056:1,strongly_positive,strongly_positive,strongly_positive,strongly_positive,strongly_positive
1643886061763043328:0,negative,strongly_negative,strongly_negative,strongly_negative,negative
1639999990054674433:0,neutral,neutral,positive,positive,neutral
1639999990054674433:1,neutral,neutral,neutral,neutral,neutral
1639079148542107648:0,positive,strongly_positive,positive,strongly_positive,positive
1639079148542107648:1,positive,positive,neutral,neutral,positive
1639079148542107648:2,negative,strongly_negative,strongly_negative,strongly_negative,negative
1636341575692468224:0,strongly_positive,strongly_positive,strongly_positive,strongly_positive,strongly_positive
1636203665123082240:0,positive,positive,positive,neutral,positive
1636203665123082240:1,strongly_positive,strongly_positive,strongly_positive,positive,strongly_positive
1634870596113956870:0,strongly_positive,strongly_positive,strongly_positive,strongly_positive,strongly_positive
1634870596113956870:1,positive,positive,positive,negative,positive
1634148513863946242:0,positive,positive,positive,positive,positive
1634148513863946242:1,neutral,neutral,neutral,neutral,neutral
1633433046673391616:0,positive,positive,positive,positive,positive
1633433046673391616:1,strongly_positive,strongly_positive,strongly_positive,strongly_positive,positive
1633282120776032256:0,neutral,neutral,neutral,neutral,neutral
1633282120776032256:1,strongly_positive,strongly_positive,strongly_positive,strongly_positive,positive
1632927742709886976:0,strongly_positive,positive,strongly_positive,strongly_positive,positive
1632389965052276736:0,positive,positive,positive,strongly_positive,positive
1628977011808169984:0,neutral,neutral,positive,positive,neutral
1628977011808169984:1,neutral,neutral,neutral,neutral,neutral
1627491030072442880:0,negative,strongly_negative,strongly_negative,strongly_negative,negative
1627491030072442880:1,positive,negative,strongly_positive,strongly_positive,negative
1626130146393739264:0,negative,strongly_negative,strongly_negative,strongly_negative,negative
1626130146393739264:1,positive,positive,positive,positive,neutral
1618501171936907264:0,strongly_positive,positive,strongly_positive,strongly_positive,positive
1608728469156016129:0,negative,negative,negative,strongly_negative,negative
1608728469156016129:1,neutral,neutral,neutral,neutral,negative
1594485562626691073:0,positive,positive,neutral,neutral,positive
1593587899349377029:0,positive,positive,positive,positive,neutral
1593587899349377029:1,strongly_positive,strongly_positive,strongly_positive,strongly_positive,strongly_positive
1593565765986578433:0,positive,positive,positive,positive,positive
1593303020573724672:0,neutral,neutral,neutral,neutral,dont_know
1593303020573724672:2,neutral,neutral,positive,negative,neutral
1593303020573724672:3,positive,positive,neutral,negative,neutral
1593161293800026112:0,positive,positive,positive,positive,neutral
1593035756725235712:0,positive,positive,neutral,positive,positive
1592889796619571201:0,positive,neutral,positive,positive,neutral
1592889796619571201:1,strongly_positive,strongly_positive,strongly_positive,strongly_positive,strongly_positive
1592887032355123201:0,neutral,neutral,neutral,neutral,neutral
1592887032355123201:1,strongly_positive,strongly_positive,strongly_positive,neutral,strongly_positive
1592870942078021633:0,neutral,neutral,neutral,neutral,neutral
1592674876321460224:0,neutral,neutral,neutral,neutral,neutral
1592674876321460224:1,neutral,neutral,neutral,neutral,positive
1591949094876237824:0,neutral,neutral,neutral,neutral,neutral
1591949094876237824:1,strongly_positive,positive,positive,positive,positive
1590506290106617856:0,positive,positive,positive,positive,positive
1590151960602497025:0,negative,negative,neutral,neutral,negative
1590151960602497025:1,neutral,neutral,neutral,negative,negative
1589604790010785798:0,strongly_positive,strongly_positive,strongly_positive,strongly_positive,positive
1589229004057636866:0,positive,positive,positive,positive,positive
1589225122254454787:0,strongly_negative,strongly_negative,strongly_negative,negative,negative
1589225122254454787:1,positive,positive,positive,strongly_negative,positive
1588703355538669568:0,strongly_positive,positive,positive,neutral,positive
1588702493441413120:0,strongly_positive,positive,neutral,strongly_negative,positive
1588698225707741184:0,positive,positive,positive,positive,positive
1588698225707741184:1,neutral,neutral,neutral,neutral,neutral
1588494613681434624:0,positive,positive,positive,neutral,positive
1588494613681434624:1,neutral,neutral,neutral,neutral,neutral
1588340705512259584:0,dont_know,dont_know,dont_know,negative,dont_know
1588340157258018817:0,neutral,neutral,neutral,neutral,neutral
1588340157258018817:1,positive,positive,positive,positive,positive
1584413593583640577:0,positive,positive,dont_know,neutral,positive
1584413593583640577:1,positive,positive,positive,strongly_positive,positive
1584413593583640577:2,positive,positive,positive,positive,positive
1584413593583640577:3,strongly_positive,strongly_positive,positive,positive,positive
1581477431164407808:0,strongly_negative,strongly_negative,strongly_negative,strongly_negative,negative
1581477431164407808:1,negative,negative,negative,negative,negative
1581477431164407808:2,neutral,negative,neutral,strongly_positive,negative
1580906799234191360:0,neutral,neutral,neutral,neutral,neutral
1580829534496391170:0,strongly_positive,strongly_positive,strongly_positive,strongly_positive,strongly_positive
1580829534496391170:1,positive,positive,positive,positive,positive
1570847219284316160:0,strongly_positive,strongly_positive,strongly_positive,strongly_positive,strongly_positive
1569698766516813831:0,strongly_positive,positive,positive,positive,positive
1566336581019250689:0,negative,negative,negative,negative,negative
1566336581019250689:1,neutral,positive,neutral,strongly_negative,negative
1561179559261011968:0,negative,strongly_negative,strongly_negative,negative,negative
1561179559261011968:1,neutral,neutral,strongly_positive,neutral,negative
1539618566622052352:0,negative,negative,negative,negative,negative
1539618566622052352:1,neutral,neutral,positive,positive,negative
1539618566622052352:2,neutral,neutral,positive,neutral,negative
1539193611019231234:0,positive,positive,positive,positive,positive
1539193611019231234:1,positive,positive,positive,positive,positive
1531229613384269824:0,negative,strongly_negative,strongly_negative,negative,negative
1531229613384269824:1,neutral,neutral,neutral,neutral,negative
1500993544005513216:0,positive,positive,positive,positive,positive
1500993544005513216:1,strongly_positive,positive,strongly_positive,strongly_positive,positive
1500474667270021120:0,negative,negative,negative,negative,negative
1500474667270021120:1,positive,neutral,positive,strongly_negative,negative
1500474667270021120:2,strongly_positive,strongly_positive,strongly_positive,strongly_positive,positive
1496858428924645380:0,negative,negative,negative,negative,negative
1496858428924645380:1,neutral,neutral,neutral,positive,negative
1493461228517486592:0,negative,negative,negative,negative,negative
1493461228517486592:1,neutral,neutral,strongly_negative,strongly_positive,negative
1490928260787875840:0,negative,strongly_negative,strongly_negative,negative,negative
1490928260787875840:1,positive,neutral,positive,neutral,positive
1487673570335485952:0,strongly_positive,strongly_positive,positive,positive,positive
1487673570335485952:1,strongly_positive,positive,strongly_positive,strongly_positive,positive
1482226981424959491:0,positive,positive,positive,positive,positive
1476978719386259456:0,strongly_positive,positive,positive,strongly_positive,positive
1458416028438781952:0,strongly_positive,positive,positive,strongly_positive,positive
1439433468937605120:0,strongly_positive,positive,positive,strongly_positive,positive
1436235759917305861:0,positive,positive,positive,strongly_positive,positive
1436235759917305861:1,positive,positive,positive,positive,positive
1435814296169029634:0,strongly_positive,positive,positive,strongly_positive,positive
1435071487480721409:0,strongly_positive,positive,positive,positive,positive
1432188018908037121:0,negative,strongly_negative,strongly_negative,strongly_negative,negative
1432188018908037121:1,positive,positive,neutral,strongly_positive,positive
1432170954466095107:0,positive,positive,positive,positive,positive
1425824955699109896:0,strongly_positive,positive,positive,positive,positive
1423646059973124104:0,neutral,neutral,neutral,neutral,negative
1423646059973124104:1,strongly_negative,strongly_negative,strongly_negative,strongly_negative,strongly_negative
1423646059973124104:2,negative,strongly_negative,negative,strongly_positive,negative
1423646059973124104:3,negative,negative,strongly_negative,strongly_negative,negative
1417669251070976003:0,positive,positive,positive,strongly_positive,positive
1399742466622853124:0,negative,strongly_negative,strongly_negative,negative,negative
1399742466622853124:1,neutral,neutral,neutral,neutral,negative
1397420796960677893:0,strongly_positive,positive,positive,positive,positive
1397420796960677893:1,positive,positive,positive,positive,neutral
1393906029985861637:0,negative,negative,negative,negative,negative
1393906029985861637:1,neutral,neutral,negative,neutral,negative
1393221161597554692:0,strongly_positive,strongly_positive,strongly_positive,strongly_positive,strongly_positive
1393034806590541824:0,strongly_positive,positive,strongly_positive,strongly_positive,positive
1392326075527487491:0,negative,strongly_negative,strongly_negative,strongly_negative,negative
1392326075527487491:1,positive,positive,strongly_positive,strongly_positive,negative
1392326075527487491:2,neutral,neutral,neutral,neutral,negative
1391621655290470405:0,neutral,neutral,neutral,neutral,neutral
1390242249179467780:0,negative,negative,negative,strongly_negative,negative
1390242249179467780:1,neutral,neutral,neutral,neutral,negative
1390242249179467780:2,strongly_positive,positive,strongly_positive,strongly_positive,positive
1390218047504326662:0,negative,negative,negative,negative,negative
1390218047504326662:1,neutral,neutral,neutral,neutral,negative
1388353749752549380:0,strongly_positive,positive,positive,positive,positive
1386553877504299009:0,positive,positive,strongly_positive,strongly_positive,positive
1386181193322811392:0,strongly_positive,strongly_positive,strongly_positive,strongly_positive,strongly_positive
1385914346497187840:0,negative,negative,negative,negative,negative
1385914346497187840:1,positive,positive,positive,positive,positive
1385914346497187840:2,neutral,neutral,neutral,neutral,negative
1385914219971833860:0,strongly_positive,strongly_positive,strongly_positive,positive,strongly_positive
1385914219971833860:1,strongly_positive,strongly_positive,strongly_positive,strongly_positive,strongly_positive
1385914219971833860:2,dont_know,positive,dont_know,dont_know,positive
1385881627562323972:0,strongly_positive,strongly_positive,strongly_positive,positive,strongly_positive
1385881627562323972:1,strongly_positive,strongly_positive,strongly_positive,strongly_positive,strongly_positive
1385881627562323972:2,strongly_positive,strongly_positive,strongly_positive,strongly_positive,strongly_positive
1385881627562323972:3,strongly_positive,strongly_positive,strongly_positive,strongly_positive,positive
1385401430719090689:0,dont_know,dont_know,dont_know,dont_know,negative
1385198688864137220:0,negative,strongly_negative,strongly_negative,strongly_negative,negative
1385198688864137220:1,neutral,neutral,neutral,neutral,negative
1382723054149586944:0,positive,positive,positive,positive,positive
1382723054149586944:1,positive,positive,positive,positive,positive
1378262226407104515:0,strongly_positive,positive,strongly_positive,strongly_positive,strongly_positive
1377969628744282112:0,strongly_positive,strongly_positive,strongly_positive,strongly_positive,strongly_positive
1377969628744282112:1,strongly_positive,strongly_positive,strongly_positive,strongly_positive,positive
1376566930060939266:0,neutral,neutral,neutral,neutral,neutral
1373957077656240128:0,strongly_positive,strongly_positive,strongly_positive,strongly_positive,strongly_positive
1373957077656240128:1,strongly_positive,strongly_positive,strongly_positive,strongly_positive,positive
1373589102738612224:0,strongly_positive,strongly_positive,positive,strongly_positive,positive
1372896996181217283:0,strongly_positive,strongly_positive,strongly_positive,strongly_positive,positive
1371076158041726986:0,strongly_positive,strongly_positive,strongly_positive,strongly_positive,strongly_positive
1368452425493843974:0,positive,neutral,positive,positive,neutral
1368452425493843974:1,positive,positive,positive,positive,neutral
1367689967871225860:0,negative,strongly_negative,negative,strongly_negative,negative
1367689967871225860:1,neutral,neutral,neutral,neutral,negative
1350792060098408449:0,positive,positive,positive,negative,positive
1350792060098408449:1,strongly_positive,strongly_positive,strongly_positive,strongly_positive,strongly_positive
1348596778736603139:0,strongly_positive,strongly_positive,strongly_positive,strongly_positive,strongly_positive
1348596778736603139:1,dont_know,dont_know,dont_know,dont_know,positive
1348539516429029377:0,strongly_positive,strongly_positive,strongly_positive,strongly_positive,strongly_positive
1348539516429029377:1,positive,positive,positive,strongly_positive,positive
1344109138092072960:0,strongly_positive,positive,positive,strongly_positive,positive
1336719325890134016:0,strongly_negative,strongly_negative,strongly_negative,strongly_negative,strongly_negative
1336328909650989058:0,strongly_positive,strongly_positive,strongly_positive,strongly_positive,strongly_positive
1336328909650989058:1,strongly_positive,positive,strongly_positive,positive,positive
1329429542973411328:0,strongly_positive,positive,positive,strongly_positive,positive
1327471811529850882:0,positive,positive,positive,positive,positive
1327471811529850882:1,neutral,positive,positive,strongly_positive,neutral
1327427326036959232:0,strongly_positive,strongly_positive,strongly_positive,strongly_positive,positive
1327427326036959232:1,strongly_positive,positive,positive,strongly_positive,positive
1327267817427615749:0,negative,negative,strongly_negative,strongly_negative,negative
1327267817427615749:1,neutral,neutral,strongly_positive,positive,negative
1326003517346050049:0,strongly_positive,strongly_positive,strongly_positive,strongly_positive,positive
1326003517346050049:1,strongly_positive,positive,positive,positive,positive
1325344912498286592:0,negative,negative,strongly_negative,negative,negative
1323866167451119619:0,positive,positive,positive,positive,positive
1323866167451119619:1,strongly_positive,strongly_positive,strongly_positive,strongly_positive,positive
1323817313053798400:0,negative,strongly_negative,neutral,strongly_negative,negative
1323817313053798400:1,neutral,positive,strongly_positive,neutral,negative
1323468094589657088:0,negative,negative,negative,negative,negative
1323468094589657088:1,neutral,neutral,strongly_positive,negative,negative
1322062376024252418:0,negative,negative,negative,strongly_negative,negative
1322062376024252418:1,neutral,neutral,strongly_negative,neutral,negative
1316262527047659520:0,negative,negative,negative,negative,negative
1316262527047659520:1,neutral,neutral,neutral,negative,negative
1307949142501548037:0,negative,strongly_negative,strongly_negative,strongly_negative,negative
1307949142501548037:1,positive,positive,strongly_positive,neutral,negative
2092657779471536477:0,negative,strongly_negative,strongly_negative,negative,negative
2092657779471536477:1,negative,negative,negative,negative,negative
2092657779471536477:2,dont_know,dont_know,dont_know,dont_know,dont_know
2078490481009492169:0,negative,negative,dont_know,dont_know,dont_know
2061143640244924700:0,negative,strongly_negative,strongly_negative,strongly_negative,strongly_negative
2061143640244924700:1,neutral,neutral,neutral,neutral,negative
2061143640244924700:2,dont_know,neutral,dont_know,dont_know,negative
2058388082815295634:0,positive,positive,positive,neutral,positive
2058388082815295634:1,strongly_positive,strongly_positive,strongly_positive,strongly_positive,positive
2048581024461066718:0,negative,negative,negative,negative,negative
2048581024461066718:1,negative,negative,neutral,neutral,negative
2048581024461066718:2,negative,negative,negative,negative,negative
2047510597408068095:0,strongly_positive,strongly_positive,strongly_positive,strongly_positive,positive
2047330140766749146:0,negative,negative,neutral,neutral,negative
2044967415650660514:0,strongly_positive,positive,positive,strongly_positive,positive
2043888612195090432:0,neutral,neutral,neutral,neutral,neutral
2043888612195090432:1,strongly_positive,strongly_positive,strongly_positive,strongly_positive,strongly_positive
2041463497226350776:0,strongly_positive,strongly_positive,strongly_positive,strongly_positive,strongly_positive
2037726473570898033:0,negative,strongly_negative,strongly_negative,strongly_negative,negative
2037726473570898033:1,strongly_negative,strongly_negative,strongly_negative,strongly_negative,strongly_negative
2037726473570898033:2,negative,strongly_negative,strongly_negative,strongly_positive,negative
2037463704279855518:0,strongly_positive,strongly_positive,strongly_positive,strongly_positive,strongly_positive
2037359645250167183:0,neutral,negative,neutral,negative,neutral
2037359645250167183:1,negative,negative,negative,negative,negative
2037359645250167183:2,negative,negative,neutral,negative,negative
2037359645250167183:3,positive,positive,positive,strongly_positive,positive
2033388510363984061:0,neutral,neutral,neutral,positive,neutral
2033388510363984061:1,neutral,neutral,neutral,neutral,neutral
2033388510363984061:2,neutral,neutral,neutral,neutral,neutral
2032773556812345793:0,positive,neutral,positive,negative,positive
2032773556812345793:1,positive,positive,positive,positive,positive
2032773556812345793:3,neutral,neutral,strongly_positive,negative,negative
2032773556812345793:2,positive,neutral,strongly_positive,strongly_positive,negative
2030504539594674578:0,neutral,neutral,neutral,neutral,neutral
2030504539594674578:1,negative,negative,positive,strongly_positive,negative
2030504539594674578:2,negative,strongly_negative,strongly_negative,strongly_positive,negative
2030504539594674578:3,positive,negative,strongly_positive,strongly_negative,positive
2028284963439955986:0,strongly_negative,strongly_negative,strongly_negative,negative,strongly_negative
2025590741452693559:0,strongly_positive,strongly_positive,strongly_positive,strongly_positive,strongly_positive
2024318887899418997:0,positive,positive,positive,strongly_positive,strongly_positive
2019808215928889674:1,strongly_positive,strongly_positive,strongly_positive,strongly_positive,positive
2017128984954470551:0,positive,positive,positive,positive,positive
2016854617431351545:0,positive,positive,positive,negative,neutral
2016737128550715871:0,positive,strongly_positive,strongly_positive,strongly_positive,positive
2013803326190821609:0,neutral,neutral,neutral,strongly_positive,neutral
2013803326190821609:1,strongly_positive,strongly_positive,strongly_positive,strongly_positive,positive
2013475207588057564:0,strongly_positive,strongly_positive,strongly_positive,strongly_positive,positive
2013475207588057564:1,strongly_negative,strongly_negative,strongly_negative,strongly_negative,negative
2013475207588057564:2,strongly_positive,strongly_positive,strongly_positive,positive,positive
2011644539862389091:0,positive,positive,positive,positive,positive
2011644539862389091:1,positive,positive,neutral,strongly_positive,neutral
2010189982552764542:0,positive,strongly_negative,negative,strongly_positive,negative
2007706638103527576:0,negative,negative,negative,neutral,negative
2007706638103527576:1,negative,negative,neutral,negative,negative
2004863773824418011:0,negative,negative,negative,negative,negative
2004863773824418011:1,negative,negative,negative,negative,positive
2004518344180060176:1,strongly_positive,strongly_positive,strongly_positive,positive,positive
2004518344180060176:2,strongly_positive,strongly_positive,strongly_positive,positive,strongly_positive
2003303172765634948:0,positive,positive,positive,positive,positive
2003303172765634948:1,neutral,neutral,neutral,neutral,neutral
2003303172765634948:2,positive,neutral,positive,positive,neutral
2001469545765343580:0,positive,positive,positive,positive,positive
2001469545765343580:1,neutral,neutral,neutral,positive,neutral
2001469545765343580:2,positive,strongly_positive,strongly_positive,positive,positive
2000568457100935629:0,neutral,neutral,neutral,neutral,neutral
2000568457100935629:1,strongly_positive,strongly_positive,strongly_positive,strongly_positive,strongly_positive
2000568457100935629:2,positive,positive,positive,positive,positive
2000159036038414717:0,neutral,neutral,neutral,neutral,neutral
2019808215928889674:0,strongly_negative,strongly_negative,strongly_negative,strongly_negative,negative
1999831758691508363:0,positive,strongly_positive,positive,neutral,positive
1999831758691508363:1,positive,positive,neutral,neutral,positive
1999681937720639544:0,strongly_positive,positive,positive,positive,positive
1999681937720639544:1,positive,positive,positive,positive,positive
1998754980736676294:0,positive,positive,positive,neutral,positive
1995379673967300853:0,positive,strongly_positive,positive,positive,positive
1995379673967300853:1,positive,positive,positive,positive,positive
1992912454935040003:0,positive,positive,neutral,positive,positive
1992912454935040003:1,positive,positive,positive,positive,positive
1992214054254055653:0,positive,positive,neutral,neutral,positive
1992188112446099946:0,strongly_positive,strongly_positive,strongly_positive,strongly_positive,strongly_positive
1992188112446099946:1,neutral,neutral,neutral,neutral,neutral
1992188112446099946:2,neutral,neutral,neutral,negative,neutral
1992067374603010518:0,positive,positive,positive,positive,positive
1992067374603010518:1,negative,negative,negative,negative,negative
1992067374603010518:2,negative,negative,strongly_negative,strongly_negative,negative
1992067374603010518:3,negative,strongly_negative,strongly_negative,negative,negative
1992067374603010518:4,negative,negative,negative,neutral,negative
1991343219624538389:0,strongly_negative,strongly_negative,strongly_negative,strongly_negative,negative
1991343219624538389:1,negative,negative,negative,negative,negative
1991343219624538389:2,negative,strongly_negative,strongly_negative,strongly_negative,negative
1991343219624538389:3,positive,positive,positive,strongly_positive,positive
1989912468249038943:0,positive,positive,positive,strongly_positive,positive
1989714765787144213:0,neutral,neutral,neutral,neutral,neutral
1989310380179399028:0,neutral,neutral,positive,neutral,neutral
1989310380179399028:2,negative,negative,negative,negative,neutral
1989310380179399028:3,positive,positive,positive,positive,positive
1988507934687469661:1,neutral,neutral,neutral,neutral,neutral
1987529477619142994:0,positive,positive,strongly_positive,strongly_positive,positive
1987529477619142994:1,positive,positive,positive,strongly_positive,positive
1987529477619142994:2,neutral,positive,positive,positive,positive
1987483605271183465:0,positive,positive,positive,positive,positive
1987483605271183465:1,positive,positive,positive,negative,positive
1987483605271183465:2,strongly_positive,positive,positive,strongly_positive,positive
1986818629246267778:0,positive,strongly_negative,strongly_positive,strongly_negative,negative
1986806647625507089:0,neutral,neutral,neutral,neutral,neutral
1986806647625507089:1,strongly_negative,strongly_negative,strongly_negative,strongly_negative,negative
1985723312568517061:0,positive,positive,positive,positive,positive
1985723312568517061:1,dont_know,dont_know,dont_know,dont_know,dont_know
1984928335970087032:1,negative,positive,positive,negative,positive
1984928335970087032:0,neutral,neutral,neutral,positive,neutral
1981161384185675961:0,neutral,neutral,neutral,neutral,neutral
1968889880605294980:0,strongly_positive,positive,strongly_positive,strongly_positive,strongly_positive
1968889880605294980:1,positive,positive,positive,positive,positive
1968889880605294980:2,positive,positive,positive,positive,positive
1966446158118621196:0,neutral,neutral,neutral,neutral,neutral
1966446158118621196:1,strongly_negative,strongly_negative,strongly_negative,strongly_negative,strongly_negative
1966446158118621196:2,neutral,neutral,dont_know,neutral,negative
1966446158118621196:3,neutral,neutral,neutral,neutral,neutral
1966085386008162690:0,neutral,neutral,neutral,strongly_positive,neutral
1966085386008162690:1,neutral,neutral,neutral,neutral,neutral
1966085386008162690:2,positive,positive,positive,strongly_positive,positive
1966067348609314885:1,negative,negative,negative,negative,negative
1966067348609314885:2,neutral,neutral,positive,positive,neutral
1966067348609314885:3,positive,positive,positive,positive,neutral
1966067348609314885:4,positive,positive,positive,positive,positive
1962198371776774648:0,positive,positive,positive,positive,positive
1962198371776774648:1,strongly_positive,strongly_positive,strongly_positive,strongly_positive,strongly_positive
1955224893949428083:0,positive,neutral,dont_know,dont_know,neutral
1952223053959540947:0,neutral,negative,negative,negative,negative
1952223053959540947:1,negative,strongly_negative,strongly_negative,strongly_negative,negative
1952223053959540947:2,strongly_negative,strongly_negative,strongly_negative,strongly_negative,strongly_negative
1947866300409409796:0,strongly_positive,strongly_positive,strongly_positive,strongly_positive,positive
1947866300409409796:1,positive,positive,strongly_positive,positive,neutral
1946138572358144381:0,neutral,neutral,neutral,neutral,neutral
1945654173380571269:0,positive,neutral,neutral,neutral,neutral
1945654173380571269:1,strongly_positive,positive,positive,strongly_positive,strongly_positive
1943143041625395340:0,strongly_positive,strongly_positive,strongly_positive,strongly_positive,strongly_positive
1942964808263041450:0,positive,positive,positive,positive,positive
1942964808263041450:1,negative,negative,strongly_negative,strongly_negative,negative
1942606768041083065:0,neutral,neutral,neutral,neutral,neutral
1941537395364467174:0,neutral,strongly_negative,dont_know,neutral,neutral
1929058190844440975:0,neutral,positive,positive,strongly_positive,positive
1929058190844440975:1,neutral,neutral,neutral,neutral,neutral
1928818654407188944:0,positive,positive,positive,strongly_positive,positive
1928818654407188944:1,negative,negative,positive,positive,negative
1927911833832227096:0,positive,positive,positive,strongly_positive,positive
1927911833832227096:1,strongly_positive,positive,positive,positive,positive
1927684225806795094:0,neutral,neutral,neutral,neutral,neutral
1927684225806795094:1,neutral,neutral,neutral,neutral,neutral
1926013359767323018:0,neutral,neutral,neutral,positive,neutral
1926013359767323018:1,strongly_positive,strongly_positive,strongly_positive,strongly_positive,strongly_positive
1926013359767323018:2,positive,positive,positive,positive,positive
1920369918190469439:0,positive,neutral,neutral,neutral,neutral
1920369918190469439:1,positive,positive,neutral,neutral,neutral
1919792902839906496:0,positive,positive,positive,positive,positive
1919792902839906496:1,neutral,negative,strongly_negative,strongly_negative,neutral
1919792902839906496:2,positive,neutral,negative,negative,neutral
1919792902839906496:3,neutral,neutral,neutral,neutral,neutral
1919792902839906496:4,negative,neutral,strongly_negative,strongly_negative,negative
1916836902227022133:0,negative,neutral,neutral,strongly_positive,dont_know
1916836902227022133:1,negative,negative,strongly_negative,dont_know,negative
1916368348201275702:0,strongly_positive,positive,positive,strongly_positive,positive
1916368348201275702:1,strongly_positive,strongly_positive,positive,strongly_positive,strongly_positive
1916059861294715066:0,negative,negative,strongly_negative,strongly_negative,negative
1916059861294715066:1,positive,positive,positive,strongly_positive,positive
1915783094868783351:0,strongly_positive,strongly_positive,strongly_positive,strongly_positive,strongly_positive
1915273204194574544:0,neutral,neutral,neutral,neutral,neutral
1915273204194574544:1,strongly_positive,positive,strongly_positive,strongly_positive,positive
1915273204194574544:2,positive,neutral,neutral,dont_know,neutral
1915273204194574544:3,neutral,neutral,dont_know,negative,neutral
1915273204194574544:4,positive,positive,positive,strongly_positive,positive
1915273204194574544:5,neutral,neutral,neutral,negative,neutral
1913512874657685830:0,neutral,negative,neutral,negative,neutral
1913512874657685830:1,neutral,neutral,neutral,negative,neutral
1912740932161814933:0,positive,positive,positive,positive,positive
1912740932161814933:1,neutral,neutral,neutral,neutral,neutral
1911689876254363691:0,negative,negative,strongly_negative,negative,negative
1911689876254363691:1,negative,strongly_negative,dont_know,neutral,negative
1911402270907941312:0,positive,positive,positive,neutral,positive
1910639190414352650:0,neutral,neutral,neutral,neutral,neutral
1910639190414352650:1,strongly_positive,positive,strongly_positive,strongly_positive,strongly_positive
1910235437693559030:1,neutral,neutral,neutral,dont_know,neutral
1910194030404591661:0,neutral,neutral,neutral,neutral,neutral
1909898525443305492:0,neutral,negative,negative,negative,negative
1909609665953931310:0,neutral,neutral,neutral,neutral,neutral
1909413194101408003:0,neutral,neutral,neutral,neutral,neutral
1909115750997950770:0,positive,positive,dont_know,positive,positive
1909115750997950770:1,negative,strongly_negative,strongly_negative,strongly_negative,negative
1909115750997950770:2,strongly_positive,strongly_positive,strongly_positive,strongly_positive,positive
1907300726600335547:0,neutral,neutral,neutral,neutral,neutral
1906962830383001828:0,neutral,neutral,strongly_negative,strongly_negative,negative
1906962830383001828:1,neutral,neutral,negative,negative,negative
1906962830383001828:2,neutral,neutral,neutral,neutral,neutral
1906712237123002622:0,strongly_positive,strongly_positive,strongly_positive,strongly_positive,strongly_positive
1906712237123002622:1,neutral,neutral,neutral,neutral,neutral
1906712237123002622:2,neutral,neutral,positive,strongly_positive,neutral
1906712237123002622:3,neutral,neutral,dont_know,dont_know,neutral
1906590210663629001:0,neutral,neutral,neutral,neutral,neutral
1906569878695203276:0,neutral,neutral,neutral,neutral,neutral
1906569878695203276:1,positive,positive,positive,positive,positive
1906527575536738719:0,strongly_positive,positive,positive,strongly_positive,strongly_positive
1879058883416879182:3,neutral,neutral,dont_know,neutral,neutral
1906387824125136971:0,neutral,neutral,neutral,neutral,negative
1906387824125136971:2,negative,strongly_positive,strongly_negative,strongly_negative,positive
1906387824125136971:3,negative,negative,strongly_negative,negative,negative
1906290884653547719:0,neutral,neutral,neutral,neutral,neutral
1906290884653547719:1,neutral,neutral,neutral,neutral,neutral
1906290884653547719:2,dont_know,dont_know,strongly_negative,strongly_negative,negative
1905459557020979671:0,positive,positive,negative,negative,neutral
1905459557020979671:1,negative,negative,neutral,strongly_negative,negative
1905459557020979671:3,positive,positive,positive,positive,positive
1903802376554688573:0,neutral,neutral,neutral,neutral,neutral
1903802376554688573:1,neutral,neutral,neutral,negative,neutral
1903109738210136541:0,positive,positive,positive,positive,positive
1903109738210136541:1,neutral,neutral,neutral,neutral,neutral
1902569797168275746:0,positive,neutral,positive,positive,neutral
1902569797168275746:1,neutral,positive,dont_know,positive,positive
1902569797168275746:2,positive,positive,neutral,neutral,positive
1902336328022601748:0,strongly_positive,strongly_positive,strongly_positive,strongly_positive,positive
1901573359990685920:0,positive,positive,positive,positive,positive
1901573359990685920:1,strongly_positive,strongly_positive,strongly_positive,strongly_positive,positive
1901571970904535484:0,positive,positive,positive,positive,positive
1901571970904535484:1,strongly_positive,strongly_positive,strongly_positive,strongly_positive,positive
1901473883334611257:0,positive,positive,positive,positive,positive
1901473883334611257:1,strongly_positive,strongly_positive,strongly_positive,strongly_positive,positive
1901473274212880755:0,positive,positive,positive,positive,positive
1901473274212880755:1,strongly_positive,strongly_positive,strongly_positive,positive,positive
1901466045334053109:0,positive,positive,positive,positive,positive
1901466045334053109:1,positive,strongly_positive,strongly_positive,positive,positive
1901460772238328049:0,positive,positive,positive,positive,positive
1901460772238328049:1,positive,strongly_positive,strongly_positive,strongly_positive,positive
1901458507913986365:0,positive,positive,positive,positive,positive
1901458507913986365:1,positive,strongly_positive,strongly_positive,strongly_positive,positive
1900124657929642375:0,positive,positive,neutral,positive,positive
1900124657929642375:1,positive,strongly_positive,strongly_positive,strongly_positive,strongly_positive
1900044375981191538:0,strongly_positive,strongly_positive,strongly_positive,strongly_positive,strongly_positive
1898212017670176872:0,strongly_positive,positive,positive,strongly_positive,positive
1896952910959038839:0,negative,negative,negative,strongly_negative,negative
1896952910959038839:1,neutral,negative,negative,neutral,neutral
1896952910959038839:2,positive,positive,positive,positive,positive
1896952910959038839:3,positive,positive,positive,positive,positive
1896952910959038839:4,positive,positive,strongly_positive,strongly_positive,strongly_positive
1895870770099945667:0,neutral,neutral,neutral,neutral,neutral
1895345497571024996:0,positive,positive,positive,strongly_positive,positive
1895345497571024996:1,positive,positive,positive,positive,positive
1895345497571024996:2,positive,positive,positive,strongly_positive,strongly_positive
1895094953430393065:0,neutral,neutral,neutral,neutral,neutral
1894601024541003932:0,positive,positive,neutral,positive,positive
1894601024541003932:1,positive,positive,positive,positive,positive
1894601024541003932:2,neutral,positive,positive,neutral,positive
1894601024541003932:3,positive,positive,positive,positive,positive
1892762176626315545:0,neutral,neutral,neutral,neutral,neutral
1892032231842918713:0,strongly_positive,strongly_positive,strongly_positive,strongly_positive,strongly_positive
1892032231842918713:1,strongly_positive,positive,positive,strongly_positive,strongly_positive
1891404553343353209:0,neutral,neutral,neutral,neutral,neutral
1891404553343353209:1,neutral,neutral,dont_know,neutral,positive
1891404553343353209:2,neutral,neutral,positive,neutral,positive
1891404553343353209:3,positive,positive,neutral,neutral,positive
1890815941040083060:0,positive,positive,positive,positive,positive
1890602195554299916:0,neutral,neutral,neutral,neutral,neutral
1890217453273383261:0,positive,positive,positive,positive,positive
1888261561325912458:0,strongly_positive,strongly_positive,strongly_positive,strongly_positive,strongly_positive
1888200060263141834:0,neutral,neutral,neutral,neutral,neutral
1887757645207248983:0,positive,positive,positive,positive,positive
1887757645207248983:1,positive,positive,positive,positive,positive
1886791612493390205:1,positive,neutral,neutral,neutral,positive
1886791612493390205:2,strongly_positive,strongly_positive,positive,positive,strongly_positive
1886791612493390205:3,positive,positive,neutral,negative,positive
1886791612493390205:4,strongly_positive,strongly_positive,positive,neutral,positive
1885983734161457278:0,neutral,neutral,neutral,neutral,neutral
1885358270208156049:0,positive,positive,positive,positive,positive
1884461619008393681:1,strongly_positive,positive,strongly_positive,strongly_positive,positive
1881728631438967069:0,neutral,neutral,neutral,neutral,neutral
1881304577338941671:0,neutral,neutral,neutral,positive,neutral
1879735653925261813:0,strongly_positive,positive,positive,strongly_positive,positive
1879058883416879182:0,neutral,neutral,neutral,neutral,neutral
1879058883416879182:1,neutral,neutral,neutral,neutral,neutral
1879058883416879182:2,positive,positive,positive,positive,neutral
1877956815453102121:0,positive,positive,neutral,neutral,positive
1877956815453102121:1,positive,positive,positive,positive,positive
1877956815453102121:2,neutral,neutral,neutral,neutral,neutral
1877212696908599692:0,neutral,neutral,neutral,neutral,neutral
1877212696908599692:1,negative,negative,negative,negative,negative
1877212696908599692:2,negative,negative,negative,negative,negative
1877212696908599692:3,neutral,neutral,dont_know,negative,neutral
1875549415748071838:0,positive,neutral,neutral,neutral,neutral
1875008200195682341:0,neutral,neutral,neutral,strongly_negative,neutral
1875008200195682341:1,positive,negative,positive,negative,neutral
1874336694365020480:0,strongly_positive,positive,strongly_positive,strongly_positive,strongly_positive
1874114092996452828:0,positive,positive,positive,positive,positive
1874114092996452828:1,neutral,neutral,neutral,negative,positive
1874114092996452828:2,neutral,neutral,neutral,neutral,neutral
1854341817699115488:0,strongly_positive,strongly_positive,positive,strongly_positive,strongly_positive
1854341817699115488:1,positive,positive,dont_know,positive,positive
1844575514398425359:0,strongly_positive,positive,strongly_positive,strongly_positive,strongly_positive
1836590042254651883:1,positive,positive,strongly_positive,strongly_positive,strongly_positive
1831917799171879050:0,strongly_positive,positive,strongly_positive,strongly_positive,strongly_positive
1830453072923156673:0,strongly_positive,positive,positive,strongly_negative,positive
1829889704327856155:0,positive,positive,positive,dont_know,positive
1825365919352373640:0,strongly_positive,strongly_positive,positive,strongly_positive,strongly_positive
1821260435620089965:0,strongly_positive,strongly_positive,strongly_positive,strongly_positive,strongly_positive
1820855609778180430:0,strongly_positive,strongly_positive,strongly_positive,strongly_positive,strongly_positive
1813765603796349427:0,strongly_positive,strongly_positive,positive,positive,strongly_positive
1812765744318538167:1,strongly_positive,strongly_positive,strongly_positive,strongly_positive,strongly_positive
1811060363506635210:0,neutral,neutral,positive,neutral,neutral
1811016304217948245:0,neutral,neutral,positive,neutral,neutral
1809258451216015590:0,negative,negative,negative,negative,negative
1809258451216015590:1,negative,negative,negative,dont_know,negative
1809258451216015590:3,positive,negative,positive,positive,positive
1808845228809539829:0,positive,positive,positive,positive,positive
1808845228809539829:1,strongly_negative,strongly_negative,strongly_negative,strongly_negative,negative
1807717550228394476:0,neutral,neutral,neutral,dont_know,neutral
1807345109413019756:0,neutral,neutral,neutral,neutral,neutral
1807345109413019756:1,positive,positive,positive,positive,positive
1806872993584304611:0,neutral,neutral,dont_know,dont_know,neutral
1806872993584304611:1,neutral,neutral,positive,neutral,positive
1806872993584304611:3,neutral,negative,positive,neutral,neutral
1806550383969657016:1,positive,positive,positive,positive,positive
1806540897544503314:1,positive,positive,positive,positive,positive
1805771024891625850:1,positive,positive,positive,positive,positive
1805514383961080215:0,neutral,neutral,neutral,neutral,neutral
1805514383961080215:2,positive,positive,dont_know,negative,positive
1805514383961080215:3,neutral,neutral,neutral,neutral,neutral
1804708055227204029:0,positive,positive,positive,positive,positive
1804708055227204029:1,neutral,neutral,neutral,neutral,neutral
1804415363947377019:0,neutral,neutral,neutral,neutral,neutral
1804415363947377019:1,positive,positive,positive,positive,positive
1804415363947377019:2,positive,positive,positive,positive,positive
1803954992753316056:0,positive,positive,positive,positive,positive
1841703635937296575:0,negative,negative,negative,negative,neutral
1837539004327383337:0,positive,positive,positive,dont_know,positive
1836778992608973138:0,positive,positive,neutral,neutral,positive
1836590042254651883:0,positive,positive,neutral,negative,neutral
1836034000080490670:0,neutral,neutral,neutral,neutral,neutral
1832299867395231793:0,neutral,neutral,neutral,neutral,neutral
1831270553602470201:0,negative,negative,negative,negative,negative
1831257943846588790:0,neutral,negative,neutral,negative,neutral
1828801406561849850:0,neutral,neutral,neutral,neutral,neutral
1828801406561849850:1,positive,positive,positive,neutral,positive
1825437897647919458:0,neutral,neutral,neutral,neutral,neutral
1825437897647919458:3,neutral,neutral,neutral,neutral,neutral
1820445334684012558:0,positive,strongly_positive,positive,strongly_positive,positive
1820411146958233894:0,neutral,neutral,neutral,neutral,neutral
1820411146958233894:1,neutral,positive,positive,positive,neutral
1817935561656864862:0,neutral,neutral,neutral,neutral,neutral
1817935561656864862:1,negative,negative,neutral,neutral,neutral
1817935561656864862:3,neutral,neutral,neutral,negative,neutral
1816055026495701189:0,neutral,neutral,neutral,neutral,neutral
1816055026495701189:1,negative,strongly_negative,strongly_negative,negative,negative
1813596305454989662:0,neutral,neutral,neutral,neutral,neutral
1813596305454989662:1,neutral,neutral,neutral,neutral,neutral
1812765744318538167:0,positive,positive,positive,neutral,positive
1803954992753316056:1,neutral,neutral,neutral,neutral,neutral
1803078140190658670:0,neutral,neutral,neutral,neutral,neutral
1802939994891514302:0,neutral,neutral,positive,neutral,neutral
1801906028885250060:0,dont_know,dont_know,dont_know,neutral,neutral
1799440321786658831:0,strongly_negative,negative,strongly_negative,strongly_negative,negative
1799440321786658831:1,strongly_negative,strongly_negative,strongly_negative,strongly_negative,negative
1799255892908441907:1,neutral,neutral,negative,negative,dont_know
1796681141598175615:0,negative,negative,strongly_negative,strongly_negative,negative
1796681141598175615:1,neutral,negative,neutral,neutral,neutral
1796681141598175615:2,positive,neutral,neutral,neutral,neutral
1795323363994571112:0,strongly_positive,positive,strongly_positive,strongly_positive,positive
1795323363994571112:1,positive,positive,positive,positive,positive
1793425673262117367:0,neutral,neutral,positive,positive,neutral
1793425673262117367:1,strongly_positive,strongly_positive,strongly_positive,strongly_positive,strongly_positive
1793425673262117367:2,positive,positive,positive,strongly_positive,positive
1793425673262117367:3,positive,positive,positive,positive,positive
1792526556101058710:0,neutral,neutral,neutral,strongly_positive,positive
1792526556101058710:2,positive,positive,neutral,strongly_positive,positive
1792526556101058710:3,negative,strongly_negative,negative,strongly_negative,negative
1791008533347275137:0,neutral,neutral,neutral,strongly_positive,neutral
1791008533347275137:1,positive,positive,positive,positive,positive
1790408121871163650:0,negative,negative,negative,negative,negative
1790274743591109075:0,positive,positive,positive,neutral,positive
1790274743591109075:1,positive,strongly_positive,positive,strongly_positive,positive
1790274743591109075:2,positive,positive,positive,positive,strongly_positive
1788236452649947578:0,positive,positive,positive,positive,positive
1788236452649947578:1,neutral,neutral,neutral,neutral,neutral
1788236452649947578:2,dont_know,dont_know,dont_know,dont_know,neutral
1788169739455590584:0,positive,positive,positive,positive,positive
1786733516606091554:0,negative,negative,negative,strongly_negative,neutral
1786733516606091554:1,neutral,negative,negative,neutral,dont_know
1786733516606091554:2,neutral,neutral,neutral,negative,neutral
1779137083384512720:0,strongly_positive,positive,strongly_positive,strongly_positive,strongly_positive
1777352831424733310:0,neutral,neutral,neutral,neutral,neutral
1774389905327858171:0,strongly_positive,strongly_positive,positive,strongly_positive,strongly_positive
1774389905327858171:1,neutral,neutral,positive,neutral,neutral
1774389905327858171:2,positive,positive,positive,positive,positive
1773174121200837092:0,positive,positive,neutral,neutral,positive
1773174121200837092:1,strongly_positive,strongly_positive,positive,strongly_positive,strongly_positive
1772828417756672482:0,dont_know,dont_know,dont_know,dont_know,neutral
1772828417756672482:2,positive,positive,positive,negative,positive
1772828417756672482:4,neutral,neutral,neutral,positive,neutral
1772112300079550970:0,neutral,neutral,neutral,neutral,neutral
1772112300079550970:1,strongly_positive,strongly_positive,strongly_positive,strongly_positive,strongly_positive
1771784302033875064:0,strongly_positive,strongly_positive,strongly_positive,strongly_positive,strongly_positive
1770446816359989750:0,strongly_positive,strongly_positive,strongly_positive,strongly_positive,strongly_positive
1770092628434178241:0,dont_know,neutral,dont_know,neutral,dont_know
1768057679870599467:0,positive,neutral,neutral,positive,negative
1768057679870599467:1,neutral,negative,neutral,negative,negative
1768057679870599467:2,negative,negative,strongly_negative,positive,neutral
1765920798609707042:0,positive,positive,positive,positive,positive
1763760374955040775:0,neutral,neutral,neutral,neutral,neutral
1763760374955040775:1,neutral,neutral,neutral,neutral,neutral
1763580040086958300:0,positive,positive,positive,positive,positive
1762503973410673022:0,positive,neutral,neutral,strongly_positive,positive
1762141737416569160:0,neutral,neutral,strongly_positive,strongly_positive,negative
1762141737416569160:1,positive,positive,positive,positive,positive
1762141737416569160:2,neutral,neutral,neutral,negative,negative
1759552681490968658:0,neutral,neutral,neutral,neutral,neutral
1759552681490968658:1,neutral,neutral,neutral,positive,neutral
1759552681490968658:2,neutral,neutral,neutral,neutral,neutral
1759552681490968658:3,strongly_positive,strongly_positive,strongly_positive,positive,positive
1758483159740764303:0,strongly_positive,strongly_positive,strongly_positive,strongly_positive,strongly_positive
1757608811773546867:0,positive,neutral,neutral,positive,neutral
1757595519986380829:0,strongly_positive,positive,positive,strongly_positive,positive
1757595519986380829:1,negative,negative,neutral,negative,neutral
1756551013723697597:0,strongly_positive,strongly_positive,positive,positive,strongly_positive
1756314424468816377:0,neutral,neutral,neutral,neutral,neutral
1756314424468816377:1,positive,positive,positive,neutral,positive
1755570100843757720:0,strongly_positive,strongly_positive,positive,strongly_positive,positive
1755570100843757720:1,strongly_negative,strongly_negative,strongly_negative,neutral,negative
1755083673735467135:0,neutral,neutral,neutral,neutral,neutral
1754146677395702012:0,neutral,neutral,neutral,neutral,neutral
1752981374796235066:0,neutral,neutral,neutral,neutral,neutral
1751644117900411016:0,neutral,neutral,neutral,neutral,neutral
1751644117900411016:1,neutral,neutral,neutral,neutral,neutral
1751210555455549911:0,positive,positive,positive,positive,positive
1750358249688457409:0,dont_know,neutral,neutral,strongly_positive,positive
1750173080037769547:0,neutral,negative,neutral,negative,negative
1749101252452188562:0,positive,positive,positive,neutral,positive
1749101252452188562:1,neutral,neutral,neutral,neutral,neutral
1748726403514986722:0,negative,neutral,neutral,negative,neutral
1746746899602805224:0,positive,positive,positive,positive,positive
1742782635154481594:0,positive,positive,positive,positive,positive
1742573596340371777:0,strongly_negative,strongly_negative,strongly_positive,strongly_negative,negative
1742573596340371777:1,strongly_negative,strongly_negative,strongly_negative,strongly_negative,negative
1742553281803538852:0,neutral,neutral,neutral,neutral,neutral
1741654360483082698:0,strongly_positive,positive,strongly_positive,strongly_positive,strongly_positive
1740284260907684214:0,neutral,neutral,neutral,neutral,neutral
1740284260907684214:1,neutral,neutral,negative,neutral,neutral
1738197214122725496:0,positive,positive,positive,positive,positive
1738197214122725496:1,neutral,neutral,neutral,neutral,neutral
1736049918593446067:0,neutral,neutral,dont_know,neutral,negative
1731530707535819241:0,neutral,neutral,neutral,dont_know,neutral
1730581113985515966:0,neutral,neutral,neutral,neutral,neutral
1726534197484073377:0,neutral,neutral,neutral,neutral,neutral
1726534197484073377:1,negative,negative,negative,neutral,negative
1726534197484073377:2,positive,positive,positive,strongly_positive,positive
1726534197484073377:4,neutral,positive,neutral,neutral,neutral
1725708125725168124:0,strongly_negative,strongly_negative,strongly_negative,strongly_negative,strongly_negative
1723525772428927000:0,strongly_positive,strongly_positive,strongly_positive,strongly_positive,strongly_positive
1721907744972951650:0,positive,positive,positive,positive,positive
1721482678380216583:0,strongly_negative,strongly_negative,strongly_negative,strongly_negative,negative
1720606158199673006:0,negative,strongly_negative,strongly_negative,negative,negative
1720606158199673006:1,neutral,neutral,neutral,negative,neutral
1720606158199673006:2,neutral,neutral,neutral,negative,neutral
1720372178833854676:0,strongly_positive,strongly_positive,strongly_positive,strongly_positive,strongly_positive
1719672299002155180:0,neutral,neutral,dont_know,neutral,neutral
1719672299002155180:1,neutral,neutral,neutral,neutral,neutral
1719342154148184452:0,positive,positive,positive,positive,positive
1716802085755445302:0,neutral,neutral,neutral,neutral,neutral
1716802085755445302:1,neutral,neutral,neutral,neutral,neutral
1716623627934900371:0,strongly_positive,positive,strongly_positive,strongly_positive,strongly_positive
1716432724830167379:0,neutral,neutral,neutral,neutral,neutral
1716336082407895372:0,neutral,neutral,positive,positive,neutral
1714683504775356925:0,neutral,neutral,neutral,neutral,neutral
1714683504775356925:1,neutral,neutral,neutral,negative,neutral
1713823294691139913:0,negative,negative,negative,negative,negative
1713203221144236270:0,neutral,neutral,neutral,neutral,neutral
1713203221144236270:1,neutral,neutral,neutral,neutral,neutral
1712105135957254476:0,neutral,neutral,neutral,strongly_negative,neutral
1712105135957254476:1,neutral,neutral,neutral,negative,neutral
1711994908977058194:0,negative,neutral,neutral,negative,negative
1711994908977058194:1,positive,positive,positive,positive,positive
1709545380822897047:0,positive,positive,positive,positive,positive
1709545380822897047:1,strongly_positive,strongly_positive,strongly_positive,strongly_positive,strongly_positive
1708865638381605225:0,neutral,neutral,neutral,neutral,neutral
1708432831272440012:0,positive,neutral,positive,neutral,neutral
1706914488061157834:0,dont_know,neutral,dont_know,positive,positive
1703611754180448646:0,strongly_positive,positive,strongly_positive,strongly_positive,strongly_positive
1702248637970165883:0,strongly_positive,strongly_positive,strongly_positive,strongly_positive,positive
1701434190254797305:0,negative,negative,strongly_negative,neutral,negative
1700705959621103952:0,strongly_positive,strongly_positive,positive,positive,positive
1700323069234229262:0,positive,positive,positive,neutral,positive
1699621936064782501:0,positive,positive,positive,positive,positive
1699621936064782501:1,neutral,neutral,neutral,negative,neutral
1699621936064782501:2,neutral,neutral,neutral,neutral,neutral
1697453972150513781:0,neutral,neutral,neutral,neutral,neutral
1697174817060057170:1,neutral,neutral,neutral,neutral,neutral
1697174817060057170:3,neutral,neutral,neutral,negative,neutral
1697174817060057170:4,neutral,neutral,neutral,negative,neutral
1697174817060057170:5,dont_know,dont_know,dont_know,neutral,dont_know
1696368971799527627:0,positive,negative,negative,strongly_negative,neutral
1696368971799527627:2,negative,negative,negative,negative,negative
1696368971799527627:3,negative,negative,neutral,neutral,negative
1696368971799527627:4,neutral,neutral,neutral,neutral,neutral
1696368971799527627:5,neutral,neutral,neutral,neutral,neutral
1696368971799527627:6,neutral,positive,positive,positive,neutral
1696132893653991525:0,neutral,neutral,neutral,negative,neutral
1686382276803018754:0,neutral,neutral,neutral,neutral,neutral
1679042844630347777:0,negative,negative,strongly_negative,strongly_negative,negative
1677518906695766017:0,negative,negative,negative,negative,negative
1677518906695766017:1,neutral,neutral,neutral,neutral,neutral
1674661195268378625:0,strongly_positive,positive,positive,strongly_positive,positive
1674439304377171969:0,neutral,neutral,neutral,neutral,neutral
1674439304377171969:1,neutral,neutral,neutral,neutral,neutral
1674439304377171969:2,neutral,neutral,neutral,positive,neutral
1674439304377171969:3,negative,negative,negative,negative,negative
1668047330136977409:0,positive,positive,positive,positive,positive
1663502936348196864:0,negative,strongly_negative,strongly_negative,strongly_negative,negative
1663502936348196864:1,neutral,neutral,strongly_positive,strongly_positive,neutral
1663502936348196864:2,neutral,neutral,positive,neutral,neutral
1663071453452070912:0,positive,positive,positive,strongly_positive,positive
1663071453452070912:1,positive,positive,positive,positive,positive
1661209858832764929:0,strongly_positive,strongly_positive,strongly_positive,strongly_positive,positive
1661209858832764929:1,strongly_positive,positive,positive,positive,positive
1660325666393559040:0,strongly_positive,strongly_positive,positive,strongly_positive,positive
1660325666393559040:1,strongly_positive,strongly_positive,strongly_positive,positive,positive
1657198817463402502:0,positive,positive,positive,strongly_positive,positive
1652851974944206848:0,strongly_positive,positive,positive,positive,positive
1652629512352600064:0,neutral,neutral,neutral,neutral,neutral
1652579382932930560:0,neutral,neutral,dont_know,dont_know,neutral
1650345563085479937:0,strongly_positive,strongly_positive,strongly_positive,strongly_positive,positive
1649945108337532930:0,neutral,neutral,neutral,neutral,neutral
1649945108337532930:2,neutral,neutral,neutral,neutral,neutral
1649945108337532930:3,positive,positive,positive,positive,positive
1649945108337532930:4,positive,positive,positive,positive,positive
1649945108337532930:5,strongly_positive,positive,positive,positive,positive
1649676595177865217:0,strongly_positive,positive,positive,strongly_positive,positive
1648890032613359616:0,strongly_positive,positive,strongly_positive,strongly_positive,positive
1647514703281676288:0,strongly_negative,strongly_negative,negative,negative,strongly_negative
1647514703281676288:1,negative,negative,neutral,negative,negative
1646719429320003585:0,strongly_positive,strongly_positive,strongly_positive,strongly_positive,positive
1641807070776393729:0,strongly_positive,strongly_positive,strongly_positive,strongly_positive,strongly_positive
1641655119405289473:0,positive,positive,positive,positive,positive
1635594042556964864:2,negative,neutral,neutral,neutral,negative
1634928810406875136:0,neutral,neutral,neutral,neutral,neutral
1634928810406875136:1,strongly_positive,strongly_positive,strongly_positive,strongly_positive,positive
1634027861144387585:0,neutral,neutral,neutral,neutral,neutral
1634027861144387585:1,positive,positive,positive,strongly_positive,positive
1633684579382087680:0,positive,neutral,positive,positive,positive
1633684579382087680:1,positive,positive,positive,positive,positive
1633684579382087680:2,positive,positive,strongly_positive,strongly_positive,positive
1633347110728011776:0,positive,positive,positive,positive,positive
1632566854194720772:0,strongly_positive,strongly_positive,strongly_positive,strongly_positive,positive
1631348620716015616:0,strongly_positive,strongly_positive,positive,strongly_positive,strongly_positive
1631348620716015616:1,strongly_positive,strongly_positive,positive,positive,positive
1630250789678780417:0,positive,positive,positive,strongly_positive,positive
1630069914336890881:0,negative,negative,strongly_negative,negative,negative
1630069914336890881:1,negative,negative,strongly_negative,strongly_negative,negative
1630069914336890881:2,strongly_negative,strongly_negative,strongly_negative,negative,negative
1630069914336890881:3,neutral,neutral,neutral,neutral,negative
1627183517682786305:0,positive,positive,positive,positive,positive
1627183517682786305:1,positive,positive,positive,strongly_positive,positive
1626775806155558912:0,strongly_positive,positive,positive,strongly_positive,positive
1624611784308199424:0,strongly_positive,strongly_positive,strongly_positive,strongly_positive,positive
1622978941123432449:0,neutral,neutral,dont_know,dont_know,neutral
1621707463711154176:0,neutral,neutral,neutral,neutral,neutral
1621707463711154176:1,neutral,neutral,neutral,neutral,neutral
1621707463711154176:2,negative,strongly_negative,negative,strongly_negative,negative
1621421305718505473:0,neutral,neutral,neutral,neutral,dont_know
1621115178439053315:0,positive,positive,positive,positive,positive
1619948129331331073:0,strongly_positive,strongly_positive,strongly_positive,strongly_positive,positive
1617103224233947136:0,neutral,neutral,neutral,neutral,neutral
1617103224233947136:1,positive,positive,neutral,positive,positive
1616701683316424706:0,neutral,neutral,neutral,neutral,neutral
1615190982370426882:0,strongly_positive,strongly_positive,strongly_positive,strongly_positive,positive
1614599772723380227:0,neutral,neutral,neutral,neutral,neutral
1614599772723380227:1,negative,negative,negative,negative,negative
1614599772723380227:2,negative,negative,neutral,neutral,negative
1614599772723380227:3,negative,negative,negative,negative,negative
1614591024957132800:0,strongly_positive,positive,positive,positive,positive
1613011433519972352:0,positive,positive,positive,positive,positive
1612113238552109057:0,neutral,neutral,neutral,neutral,neutral
1612113238552109057:1,positive,neutral,positive,neutral,neutral
1612113238552109057:2,neutral,neutral,neutral,neutral,neutral
1612113238552109057:3,neutral,neutral,neutral,neutral,neutral
1612113238552109057:4,dont_know,neutral,neutral,dont_know,neutral
1610112756887490560:0,neutral,neutral,neutral,neutral,neutral
1609429926381498368:0,strongly_positive,positive,strongly_positive,positive,positive
1609429926381498368:1,neutral,neutral,neutral,dont_know,neutral
1607406034162974721:0,strongly_positive,positive,strongly_positive,strongly_positive,positive
1607406034162974721:1,strongly_positive,strongly_positive,positive,positive,positive
1607406034162974721:2,positive,positive,positive,positive,positive
1607405424457973766:0,strongly_positive,strongly_positive,strongly_positive,strongly_positive,positive
1601250012616306688:0,neutral,neutral,neutral,dont_know,neutral
1599673057307566081:0,negative,negative,negative,negative,neutral
1599673057307566081:1,neutral,neutral,strongly_negative,negative,neutral
1599359506680811521:0,neutral,neutral,neutral,neutral,neutral
1599275262440779776:0,neutral,neutral,positive,neutral,positive
1598985738502430720:0,neutral,neutral,neutral,neutral,neutral
1598680068447870976:0,strongly_positive,strongly_positive,positive,strongly_positive,strongly_positive
1598564064346910726:0,strongly_positive,positive,strongly_positive,strongly_positive,positive
1598564064346910726:1,neutral,neutral,neutral,neutral,neutral
1598142397820547073:0,positive,positive,strongly_positive,strongly_negative,negative
1597488084202844161:0,positive,positive,positive,positive,positive
1597488084202844161:1,positive,positive,positive,positive,positive
1597089626031681536:0,negative,negative,strongly_negative,strongly_positive,negative
1597089626031681536:1,positive,positive,positive,positive,positive
1596529240161521664:0,strongly_positive,strongly_positive,strongly_positive,strongly_positive,strongly_positive
1596529240161521664:1,strongly_positive,strongly_positive,strongly_positive,strongly_positive,positive
1595313673563557888:0,neutral,neutral,neutral,neutral,neutral
1594368310224691200:0,strongly_positive,positive,strongly_positive,positive,positive
1594368310224691200:1,strongly_positive,strongly_positive,strongly_positive,strongly_positive,positive
1594153172443942913:0,neutral,neutral,neutral,neutral,neutral
1593292390705823744:0,neutral,neutral,neutral,neutral,neutral
1593292390705823744:1,positive,positive,positive,positive,neutral
1593264744081022976:0,neutral,neutral,neutral,negative,neutral
1593248295752957952:0,strongly_positive,strongly_positive,positive,strongly_positive,positive
1593234914803339264:0,neutral,neutral,neutral,neutral,neutral
1593234914803339264:1,positive,positive,positive,positive,neutral
1593190939270344704:0,positive,positive,positive,positive,neutral
1592887884235051008:0,positive,positive,positive,positive,positive
1592809519427772417:0,neutral,neutral,neutral,neutral,neutral
1592706188080480256:0,positive,positive,neutral,neutral,neutral
1592413311966273538:0,neutral,dont_know,dont_know,neutral,neutral
1592344132747411456:0,neutral,neutral,neutral,neutral,neutral
1592156559421116417:0,positive,positive,positive,positive,positive
1592115738860716032:0,positive,positive,positive,positive,positive
1592050232128589824:0,positive,positive,positive,positive,positive
1591980738240401408:0,positive,neutral,neutral,neutral,neutral
1591807486176395264:0,positive,positive,positive,positive,positive
1591620615399608320:0,neutral,positive,neutral,neutral,neutral
1591365106377854976:0,positive,positive,positive,positive,positive
1591255711077441536:0,neutral,neutral,neutral,neutral,neutral
1591030059439390720:0,positive,positive,positive,positive,neutral
1590894581780025344:0,positive,neutral,neutral,neutral,neutral
1590644436740214784:0,strongly_positive,positive,positive,positive,positive
1590529425438740480:0,positive,positive,neutral,neutral,neutral
1590167358613909507:0,neutral,neutral,neutral,neutral,neutral
1589822708191481856:0,positive,neutral,neutral,neutral,neutral
1589583945460420608:0,positive,positive,positive,positive,positive
1589214762633773056:0,positive,positive,positive,positive,positive
1589082011662450688:0,positive,positive,positive,positive,neutral
1588861803265916928:0,neutral,neutral,neutral,neutral,neutral
1588503291066982401:0,neutral,neutral,neutral,neutral,neutral
1588145217496289281:0,neutral,positive,neutral,neutral,neutral
1588136380068421635:0,positive,positive,positive,positive,neutral
1587765212010127362:0,positive,neutral,neutral,neutral,neutral
1587414156721893377:0,positive,neutral,neutral,neutral,neutral
1587052560615342080:0,positive,neutral,neutral,neutral,neutral
1586681823995645952:0,neutral,positive,neutral,neutral,neutral
1586534994511790080:0,strongly_positive,positive,strongly_positive,strongly_positive,positive
1586323938980003840:0,neutral,positive,neutral,neutral,neutral
1585974392538148864:0,positive,positive,neutral,neutral,neutral
1585456969338753024:0,positive,positive,positive,positive,positive
1585097885451812864:0,strongly_positive,positive,positive,strongly_positive,positive
1584737762489651200:0,strongly_positive,strongly_positive,positive,strongly_positive,positive
1584382924345974785:0,strongly_positive,positive,positive,strongly_positive,positive
1584367825098940417:0,strongly_positive,positive,positive,strongly_positive,positive
1584068811996950533:0,positive,positive,positive,strongly_positive,positive
1584010470335324162:0,strongly_positive,positive,strongly_positive,strongly_positive,positive
1582338289649913856:0,neutral,neutral,neutral,negative,dont_know
1582246097015033856:0,positive,positive,positive,negative,positive
1580880761841852422:1,negative,negative,negative,negative,neutral
1580880761841852422:2,neutral,neutral,neutral,negative,neutral
1580604868024160256:0,positive,neutral,neutral,neutral,positive
1580604868024160256:1,neutral,dont_know,dont_know,dont_know,neutral
1580238476041023496:0,neutral,neutral,positive,positive,neutral
1580238476041023496:1,positive,positive,positive,positive,neutral
1580109382351613952:0,neutral,neutral,neutral,neutral,neutral
1579146230080319489:0,positive,positive,positive,positive,neutral
1576850811266605057:0,neutral,neutral,neutral,neutral,neutral
1576768031015174144:0,positive,positive,positive,positive,positive
1576558221019336707:0,positive,positive,positive,strongly_positive,positive
1576420591632265216:0,positive,positive,positive,positive,positive
1574235986183462914:0,strongly_positive,positive,strongly_positive,strongly_positive,positive
1573188405584080901:1,neutral,neutral,neutral,neutral,neutral
1572614984542351360:0,neutral,neutral,neutral,neutral,negative
1572614984542351360:1,negative,negative,negative,negative,negative
1572614984542351360:2,positive,positive,positive,positive,positive
1571700321147318274:0,strongly_positive,strongly_positive,positive,strongly_positive,positive
1566984550647201792:0,negative,negative,negative,negative,negative
1566737948292198400:0,neutral,neutral,neutral,neutral,neutral
1566674105146884096:0,positive,positive,positive,positive,positive
1566674105146884096:2,positive,positive,positive,neutral,positive
1565342442022268928:0,neutral,neutral,dont_know,dont_know,neutral
1564999326874472448:0,positive,neutral,neutral,neutral,neutral
1564560809430093826:0,neutral,neutral,neutral,neutral,neutral
1564477138505711616:0,strongly_positive,strongly_positive,strongly_positive,strongly_positive,positive
1563579540105965574:0,neutral,neutral,neutral,neutral,neutral
1563345224487010304:0,strongly_positive,positive,positive,strongly_positive,positive
1562772483027046401:0,strongly_positive,strongly_positive,strongly_positive,strongly_positive,positive
2088168513928372547:0,dont_know,dont_know,dont_know,neutral,neutral
2085748709833445855:0,neutral,neutral,neutral,strongly_negative,neutral
2085748709833445855:1,neutral,neutral,neutral,neutral,neutral
2071207722926620754:0,positive,positive,positive,strongly_positive,positive
2071207722926620754:1,strongly_positive,positive,positive,strongly_positive,positive
2063814973890109935:0,neutral,neutral,neutral,neutral,neutral
2063814941707300881:0,positive,positive,positive,positive,positive
2063694317273883015:0,neutral,neutral,positive,neutral,neutral
2063694242061726017:0,positive,neutral,positive,strongly_positive,positive
2063693139534393533:0,positive,positive,positive,neutral,positive
2063631698898919761:0,neutral,neutral,neutral,neutral,neutral
2063631562034553148:0,neutral,neutral,neutral,neutral,neutral
2063629333407948942:0,dont_know,dont_know,dont_know,dont_know,neutral
2063434938691858855:0,positive,positive,positive,neutral,positive
2062354474384195974:0,strongly_positive,strongly_positive,strongly_positive,strongly_positive,strongly_positive
2061431984619208795:0,strongly_positive,strongly_positive,positive,strongly_positive,positive
2060879439899373809:0,positive,positive,positive,positive,positive
2060879439899373809:1,strongly_positive,neutral,neutral,neutral,neutral
2058385537065758926:0,neutral,neutral,neutral,neutral,neutral
2050062471105536214:0,strongly_positive,strongly_positive,strongly_positive,strongly_positive,positive
2050062471105536214:1,positive,positive,positive,positive,positive
2045921695584993445:0,dont_know,dont_know,dont_know,negative,neutral
2045485175635849237:0,positive,positive,positive,neutral,positive
2043875710646051077:0,strongly_positive,strongly_positive,strongly_positive,strongly_positive,positive
2037451241337618924:0,strongly_positive,strongly_positive,strongly_positive,strongly_positive,positive
2037451241337618924:1,positive,positive,dont_know,neutral,dont_know
2032644897967321558:0,negative,negative,strongly_negative,negative,negative
2032644897967321558:1,positive,positive,positive,positive,neutral
2032644897967321558:2,neutral,neutral,neutral,neutral,neutral
2030504868465831980:0,strongly_positive,strongly_positive,strongly_positive,strongly_positive,positive
2030504868465831980:1,positive,positive,dont_know,strongly_positive,positive
2029558333288730999:0,strongly_positive,positive,strongly_positive,positive,positive
2029369418434986213:0,neutral,neutral,neutral,neutral,neutral
2029369418434986213:1,strongly_positive,strongly_positive,positive,positive,positive
2029369418434986213:2,positive,positive,positive,positive,neutral
2028521573750288570:0,strongly_positive,positive,strongly_positive,strongly_positive,positive
2028521573750288570:1,positive,positive,positive,strongly_positive,neutral
2028488667350876352:0,strongly_positive,strongly_positive,strongly_positive,strongly_positive,positive
2028488667350876352:1,dont_know,positive,positive,dont_know,neutral
2028416622718067066:0,positive,strongly_positive,positive,neutral,positive
2028416622718067066:1,positive,positive,positive,neutral,positive
2028416622718067066:2,strongly_positive,strongly_positive,strongly_positive,strongly_positive,positive
2028349167979122837:0,positive,positive,neutral,positive,positive
2028349167979122837:1,positive,positive,positive,strongly_positive,positive
2028320470014316766:0,positive,positive,positive,strongly_positive,positive
2028320470014316766:1,positive,positive,neutral,strongly_positive,positive
2028320470014316766:2,positive,positive,dont_know,strongly_positive,dont_know
2028039193029747017:0,positive,positive,positive,positive,positive
2028039193029747017:1,positive,positive,positive,strongly_positive,positive
2028039193029747017:2,positive,positive,positive,positive,positive
2028022984871387310:0,positive,strongly_positive,positive,positive,positive
2028022984871387310:1,strongly_positive,strongly_positive,strongly_positive,strongly_positive,positive
2028022984871387310:2,positive,positive,positive,positive,positive
2027792643170963584:0,neutral,neutral,neutral,neutral,negative
2027792643170963584:1,neutral,neutral,neutral,neutral,neutral
2027697443757035883:0,neutral,neutral,neutral,neutral,neutral
2027697443757035883:1,strongly_positive,strongly_positive,positive,strongly_positive,positive
2027638520274424243:0,strongly_positive,strongly_positive,strongly_positive,positive,positive
2027638520274424243:1,strongly_positive,strongly_positive,strongly_positive,strongly_positive,positive
2027638520274424243:2,strongly_positive,strongly_positive,positive,positive,strongly_positive
2027410344772296848:0,neutral,neutral,neutral,neutral,neutral
2027387542279192994:0,negative,negative,neutral,negative,negative
2027387542279192994:1,negative,negative,negative,negative,negative
2027387542279192994:2,negative,negative,negative,neutral,negative
2027357303024857571:0,positive,positive,positive,positive,positive
2027357303024857571:1,positive,positive,neutral,neutral,positive
2027357303024857571:2,negative,negative,negative,neutral,negative
2027236222821863784:0,strongly_positive,positive,positive,positive,positive
2027236222821863784:1,strongly_positive,positive,positive,positive,positive
2027045788707389681:0,strongly_positive,strongly_positive,strongly_positive,positive,positive
2027045788707389681:1,strongly_positive,strongly_positive,strongly_positive,strongly_positive,positive
2026694933739090417:0,neutral,positive,neutral,positive,neutral
2026646441037586847:0,positive,positive,positive,positive,positive
2026646441037586847:1,positive,positive,positive,strongly_positive,positive
2026275710805905422:0,positive,positive,positive,positive,positive
2026275710805905422:1,positive,positive,positive,strongly_positive,positive
2026275710805905422:2,strongly_positive,strongly_positive,strongly_positive,strongly_positive,positive
2026275710805905422:3,dont_know,dont_know,dont_know,dont_know,dont_know
2025986373078159429:0,positive,positive,positive,neutral,positive
2025946778277921215:0,neutral,positive,positive,positive,neutral
2025540955190010284:0,strongly_positive,strongly_positive,positive,positive,positive
2025540955190010284:1,strongly_positive,strongly_positive,strongly_positive,strongly_positive,positive
2025540955190010284:2,positive,strongly_positive,positive,positive,positive
2023962081117007910:0,positive,positive,neutral,neutral,neutral
2022713721999524289:0,dont_know,dont_know,dont_know,dont_know,dont_know
2021830716565467582:0,neutral,neutral,neutral,neutral,neutral
2021830716565467582:1,dont_know,dont_know,dont_know,dont_know,dont_know
2020886364569670084:0,strongly_positive,strongly_positive,strongly_positive,strongly_positive,strongly_positive
2020886364569670084:1,neutral,neutral,neutral,positive,neutral
2020886364569670084:2,positive,positive,positive,strongly_positive,positive
2020886364569670084:3,strongly_positive,strongly_positive,strongly_positive,strongly_positive,positive
2020886364569670084:4,strongly_positive,strongly_positive,positive,dont_know,positive
2020867406143307933:0,positive,positive,strongly_positive,strongly_positive,positive
2020867406143307933:1,positive,positive,positive,strongly_positive,positive
2020470208553439643:0,strongly_positive,strongly_positive,strongly_positive,strongly_positive,positive
2020140033454358663:0,positive,positive,positive,neutral,positive
2020140033454358663:1,positive,positive,positive,positive,positive
2020140033454358663:2,neutral,neutral,neutral,neutral,neutral
2020140033454358663:3,positive,positive,positive,positive,neutral
2020140033454358663:4,positive,positive,strongly_positive,positive,positive
2019772857010589731:0,strongly_positive,strongly_positive,strongly_positive,positive,positive
2019772857010589731:1,strongly_positive,positive,positive,positive,positive
2019704797788864997:0,positive,positive,positive,strongly_positive,positive
2019704797788864997:1,negative,strongly_negative,strongly_negative,strongly_negative,negative
2019420065976971614:0,strongly_positive,strongly_positive,positive,positive,positive
2019420065976971614:1,strongly_positive,strongly_positive,strongly_positive,positive,positive
2019420065976971614:2,strongly_positive,strongly_positive,strongly_positive,strongly_positive,positive
2018707140739834260:0,neutral,neutral,neutral,neutral,neutral
2018707140739834260:1,positive,positive,positive,positive,positive
2018707140739834260:2,positive,positive,positive,positive,positive
2016411523644850189:0,positive,neutral,positive,strongly_positive,neutral
2016411523644850189:1,neutral,neutral,neutral,strongly_positive,neutral
2016411523644850189:2,positive,positive,positive,strongly_positive,positive
2015983567155998768:1,strongly_positive,strongly_positive,strongly_positive,positive,positive
2015983567155998768:2,dont_know,neutral,neutral,neutral,neutral
2015430818337103934:0,positive,positive,positive,strongly_positive,positive
2015042168310976670:0,strongly_positive,strongly_positive,strongly_positive,strongly_positive,positive
2015042168310976670:1,positive,positive,positive,strongly_positive,positive
2014532304946016350:0,positive,positive,neutral,neutral,neutral
2014532304946016350:1,positive,positive,positive,strongly_positive,positive
2014341105664610718:0,positive,positive,positive,positive,neutral
2014341105664610718:1,positive,positive,positive,positive,positive
2014341105664610718:2,strongly_positive,strongly_positive,strongly_positive,strongly_positive,positive
2013957940181713308:0,neutral,neutral,neutral,positive,neutral
2013957940181713308:1,strongly_positive,strongly_positive,strongly_positive,strongly_positive,positive
2013849671903686664:0,strongly_positive,strongly_positive,strongly_positive,strongly_positive,positive
2013849671903686664:1,positive,positive,neutral,negative,neutral
2013573335792394747:0,positive,positive,neutral,strongly_positive,neutral
2013573335792394747:1,positive,positive,positive,positive,neutral
2013573335792394747:2,dont_know,dont_know,dont_know,dont_know,dont_know
2013559894830653461:0,positive,positive,positive,strongly_positive,neutral
2013559894830653461:1,positive,positive,positive,neutral,neutral
2013559894830653461:2,positive,positive,positive,positive,neutral
2013559894830653461:3,positive,positive,positive,positive,positive
2013559894830653461:4,positive,positive,positive,dont_know,dont_know
2012539413851496508:0,neutral,neutral,neutral,positive,neutral
2010545501515780233:0,neutral,neutral,neutral,neutral,neutral
2010399345003426035:0,positive,positive,positive,strongly_positive,positive
2010322811446059479:0,negative,negative,positive,positive,neutral
2010322811446059479:1,positive,positive,positive,positive,neutral
2010322811446059479:2,neutral,neutral,neutral,neutral,neutral
2009527047790698901:0,strongly_positive,strongly_positive,strongly_positive,strongly_positive,positive
1991290278502887772:0,dont_know,dont_know,dont_know,negative,dont_know
1982777255773528137:0,positive,positive,positive,positive,positive
1982777255773528137:1,positive,positive,positive,positive,positive
1963483069257576788:0,negative,strongly_negative,strongly_negative,negative,negative
1963483069257576788:1,negative,negative,negative,negative,negative
1963483069257576788:2,neutral,neutral,neutral,neutral,neutral
1963483069257576788:3,negative,negative,negative,negative,negative
1963483069257576788:4,neutral,negative,negative,negative,neutral
1960184859533467895:0,strongly_positive,positive,positive,strongly_positive,positive
1950082389788807481:0,neutral,neutral,neutral,neutral,positive
1950082389788807481:1,positive,positive,positive,strongly_positive,positive
1950082389788807481:2,neutral,neutral,neutral,neutral,neutral
1942811348997423368:0,neutral,neutral,neutral,neutral,neutral
1942481787558428826:0,neutral,neutral,neutral,neutral,neutral
1942481787558428826:1,positive,positive,positive,positive,positive
1939731347825991999:0,dont_know,dont_know,dont_know,dont_know,dont_know
1939189052605096046:0,positive,strongly_positive,positive,strongly_positive,positive
1939189052605096046:1,strongly_positive,strongly_positive,strongly_positive,positive,positive
1932470197056950595:0,negative,negative,negative,negative,negative
1932470197056950595:1,negative,negative,negative,negative,negative
1932260533782319542:0,neutral,neutral,neutral,neutral,neutral
1931174290319192370:0,neutral,neutral,neutral,neutral,neutral
1931174290319192370:1,negative,negative,negative,negative,negative
1931174290319192370:2,dont_know,dont_know,dont_know,dont_know,dont_know
1928110767548580261:0,positive,positive,positive,positive,positive
1928110767548580261:1,positive,positive,positive,positive,positive
1928110767548580261:2,positive,positive,positive,positive,positive
1928110767548580261:3,positive,positive,neutral,neutral,positive
1928110767548580261:4,positive,positive,positive,negative,positive
1927357374316077349:0,neutral,neutral,neutral,neutral,neutral
1927357374316077349:1,positive,positive,positive,positive,neutral
1925003251520565388:0,strongly_positive,strongly_positive,strongly_positive,positive,positive
1925003251520565388:1,strongly_positive,strongly_positive,strongly_positive,strongly_positive,positive
1920751822374871089:0,neutral,neutral,neutral,neutral,neutral
1917530934322290981:0,positive,positive,positive,strongly_negative,positive
1917530934322290981:1,dont_know,dont_know,dont_know,dont_know,dont_know
1915039331741470843:0,neutral,neutral,neutral,neutral,neutral
1915039331741470843:1,neutral,neutral,dont_know,neutral,neutral
1915011544477475236:0,neutral,neutral,neutral,positive,neutral
1915011544477475236:1,positive,positive,positive,positive,positive
1912768301266014308:0,strongly_positive,strongly_positive,strongly_positive,strongly_positive,positive
1912768301266014308:1,strongly_positive,strongly_positive,positive,positive,positive
1912768301266014308:2,positive,positive,positive,positive,positive
1910569066382700730:0,strongly_positive,strongly_positive,strongly_positive,strongly_positive,strongly_positive
1910569066382700730:1,positive,positive,positive,dont_know,positive
1907030920315687004:0,negative,negative,negative,negative,negative
1907030920315687004:1,neutral,positive,neutral,strongly_positive,neutral
1906264546639315081:0,neutral,positive,positive,positive,positive
1906264546639315081:1,positive,positive,positive,positive,positive
1906264546639315081:2,positive,positive,dont_know,dont_know,positive
1903670495331147787:0,strongly_positive,positive,positive,positive,positive
1903670495331147787:1,positive,positive,positive,positive,positive
1903670495331147787:2,positive,positive,positive,neutral,positive
1902725432849707160:0,strongly_positive,strongly_positive,strongly_positive,strongly_positive,strongly_positive
1902725432849707160:1,positive,positive,positive,positive,positive
1902725432849707160:2,neutral,neutral,neutral,dont_know,neutral
1898200320284786823:0,positive,positive,positive,strongly_positive,positive
1878013169152704639:0,positive,positive,positive,strongly_positive,positive
1878013169152704639:1,positive,positive,neutral,positive,positive
1878013169152704639:2,dont_know,positive,dont_know,dont_know,positive
1871191521892204663:0,positive,positive,positive,positive,positive
1871191521892204663:1,positive,positive,positive,positive,positive
1858151031181598743:0,negative,strongly_negative,strongly_negative,negative,negative
1858151031181598743:1,positive,positive,positive,strongly_positive,positive
1858151031181598743:2,positive,positive,positive,neutral,positive
1856644289587007605:0,positive,positive,positive,strongly_positive,positive
1854490691822587978:0,positive,positive,positive,positive,positive
1854490691822587978:1,dont_know,neutral,neutral,dont_know,neutral
1854178896033558931:0,neutral,neutral,neutral,neutral,neutral
1854178896033558931:1,strongly_positive,positive,strongly_positive,strongly_positive,positive
1854178896033558931:2,dont_know,dont_know,dont_know,dont_know,dont_know
1851921180355097029:0,strongly_positive,positive,strongly_positive,strongly_positive,positive
1849321841162440726:0,positive,strongly_positive,strongly_positive,strongly_positive,positive
1847896747067998513:0,negative,negative,strongly_negative,negative,negative
1847896747067998513:1,negative,negative,strongly_negative,strongly_negative,negative
1844952243944161619:0,positive,positive,strongly_positive,strongly_positive,positive
1844242650901381582:0,strongly_positive,strongly_positive,strongly_positive,strongly_positive,positive
1842552600941494739:0,dont_know,dont_know,dont_know,dont_know,dont_know
1842132150767976620:0,neutral,neutral,neutral,neutral,neutral
1842132150767976620:1,dont_know,dont_know,dont_know,dont_know,neutral
1841665447034519567:0,neutral,neutral,positive,positive,positive
1841665447034519567:1,strongly_positive,positive,strongly_positive,positive,positive
1840364401360048326:0,positive,positive,positive,positive,positive
1840364401360048326:1,strongly_positive,strongly_positive,strongly_positive,strongly_positive,strongly_positive
1840364401360048326:2,dont_know,positive,dont_know,dont_know,positive
1840356095501447361:0,neutral,neutral,neutral,neutral,neutral
1840356095501447361:1,neutral,neutral,neutral,negative,negative
1840356095501447361:2,positive,positive,positive,neutral,neutral
1840356095501447361:3,dont_know,dont_know,dont_know,dont_know,neutral
1839618193532264826:0,positive,positive,strongly_positive,strongly_negative,negative
1839618193532264826:1,strongly_positive,strongly_positive,positive,strongly_positive,strongly_positive
1839297190596063477:0,positive,positive,positive,strongly_positive,positive
1839126925518024815:0,positive,positive,positive,neutral,positive
1839126925518024815:1,strongly_positive,strongly_positive,strongly_positive,positive,strongly_positive
1839126925518024815:2,positive,positive,positive,positive,positive
1836613285699031352:0,positive,positive,positive,positive,positive
1836613285699031352:1,positive,positive,positive,positive,positive
1835968588420677880:0,positive,positive,positive,positive,positive
1835968588420677880:1,positive,positive,positive,positive,positive
1835968588420677880:2,neutral,neutral,neutral,neutral,neutral
1835870608502186219:0,strongly_positive,positive,positive,positive,positive
1835535530643337633:0,positive,neutral,neutral,positive,neutral
1835535530643337633:1,positive,positive,positive,positive,neutral
1834425587269542069:0,positive,neutral,neutral,neutral,positive
1832993274044551328:0,positive,positive,positive,positive,positive
1832993274044551328:1,strongly_positive,strongly_positive,strongly_positive,strongly_positive,strongly_positive
1832993274044551328:2,strongly_positive,strongly_positive,strongly_positive,strongly_positive,positive
1831874994315710588:0,positive,positive,positive,positive,positive
1831874994315710588:1,strongly_positive,strongly_positive,strongly_positive,strongly_positive,positive
1831874994315710588:2,positive,positive,positive,positive,positive
1830593834289700994:0,neutral,neutral,neutral,neutral,neutral
1830593834289700994:1,positive,positive,positive,positive,positive
1830593834289700994:2,positive,positive,positive,strongly_positive,positive
1830524707961278663:0,strongly_positive,strongly_positive,strongly_positive,strongly_positive,positive
1830524707961278663:1,positive,positive,positive,positive,positive
1830524707961278663:2,strongly_positive,strongly_positive,positive,strongly_positive,positive
1830112552111792223:0,positive,strongly_positive,positive,strongly_positive,positive
1830112552111792223:1,positive,positive,positive,positive,positive
1830112552111792223:2,positive,positive,positive,positive,positive
1830112552111792223:3,dont_know,dont_know,dont_know,dont_know,dont_know
1829788160387399758:0,strongly_positive,strongly_positive,strongly_positive,strongly_positive,strongly_positive
1829788160387399758:1,strongly_positive,strongly_positive,strongly_positive,strongly_positive,strongly_positive
1827883113516859602:0,positive,positive,positive,strongly_positive,positive
1825538253912690823:0,neutral,positive,positive,negative,neutral
1825538253912690823:1,dont_know,dont_know,dont_know,dont_know,dont_know
1822499668929970287:0,positive,positive,positive,positive,positive
1822244864202850760:0,positive,positive,positive,positive,positive
1822244864202850760:1,strongly_positive,strongly_positive,strongly_positive,strongly_positive,strongly_positive
1822244864202850760:2,strongly_positive,strongly_positive,strongly_positive,positive,positive
1821755650986107345:1,neutral,neutral,neutral,positive,neutral
1821755650986107345:2,positive,positive,positive,strongly_positive,positive
1820864318541373508:0,neutral,neutral,neutral,neutral,neutral
1817569450750603441:0,positive,positive,strongly_positive,strongly_negative,positive
1817569450750603441:1,neutral,neutral,neutral,neutral,neutral
1817569450750603441:2,neutral,neutral,neutral,neutral,neutral
1817569450750603441:3,positive,positive,positive,positive,positive
1817569450750603441:4,strongly_positive,strongly_positive,strongly_positive,strongly_positive,strongly_positive
1817450932260454882:0,negative,negative,negative,negative,negative
1817450932260454882:1,negative,strongly_negative,negative,dont_know,negative
1817048866153464118:0,positive,positive,positive,positive,positive
1817048866153464118:1,strongly_positive,strongly_positive,strongly_positive,strongly_positive,positive
1817048866153464118:2,strongly_positive,strongly_positive,strongly_positive,strongly_positive,positive
1815995286818275603:0,negative,strongly_negative,strongly_negative,negative,negative
1815995286818275603:1,neutral,positive,neutral,positive,neutral
1815698730240328004:0,positive,positive,positive,positive,positive
1815698730240328004:1,negative,strongly_negative,strongly_negative,strongly_negative,negative
1815698730240328004:2,negative,negative,negative,negative,negative
1815238095811584136:0,strongly_negative,strongly_negative,strongly_negative,strongly_negative,strongly_negative
1815238095811584136:1,strongly_negative,strongly_negative,strongly_negative,strongly_negative,strongly_negative
1815238095811584136:2,negative,negative,dont_know,dont_know,negative
1814955605485912304:0,strongly_positive,strongly_positive,strongly_positive,strongly_positive,positive
1813917974539149369:0,negative,negative,strongly_negative,strongly_negative,negative
1813917974539149369:1,strongly_positive,strongly_positive,strongly_positive,strongly_positive,positive
1812734840325746813:0,strongly_positive,strongly_positive,strongly_positive,strongly_positive,strongly_positive
1812734840325746813:1,positive,positive,positive,positive,positive
1812734840325746813:2,positive,positive,positive,strongly_positive,positive
1811255423061864928:0,positive,positive,neutral,positive,positive
1811255423061864928:1,dont_know,dont_know,dont_know,positive,positive
1810592820509774252:0,positive,positive,positive,positive,neutral
1809616998424539555:0,neutral,neutral,neutral,neutral,neutral
1809616998424539555:1,neutral,neutral,neutral,neutral,neutral
1809616998424539555:2,positive,neutral,neutral,positive,neutral
1809616998424539555:3,positive,positive,dont_know,neutral,neutral
1809598113193005204:0,neutral,neutral,neutral,neutral,neutral
1808497073744232646:0,neutral,neutral,neutral,positive,neutral
1808497073744232646:1,positive,neutral,positive,positive,neutral
1808497073744232646:2,positive,positive,positive,positive,positive
1808360858114052541:0,strongly_positive,strongly_positive,strongly_positive,strongly_positive,strongly_positive
1808360858114052541:1,positive,positive,positive,positive,neutral
1807778825683816485:0,positive,positive,positive,positive,positive
1807778825683816485:1,neutral,neutral,neutral,neutral,neutral
1807778825683816485:2,positive,positive,positive,positive,positive
1807778825683816485:3,positive,positive,positive,neutral,positive
1807407835921404287:0,positive,positive,neutral,neutral,positive
1807407835921404287:1,strongly_positive,strongly_positive,positive,positive,positive
1807407835921404287:2,positive,strongly_positive,strongly_positive,strongly_positive,positive
1806261135706099840:0,strongly_positive,strongly_positive,strongly_positive,strongly_positive,strongly_positive
1806220440379240895:0,neutral,neutral,neutral,neutral,neutral
1806220440379240895:1,neutral,neutral,neutral,neutral,neutral
1806220440379240895:2,neutral,neutral,neutral,neutral,neutral
1806220440379240895:3,neutral,neutral,neutral,neutral,neutral
1806220440379240895:4,neutral,neutral,neutral,neutral,neutral
1805650534642467331:0,neutral,neutral,neutral,neutral,neutral
1805650177099022688:0,positive,positive,positive,positive,positive
1805650177099022688:1,positive,positive,dont_know,negative,positive
1805563522262462850:0,neutral,neutral,neutral,positive,neutral
1805563522262462850:1,positive,positive,positive,positive,positive
1805563522262462850:2,neutral,neutral,neutral,neutral,neutral
1805530192770973799:0,neutral,neutral,neutral,neutral,neutral
1805125806005637530:0,neutral,neutral,neutral,neutral,neutral
1805125806005637530:1,positive,positive,neutral,neutral,positive
1805125806005637530:2,dont_know,dont_know,dont_know,neutral,neutral
1802962733442408821:0,positive,positive,positive,strongly_positive,positive
1802962733442408821:1,positive,positive,positive,positive,positive
1801985843185483884:0,positive,positive,positive,positive,positive
1801985843185483884:1,strongly_positive,strongly_positive,strongly_positive,strongly_positive,strongly_positive
1801985843185483884:2,positive,positive,positive,positive,positive
1801245863609516250:0,dont_know,dont_know,dont_know,positive,positive
1800129722682421737:0,dont_know,positive,positive,positive,positive
1797496299350368485:0,positive,strongly_positive,strongly_positive,strongly_positive,positive
1782993971628982394:0,positive,positive,positive,neutral,positive
1782993971628982394:1,strongly_positive,strongly_positive,strongly_positive,strongly_positive,strongly_positive
1781881825981517914:0,positive,positive,dont_know,dont_know,positive
1778974250260377824:0,strongly_positive,strongly_positive,strongly_positive,strongly_positive,positive
1778974250260377824:1,positive,positive,positive,positive,positive
1778974250260377824:2,dont_know,dont_know,dont_know,dont_know,neutral
1778974181004067209:0,negative,negative,neutral,negative,neutral
1775532143244186027:0,neutral,neutral,neutral,positive,neutral
1775532092681826381:0,positive,positive,positive,positive,positive
1775414805408710855:0,neutral,neutral,neutral,neutral,neutral
1775414805408710855:1,positive,positive,positive,neutral,positive
1775414805408710855:2,positive,positive,dont_know,neutral,positive
1774401682732138517:0,negative,negative,negative,negative,negative
1774401682732138517:1,positive,positive,neutral,positive,negative
1774401682732138517:2,neutral,neutral,positive,positive,negative
1773199726449463661:0,neutral,neutral,neutral,neutral,neutral
1773199726449463661:1,strongly_positive,strongly_positive,positive,strongly_positive,positive
1771477494840828161:0,neutral,neutral,neutral,neutral,neutral
1771477494840828161:1,strongly_positive,strongly_positive,strongly_positive,strongly_positive,positive
1771475327895720254:0,negative,negative,strongly_negative,negative,negative
1769966120071541227:0,negative,negative,negative,negative,negative
1769966120071541227:1,neutral,neutral,positive,neutral,negative
1763450529303429589:0,neutral,neutral,positive,negative,dont_know
1757574376776684007:0,positive,positive,positive,positive,positive
1756124825301709231:0,strongly_positive,positive,positive,strongly_positive,positive
1755840081607455150:0,positive,strongly_positive,strongly_positive,strongly_positive,positive
1754830425309196348:0,negative,strongly_negative,negative,negative,negative
1754830425309196348:1,neutral,positive,positive,strongly_positive,negative
1752174469060469015:0,strongly_positive,strongly_positive,strongly_positive,strongly_positive,positive
1751780357022601511:0,strongly_positive,strongly_positive,strongly_positive,strongly_positive,positive
1751780150729924714:0,strongly_positive,strongly_positive,strongly_positive,strongly_positive,positive
1751214316307808363:0,positive,positive,positive,positive,positive
1751214316307808363:1,positive,positive,neutral,neutral,neutral
1751214316307808363:2,positive,positive,neutral,neutral,positive
1751146672875512075:0,strongly_positive,strongly_positive,strongly_positive,strongly_positive,positive
1751146672875512075:1,dont_know,positive,dont_know,positive,positive
1751078364440621357:0,positive,positive,positive,positive,positive
1751078364440621357:1,positive,positive,dont_know,positive,positive
1750827569526833359:0,positive,positive,positive,neutral,neutral
1750827569526833359:1,neutral,positive,neutral,strongly_positive,neutral
1750827569526833359:2,dont_know,dont_know,dont_know,dont_know,dont_know
1750784172250017813:0,neutral,neutral,positive,neutral,neutral
1750784172250017813:1,neutral,neutral,neutral,positive,neutral
1750784172250017813:2,positive,positive,positive,positive,positive
1750784172250017813:3,positive,positive,positive,positive,positive
1750747074860302569:0,negative,negative,negative,neutral,negative
1750550656799117383:0,strongly_positive,strongly_positive,strongly_positive,strongly_positive,positive
1750326619414176035:0,neutral,neutral,neutral,neutral,neutral
1750326619414176035:1,strongly_positive,strongly_positive,strongly_positive,strongly_positive,positive
1750065288136310877:0,strongly_positive,strongly_positive,strongly_positive,strongly_positive,positive
1747567862435418467:0,neutral,neutral,neutral,neutral,neutral
1747567862435418467:1,neutral,neutral,neutral,dont_know,neutral
1747118665928196284:0,positive,positive,positive,positive,positive
1746790004825698811:0,strongly_positive,positive,strongly_positive,strongly_positive,positive
1741625551142715590:0,positive,positive,positive,strongly_positive,positive
1741319116034900422:0,neutral,neutral,neutral,neutral,neutral
1741319116034900422:1,neutral,neutral,neutral,neutral,neutral
1741319116034900422:2,dont_know,dont_know,positive,neutral,positive
1741266922707259542:0,strongly_positive,positive,positive,strongly_positive,positive
1739501036027736362:0,strongly_positive,strongly_positive,strongly_positive,strongly_positive,strongly_positive
1739501036027736362:1,positive,positive,positive,positive,positive
1739456241578250362:0,positive,positive,positive,positive,positive
1739454983601561949:0,positive,positive,positive,positive,positive
1732656954839806456:0,neutral,neutral,strongly_negative,strongly_negative,strongly_negative
1732353680664318292:0,neutral,neutral,dont_know,dont_know,neutral
1729050625747698007:0,positive,positive,positive,positive,positive
1729050625747698007:1,positive,positive,positive,positive,positive
1729050625747698007:2,neutral,neutral,neutral,neutral,neutral
1727496183944454500:0,positive,positive,positive,positive,positive
1727496183944454500:1,neutral,neutral,neutral,neutral,neutral
1726228017280872527:0,positive,positive,positive,positive,positive
1726228017280872527:1,positive,neutral,neutral,positive,neutral
1726228017280872527:2,dont_know,dont_know,dont_know,dont_know,positive
1726046632427368625:0,strongly_positive,positive,strongly_positive,strongly_positive,positive
1725819774989652036:0,neutral,neutral,neutral,neutral,neutral
1725819774989652036:1,positive,neutral,neutral,neutral,neutral
1725819774989652036:2,positive,positive,positive,neutral,neutral
1724597080864206951:0,strongly_positive,positive,positive,strongly_positive,positive
1724287738768408968:0,strongly_positive,positive,positive,strongly_positive,positive
1723763527616196799:0,neutral,neutral,dont_know,neutral,dont_know
1723536777766654238:0,strongly_positive,strongly_positive,strongly_positive,strongly_positive,positive
1723509917296816629:0,strongly_positive,positive,positive,strongly_positive,positive
1721752471369040063:0,positive,neutral,positive,positive,neutral
1721752471369040063:1,neutral,neutral,neutral,neutral,neutral
1720794145726611827:0,neutral,neutral,neutral,neutral,neutral
1720794145726611827:1,neutral,neutral,neutral,neutral,neutral
1720794145726611827:2,positive,positive,positive,positive,neutral
1720794145726611827:3,dont_know,dont_know,dont_know,dont_know,neutral
1720097394069798950:0,negative,negative,neutral,positive,negative
1716624548110475489:0,positive,positive,positive,positive,positive
1716624548110475489:1,strongly_positive,positive,positive,positive,positive
1715537384404561944:0,neutral,neutral,neutral,neutral,neutral
1715537384404561944:1,neutral,neutral,neutral,neutral,neutral
1714214500281545008:0,positive,positive,positive,positive,positive
1714214500281545008:1,positive,positive,positive,positive,positive
1714214500281545008:2,neutral,neutral,neutral,neutral,neutral
1713852032015380949:0,strongly_positive,strongly_positive,strongly_positive,positive,positive
1713851917544325412:0,strongly_positive,strongly_positive,positive,positive,positive
1713803316243902574:0,neutral,neutral,neutral,neutral,neutral
1713803316243902574:1,neutral,neutral,neutral,neutral,neutral
1713803316243902574:2,positive,positive,positive,positive,positive
1713762162861379702:0,strongly_positive,positive,positive,strongly_positive,positive
1713762162861379702:1,strongly_positive,strongly_positive,strongly_positive,strongly_positive,positive
1713460247531291106:0,positive,positive,neutral,neutral,neutral
1713460247531291106:1,neutral,neutral,neutral,neutral,neutral
1713460247531291106:2,positive,positive,positive,positive,positive
1713460247531291106:3,positive,positive,positive,positive,positive
1713435471618216407:0,positive,positive,positive,positive,positive
1713435471618216407:1,positive,positive,positive,positive,positive
1713363057034789189:0,neutral,neutral,positive,positive,neutral
1713363057034789189:1,strongly_positive,positive,positive,strongly_positive,positive
1713225042807668774:0,strongly_positive,strongly_positive,strongly_positive,neutral,strongly_positive
1713117544637440122:0,neutral,neutral,neutral,neutral,neutral
1713117544637440122:1,positive,positive,positive,strongly_negative,positive
1713117544637440122:2,positive,positive,positive,positive,positive
1710463954160365788:0,positive,positive,positive,positive,positive
1709084903890194896:0,neutral,neutral,neutral,neutral,neutral
1709084903890194896:1,neutral,neutral,neutral,neutral,neutral
1707202463575810376:0,positive,positive,strongly_positive,strongly_positive,positive
1706748771257008225:0,dont_know,positive,dont_know,neutral,positive
1706553306217103810:0,neutral,neutral,neutral,neutral,neutral
1705994592426881485:0,positive,positive,dont_know,strongly_negative,positive
1705819557183844620:0,positive,positive,positive,neutral,neutral
1705819557183844620:1,neutral,neutral,neutral,neutral,neutral
1704330273259929821:0,positive,positive,positive,positive,positive
1704330273259929821:1,positive,positive,positive,strongly_positive,neutral
1704330273259929821:2,strongly_positive,positive,positive,strongly_positive,positive
1703988544426135571:0,strongly_positive,strongly_positive,strongly_positive,strongly_positive,positive
1703988544426135571:1,strongly_positive,strongly_positive,positive,strongly_positive,positive
1703578584642691146:0,strongly_positive,positive,strongly_positive,strongly_positive,positive
1703216196831584323:0,positive,positive,positive,positive,positive
1702491421071356097:0,positive,positive,positive,positive,positive
1835346270451593604:0,strongly_positive,strongly_positive,strongly_positive,strongly_positive,strongly_positive
2092527284066611509:0,neutral,neutral,dont_know,dont_know,neutral
2092142454833307788:0,negative,negative,negative,neutral,negative
2090813813096673304:0,negative,negative,negative,negative,negative
2090813813096673304:1,negative,negative,neutral,negative,negative
2090813813096673304:2,negative,neutral,neutral,neutral,negative
2090813813096673304:3,neutral,neutral,neutral,neutral,neutral
2090813813096673304:4,dont_know,dont_know,dont_know,dont_know,neutral
2090623948463681729:0,negative,negative,negative,negative,negative
2090623948463681729:1,positive,neutral,neutral,neutral,neutral
2090623948463681729:2,dont_know,dont_know,dont_know,neutral,negative
2090097388300230880:0,dont_know,positive,strongly_negative,strongly_positive,negative
2088995356424171717:0,positive,positive,positive,strongly_positive,positive
2088993684759175269:0,neutral,neutral,neutral,neutral,neutral
2088992997233008742:0,dont_know,dont_know,dont_know,neutral,neutral
2088581193398972777:0,neutral,neutral,neutral,neutral,neutral
2088581193398972777:1,neutral,neutral,dont_know,dont_know,neutral
2086827012262613058:0,negative,negative,negative,negative,negative
2086788412082885077:0,strongly_positive,strongly_positive,strongly_positive,positive,strongly_positive
2086320965638836488:0,negative,negative,neutral,negative,neutral
2085948814201086263:0,neutral,neutral,neutral,neutral,neutral
2085939986055250037:0,negative,negative,negative,neutral,negative
2085197755291709776:0,negative,negative,negative,negative,negative
2083546816914850277:0,dont_know,dont_know,dont_know,dont_know,neutral
2083215546200555586:0,positive,neutral,neutral,neutral,neutral
2083215546200555586:1,negative,negative,dont_know,dont_know,dont_know
2082860163560853530:0,positive,positive,positive,positive,positive
2082846911653142804:0,neutral,neutral,neutral,neutral,neutral
2082363439864021492:0,negative,negative,negative,neutral,negative
2080319975924125803:0,neutral,neutral,negative,negative,neutral
2078370457355694131:0,positive,neutral,positive,neutral,positive
2078370457355694131:1,neutral,positive,neutral,neutral,positive
2078370457355694131:2,neutral,neutral,neutral,neutral,neutral
2078370457355694131:3,positive,positive,negative,strongly_negative,positive
2078370457355694131:4,negative,negative,negative,negative,positive
2077026641495335120:0,negative,negative,dont_know,neutral,neutral
2076687405109891317:0,strongly_negative,strongly_negative,strongly_negative,neutral,strongly_negative
2075880432290455641:0,negative,negative,strongly_negative,strongly_negative,negative
2075780684145394030:0,strongly_negative,strongly_negative,strongly_negative,strongly_negative,negative
2075593803931742495:0,neutral,neutral,neutral,neutral,neutral
2075570255578234893:0,negative,negative,neutral,negative,negative
2075570255578234893:1,negative,strongly_negative,strongly_negative,negative,negative
2074543413438075355:0,strongly_negative,strongly_negative,strongly_negative,strongly_negative,strongly_negative
2073572610319982796:0,neutral,neutral,neutral,negative,neutral
2073572610319982796:1,dont_know,dont_know,dont_know,dont_know,negative
2072875603569840323:0,dont_know,negative,neutral,neutral,neutral
2072875518693900750:0,dont_know,neutral,neutral,neutral,neutral
2072865399016919448:0,dont_know,dont_know,negative,dont_know,neutral
2072495607298871736:0,positive,negative,negative,negative,positive
2072495349781200984:0,strongly_positive,positive,positive,neutral,strongly_positive
2072495349781200984:1,positive,positive,neutral,neutral,positive
2072211436626211258:0,neutral,neutral,dont_know,neutral,neutral
2072211436626211258:1,negative,negative,negative,negative,negative
2072211391843565946:0,neutral,negative,neutral,negative,neutral
2071571937806213417:0,neutral,neutral,neutral,neutral,neutral
2071571937806213417:1,neutral,neutral,dont_know,dont_know,neutral
2071528002278814019:0,negative,negative,strongly_negative,negative,negative
2071528002278814019:1,dont_know,strongly_negative,strongly_negative,dont_know,negative
2071257137993666928:0,neutral,neutral,neutral,neutral,neutral
2068602791220920788:0,positive,positive,positive,neutral,positive
2067965664690831582:0,dont_know,neutral,neutral,neutral,neutral
2067062109880627629:0,dont_know,dont_know,dont_know,dont_know,neutral
2066142303341953314:0,neutral,neutral,neutral,neutral,neutral
2065970872201208299:0,neutral,neutral,neutral,neutral,neutral
2065970872201208299:1,neutral,neutral,neutral,neutral,neutral
2065624152430797073:0,neutral,neutral,neutral,neutral,neutral
2065624152430797073:1,neutral,neutral,neutral,neutral,neutral
2065607493209006328:0,negative,negative,negative,negative,negative
2065452185463443481:0,strongly_positive,strongly_positive,strongly_positive,positive,positive
2065101455519031547:0,positive,neutral,dont_know,neutral,neutral
2064692829604171823:0,neutral,neutral,neutral,neutral,neutral
2064358800208052426:0,positive,positive,positive,positive,positive
2064358800208052426:1,neutral,neutral,neutral,neutral,neutral
2061625036633731280:0,neutral,neutral,positive,neutral,neutral
2060951776325493240:0,positive,neutral,neutral,neutral,positive
2056759379022782534:0,negative,negative,dont_know,negative,negative
2054962168379105523:0,neutral,negative,positive,negative,neutral
2054962168379105523:1,positive,neutral,positive,positive,neutral
2054913378444042504:0,neutral,neutral,neutral,neutral,positive
2054913325503504657:0,positive,neutral,dont_know,neutral,positive
2053050847131807788:1,neutral,neutral,neutral,neutral,positive
2053050847131807788:2,positive,positive,positive,neutral,positive
2052560989519036903:0,neutral,positive,positive,neutral,neutral
2052272696499769452:0,neutral,neutral,neutral,neutral,neutral
2052272696499769452:1,neutral,neutral,neutral,neutral,neutral
2052272696499769452:2,neutral,neutral,neutral,strongly_negative,neutral
2052272696499769452:3,neutral,neutral,neutral,neutral,neutral
2050032948259492020:0,positive,positive,positive,positive,neutral
2050032948259492020:1,neutral,neutral,neutral,neutral,neutral
2047340205737492980:0,neutral,neutral,neutral,neutral,neutral
2047340205737492980:1,dont_know,dont_know,dont_know,neutral,dont_know
2046600778807427289:0,neutral,neutral,neutral,negative,neutral
2046600778807427289:1,neutral,neutral,neutral,neutral,neutral
2046600612440354880:0,negative,strongly_negative,strongly_negative,neutral,negative
2046050890898104805:0,neutral,neutral,negative,neutral,negative
2045888703269351689:0,neutral,neutral,neutral,neutral,neutral
2045888703269351689:1,neutral,neutral,neutral,negative,neutral
2045888703269351689:2,neutral,neutral,neutral,neutral,neutral
2045888703269351689:3,neutral,neutral,neutral,neutral,neutral
2044395133068841287:0,neutral,dont_know,dont_know,neutral,neutral
2043870639233331658:0,neutral,neutral,neutral,positive,neutral
2043870639233331658:1,positive,neutral,dont_know,dont_know,neutral
2043864825844134337:0,strongly_positive,strongly_positive,strongly_positive,strongly_positive,positive
2043267371046232195:0,neutral,neutral,neutral,neutral,neutral
2041693788889055573:0,neutral,neutral,neutral,neutral,neutral
2041528933695512723:0,neutral,neutral,neutral,neutral,neutral
2041528933695512723:1,neutral,neutral,neutral,neutral,neutral
2041528933695512723:2,neutral,neutral,negative,negative,negative
2041528933695512723:3,neutral,neutral,neutral,negative,neutral
2039356469091652093:0,neutral,neutral,positive,positive,neutral
2039020249014808754:0,negative,negative,negative,neutral,negative
2037194651422142855:0,dont_know,dont_know,dont_know,strongly_positive,dont_know
2036686841500340276:0,strongly_positive,strongly_positive,positive,positive,positive
2036686841500340276:1,neutral,neutral,neutral,positive,neutral
2036686841500340276:2,negative,negative,negative,dont_know,negative
2036282378256056636:0,positive,positive,positive,positive,positive
2032445321637154869:0,neutral,neutral,neutral,neutral,neutral
2032112721702109585:0,positive,positive,positive,positive,positive
2032111261329297452:0,neutral,neutral,dont_know,neutral,neutral
2031691944678813811:0,neutral,neutral,dont_know,neutral,neutral
2031359511324406156:0,positive,positive,positive,neutral,neutral
2031359511324406156:1,neutral,neutral,neutral,negative,neutral
2031250536356565117:0,neutral,neutral,neutral,neutral,neutral
2031030662892060802:0,positive,positive,positive,positive,positive
2030512312239731178:0,dont_know,dont_know,dont_know,negative,dont_know
2030292262295662842:0,neutral,neutral,neutral,neutral,neutral
2029576853242151083:0,neutral,neutral,positive,neutral,neutral
2029199121589166143:0,neutral,neutral,neutral,neutral,neutral
2029080666789560709:0,dont_know,neutral,dont_know,neutral,neutral
2028789397710364964:0,negative,negative,negative,negative,negative
2028789397710364964:1,dont_know,dont_know,dont_know,negative,negative
2028493028625928275:0,neutral,neutral,dont_know,neutral,neutral
2028309933964525761:0,neutral,neutral,dont_know,neutral,neutral
2027770604959723728:0,dont_know,negative,negative,negative,neutral
2027757105604923845:0,neutral,neutral,neutral,neutral,neutral
2027652648267354436:0,positive,positive,positive,positive,neutral
2027652648267354436:4,neutral,neutral,neutral,neutral,neutral
2027652648267354436:5,neutral,neutral,neutral,neutral,neutral
2027560529578033615:0,neutral,neutral,dont_know,neutral,neutral
2027397409484222475:0,neutral,neutral,neutral,neutral,neutral
2027397409484222475:1,neutral,neutral,neutral,negative,neutral
2027200636811645221:0,neutral,neutral,neutral,neutral,neutral
2027200636811645221:1,neutral,neutral,neutral,neutral,neutral
2027200636811645221:2,neutral,neutral,neutral,neutral,neutral
2027200636811645221:3,neutral,neutral,strongly_negative,negative,negative
2027067162834473047:0,negative,positive,negative,strongly_negative,neutral
2027067162834473047:1,neutral,neutral,neutral,neutral,neutral
2026676104648597657:0,neutral,neutral,neutral,dont_know,neutral
2026292904944398501:0,neutral,negative,neutral,negative,negative
2026292224607310335:0,neutral,neutral,dont_know,negative,neutral
2025948917402407296:0,dont_know,dont_know,neutral,negative,neutral
2025948917402407296:1,negative,negative,neutral,neutral,neutral
2025948917402407296:2,neutral,neutral,negative,strongly_negative,negative
2025855692792639713:0,neutral,neutral,neutral,neutral,neutral
2025810349736505767:0,dont_know,positive,positive,strongly_negative,neutral
2025760784098505066:0,neutral,neutral,neutral,neutral,neutral
2025760784098505066:1,neutral,neutral,neutral,neutral,neutral
2025760784098505066:2,neutral,neutral,neutral,neutral,neutral
2025573185681588535:0,neutral,neutral,neutral,neutral,neutral
2024865817624789316:0,neutral,neutral,neutral,neutral,neutral
2024865817624789316:1,positive,positive,neutral,neutral,neutral
2024857972460101857:1,positive,positive,positive,positive,positive
2024857972460101857:2,dont_know,dont_know,dont_know,neutral,positive
2024515551889182917:2,dont_know,neutral,dont_know,neutral,neutral
2024515459027177678:0,neutral,neutral,dont_know,neutral,neutral
2024500088308191283:0,positive,positive,dont_know,dont_know,positive
2024500038144319494:0,negative,negative,negative,negative,negative
2024299521711407601:0,neutral,neutral,neutral,neutral,neutral
2023409146092273925:0,neutral,neutral,neutral,neutral,neutral
2023409146092273925:1,positive,positive,dont_know,neutral,neutral
2023228841267998744:0,neutral,neutral,neutral,neutral,neutral
2023060167047479476:0,neutral,neutral,neutral,neutral,neutral
2023060167047479476:1,neutral,neutral,neutral,neutral,neutral
2023060167047479476:2,dont_know,dont_know,dont_know,dont_know,positive
2022864982745174292:0,dont_know,dont_know,dont_know,dont_know,neutral
2022689507817242847:0,neutral,neutral,neutral,neutral,neutral
2022689507817242847:1,neutral,neutral,neutral,negative,neutral
2022689507817242847:2,dont_know,dont_know,dont_know,dont_know,neutral
2022673491934482640:0,dont_know,dont_know,dont_know,dont_know,positive
2022673249096847728:0,neutral,neutral,neutral,neutral,neutral
2022635366344462518:0,neutral,neutral,neutral,neutral,neutral
2022629681737216102:0,neutral,neutral,neutral,neutral,neutral
2022607275693662637:0,positive,positive,positive,neutral,positive
2022607275693662637:1,neutral,neutral,dont_know,neutral,neutral
2022607275693662637:2,neutral,neutral,positive,positive,neutral
2022607275693662637:3,neutral,neutral,neutral,neutral,neutral
2022607275693662637:4,positive,positive,positive,positive,positive
2022607275693662637:5,dont_know,dont_know,dont_know,dont_know,dont_know
2021958866259562516:0,neutral,neutral,neutral,neutral,neutral
2021593949937291693:0,negative,negative,strongly_negative,strongly_negative,negative
2019687252415430988:0,strongly_positive,positive,strongly_positive,strongly_positive,positive
2018936415854407778:0,positive,positive,positive,neutral,negative
2018936415854407778:1,dont_know,dont_know,dont_know,dont_know,neutral
2018886397407703129:0,neutral,negative,dont_know,negative,neutral
2017975035303223667:0,neutral,neutral,neutral,negative,neutral
2017975035303223667:1,positive,positive,positive,positive,positive
2017975035303223667:2,dont_know,dont_know,dont_know,dont_know,neutral
2017600864387797451:0,neutral,neutral,neutral,neutral,neutral
2017245734220009680:0,neutral,neutral,neutral,negative,neutral
2017245734220009680:1,negative,negative,negative,neutral,negative
2016713437657911568:0,neutral,neutral,neutral,neutral,neutral
2016519978917519459:0,neutral,neutral,dont_know,neutral,neutral
2016157911102456096:0,neutral,neutral,neutral,neutral,neutral
2016157911102456096:1,positive,positive,positive,positive,positive
2016156238334283988:0,neutral,dont_know,dont_know,neutral,neutral
2016127334903095432:0,neutral,dont_know,dont_know,neutral,neutral
2015797360362995759:0,neutral,neutral,neutral,neutral,neutral
2015693599724454269:0,neutral,neutral,neutral,neutral,neutral
2015028396007493847:0,strongly_negative,strongly_negative,strongly_negative,strongly_negative,strongly_negative
2014325819850838377:0,neutral,neutral,dont_know,neutral,neutral
2013887401261748736:0,negative,negative,negative,negative,negative
2013812881322553798:0,neutral,neutral,neutral,positive,neutral
2013624524508385399:0,neutral,neutral,neutral,negative,neutral
2013624524508385399:1,neutral,neutral,neutral,positive,neutral
2012886680257348026:0,neutral,neutral,neutral,strongly_negative,neutral
2012886680257348026:1,positive,positive,positive,positive,positive
2012886680257348026:2,neutral,neutral,neutral,positive,positive
2012505748828565970:0,neutral,neutral,neutral,neutral,neutral
2010274456686788662:0,positive,positive,positive,positive,positive
2010274456686788662:1,positive,positive,positive,positive,positive
2009815299189801416:0,neutral,neutral,neutral,neutral,neutral
2009626560324943950:0,neutral,neutral,dont_know,neutral,neutral
2009597655396364746:0,neutral,neutral,neutral,neutral,neutral
2009257587716362247:0,negative,negative,negative,negative,negative
2009244247871091136:0,neutral,neutral,neutral,neutral,neutral
2008885979768352789:0,positive,positive,neutral,positive,positive
2008170253398983092:0,negative,negative,dont_know,neutral,positive
2008162012623511814:0,neutral,neutral,dont_know,neutral,neutral
2007365124169080943:0,negative,negative,dont_know,dont_know,negative
2007362542591709443:0,positive,positive,strongly_positive,positive,positive
2007362542591709443:1,positive,positive,neutral,strongly_positive,positive
2007362542591709443:2,neutral,neutral,neutral,neutral,neutral
2007295141284049237:0,strongly_positive,positive,positive,positive,positive
2007295141284049237:1,positive,positive,neutral,neutral,positive
2006927795482714384:0,negative,neutral,negative,negative,negative
2006927795482714384:1,positive,positive,positive,neutral,positive
2006921831228510216:0,dont_know,dont_know,dont_know,neutral,neutral
2006365504081195048:0,neutral,neutral,neutral,neutral,neutral
2004542958515921049:0,positive,positive,neutral,neutral,neutral
2004181360676950359:0,positive,positive,positive,positive,positive
2004181360676950359:1,neutral,neutral,neutral,neutral,neutral
2004181360676950359:2,neutral,neutral,neutral,positive,neutral
2004181360676950359:3,neutral,neutral,dont_know,neutral,neutral
2003831079497879919:0,dont_know,dont_know,dont_know,dont_know,neutral
2003637750743093446:0,neutral,neutral,dont_know,neutral,neutral
2003300473340895486:0,negative,negative,negative,negative,negative
2003300473340895486:1,neutral,dont_know,neutral,dont_know,neutral
2003300473340895486:2,neutral,neutral,neutral,neutral,neutral
2003300473340895486:3,positive,positive,positive,strongly_positive,positive
2002184614560117005:0,dont_know,dont_know,dont_know,neutral,neutral
2002175922188005470:0,positive,positive,positive,neutral,positive
2001270109399290118:0,neutral,negative,dont_know,neutral,negative
2000955250040258595:0,dont_know,dont_know,dont_know,neutral,positive
2000912544144482538:0,neutral,neutral,neutral,neutral,neutral
2000912544144482538:1,neutral,neutral,neutral,neutral,neutral
2000912544144482538:2,dont_know,neutral,dont_know,neutral,neutral
2000580245599240215:0,neutral,neutral,neutral,neutral,neutral
2000569516636692823:0,positive,positive,strongly_negative,neutral,positive
2000569516636692823:3,neutral,neutral,neutral,neutral,positive
2000383864452366438:0,neutral,neutral,neutral,neutral,neutral
2000383864452366438:1,negative,negative,neutral,neutral,neutral
2000383864452366438:2,negative,negative,strongly_negative,strongly_negative,negative
2000378449450651832:0,neutral,neutral,neutral,neutral,neutral
2000237044698951808:0,neutral,neutral,neutral,neutral,positive
2000237044698951808:1,dont_know,dont_know,dont_know,dont_know,dont_know
1999668713700958230:0,strongly_positive,strongly_positive,positive,positive,positive
1999300875999936864:0,strongly_positive,positive,positive,strongly_positive,positive
1998964200660783222:0,strongly_positive,strongly_positive,positive,positive,positive
1998964200660783222:1,positive,positive,positive,neutral,positive
1998964200660783222:2,positive,positive,neutral,neutral,positive
1998963411342983488:0,neutral,dont_know,dont_know,neutral,neutral
1998959311490527697:0,neutral,neutral,neutral,neutral,neutral
1998751983516168377:0,positive,positive,neutral,neutral,positive
1998272855759589874:0,dont_know,dont_know,dont_know,dont_know,positive
1998076386708464049:0,strongly_negative,strongly_negative,strongly_negative,strongly_negative,strongly_negative
1998034098846376129:0,neutral,neutral,strongly_negative,strongly_negative,neutral
1996930547713823052:0,neutral,neutral,neutral,strongly_negative,neutral
1996575839933317499:0,dont_know,dont_know,dont_know,dont_know,neutral
1996406136699060595:0,positive,positive,positive,positive,positive
1996201556132446598:0,neutral,neutral,neutral,neutral,neutral
1996201321792430454:0,negative,negative,neutral,strongly_positive,negative
1995487783016910920:0,neutral,neutral,neutral,neutral,neutral
1995137739084480767:0,neutral,neutral,dont_know,neutral,neutral
1994769131040915956:0,neutral,neutral,positive,neutral,positive
1994769131040915956:1,positive,positive,neutral,neutral,positive
1994659081840443772:0,neutral,neutral,neutral,neutral,neutral
1994659081840443772:1,neutral,neutral,neutral,neutral,neutral
1994011477469274558:0,strongly_positive,strongly_positive,strongly_positive,strongly_positive,strongly_positive
1994011477469274558:1,dont_know,dont_know,dont_know,strongly_positive,neutral
1993919590947279237:0,positive,positive,positive,neutral,positive
1993669047205122446:0,neutral,neutral,dont_know,neutral,neutral
1993669047205122446:1,neutral,neutral,neutral,neutral,neutral
1993502066246140191:1,positive,positive,positive,positive,positive
1993502066246140191:2,dont_know,dont_know,dont_know,dont_know,dont_know
1993302971011289153:0,neutral,neutral,negative,negative,neutral
1993302971011289153:1,neutral,neutral,neutral,neutral,neutral
1992953182809620751:0,neutral,neutral,neutral,neutral,neutral
1992179210107142442:0,dont_know,dont_know,dont_know,neutral,neutral
1991111957974540792:0,strongly_negative,strongly_negative,strongly_negative,strongly_negative,negative
1991079409479020600:0,dont_know,negative,negative,negative,negative
1990793466880876786:0,neutral,neutral,neutral,neutral,neutral
1990793466880876786:1,neutral,neutral,neutral,neutral,neutral
1990790703514071156:0,neutral,neutral,dont_know,neutral,neutral
1990660569331085424:0,neutral,neutral,neutral,neutral,neutral
1990660569331085424:1,negative,negative,negative,negative,negative
1989502656516374841:0,neutral,neutral,neutral,neutral,neutral
1988965342706823672:0,negative,negative,neutral,positive,negative
1988965342706823672:1,neutral,neutral,positive,positive,negative
1988956202517336496:0,neutral,neutral,neutral,negative,neutral
1988590350160535690:0,neutral,neutral,neutral,neutral,neutral
1987898371080896568:1,negative,negative,negative,negative,negative
1987898371080896568:2,negative,negative,negative,negative,negative
1987878415677190285:0,neutral,neutral,neutral,neutral,neutral
1987878415677190285:1,neutral,neutral,neutral,neutral,neutral
1987878415677190285:2,negative,neutral,negative,negative,negative
1987878415677190285:3,dont_know,dont_know,dont_know,dont_know,dont_know
1986616944955695173:0,strongly_positive,strongly_positive,strongly_positive,strongly_positive,strongly_positive
1986616944955695173:1,negative,negative,negative,negative,negative
1986430945382322561:0,negative,negative,strongly_negative,neutral,negative
1986250249837621310:0,dont_know,dont_know,dont_know,neutral,positive
1986246629297680574:0,positive,positive,positive,neutral,positive
1986048479089787055:0,negative,negative,negative,negative,negative
1985702029168398801:0,negative,negative,dont_know,neutral,negative
1985701661059514750:0,negative,negative,negative,negative,neutral
1983204405341237568:0,neutral,neutral,neutral,neutral,neutral
1983204405341237568:1,negative,dont_know,dont_know,negative,dont_know
1982077985810514201:0,neutral,neutral,strongly_positive,strongly_positive,neutral
1982077985810514201:1,negative,negative,neutral,negative,negative
1982077985810514201:2,negative,neutral,negative,negative,negative
1982077985810514201:3,neutral,neutral,neutral,neutral,neutral
1979923919491736034:0,positive,positive,positive,positive,positive
1979923919491736034:1,positive,positive,neutral,positive,positive
1979923919491736034:2,positive,positive,positive,positive,positive
1979887692394508336:0,negative,negative,strongly_negative,strongly_negative,negative
1978631079897502106:0,positive,positive,strongly_negative,neutral,positive
1978110984670564724:0,negative,negative,negative,negative,negative
1978110984670564724:1,neutral,neutral,neutral,neutral,neutral
1976653337270550711:0,negative,negative,negative,strongly_negative,negative
1976653337270550711:1,dont_know,dont_know,neutral,negative,dont_know
1976133128319271283:0,positive,positive,negative,strongly_negative,positive
1976130841924252011:0,neutral,negative,neutral,negative,neutral
1976119140869079450:0,neutral,positive,dont_know,negative,positive
1974834319442182422:0,positive,positive,dont_know,neutral,neutral
1971939911889719449:0,neutral,neutral,neutral,neutral,neutral
1971549533546119391:0,strongly_positive,strongly_positive,strongly_positive,neutral,strongly_positive
1971407345147314619:0,neutral,neutral,negative,negative,negative
1971237103825731868:1,positive,strongly_positive,positive,neutral,positive
1971201890068124029:0,neutral,neutral,neutral,neutral,neutral
1971201890068124029:1,dont_know,dont_know,dont_know,dont_know,dont_know
1971009903990034876:0,neutral,neutral,neutral,neutral,neutral
1970868737516662863:0,negative,strongly_negative,strongly_negative,negative,negative
1970868737516662863:1,neutral,neutral,strongly_negative,negative,neutral
1970503196453044357:0,neutral,neutral,negative,negative,neutral
1969416698974650770:0,negative,negative,negative,negative,negative
1969416698974650770:2,positive,positive,positive,positive,positive
1969416698974650770:3,positive,positive,positive,negative,positive
1969416698974650770:4,negative,negative,strongly_negative,strongly_negative,negative
1968852930557063539:0,neutral,neutral,strongly_negative,strongly_negative,neutral
1968666403499639069:0,negative,negative,neutral,neutral,negative
1968495188655096097:0,strongly_negative,strongly_negative,strongly_negative,negative,strongly_negative
1967078807481053313:0,dont_know,dont_know,neutral,negative,neutral
1967078807481053313:1,positive,positive,positive,neutral,positive
1967078807481053313:2,positive,positive,positive,strongly_positive,positive
1966859626596757977:0,neutral,neutral,neutral,neutral,neutral
1966762744033751049:0,positive,positive,positive,strongly_positive,positive
1966410601351229901:0,positive,positive,positive,neutral,positive
1966410601351229901:1,neutral,neutral,neutral,neutral,neutral
1966398479028437016:0,dont_know,dont_know,dont_know,dont_know,dont_know
1966398433113391329:0,positive,strongly_negative,strongly_negative,strongly_negative,positive
1966339751226847264:0,neutral,neutral,neutral,neutral,neutral
1966339751226847264:1,dont_know,dont_know,dont_know,neutral,negative
1966308297650426012:0,negative,negative,dont_know,negative,neutral
1965706748347723932:0,negative,negative,negative,negative,negative
1965706748347723932:2,positive,neutral,neutral,neutral,neutral
1965706748347723932:3,neutral,neutral,neutral,neutral,neutral
1965439295046762742:0,neutral,neutral,neutral,neutral,neutral
1964980767597179370:0,strongly_negative,strongly_negative,strongly_negative,strongly_negative,strongly_negative
1964557368777486405:0,neutral,neutral,neutral,neutral,neutral
1964557368777486405:1,dont_know,dont_know,negative,dont_know,dont_know
1964524584763609449:0,negative,negative,negative,negative,negative
1964524584763609449:1,neutral,neutral,neutral,negative,negative
1964524584763609449:2,positive,positive,positive,negative,neutral
1964215878213378129:0,neutral,neutral,neutral,neutral,neutral
1963592050592423964:0,neutral,neutral,dont_know,neutral,neutral
1963591219553964115:0,negative,negative,neutral,strongly_negative,negative
1963580587677291000:0,negative,negative,negative,negative,negative
1963580587677291000:1,negative,negative,strongly_negative,negative,negative
1963425903939408069:0,neutral,neutral,neutral,neutral,negative
1963148195594477716:0,neutral,neutral,dont_know,neutral,neutral
1963063354848657605:0,neutral,neutral,dont_know,neutral,neutral
1963063354848657605:2,neutral,neutral,neutral,negative,negative
1962719829519147487:0,positive,positive,dont_know,dont_know,positive
1962701056582058184:0,negative,negative,strongly_negative,negative,negative
1962523460074348997:0,neutral,dont_know,dont_know,dont_know,neutral
1962464040455897325:0,neutral,neutral,neutral,neutral,neutral
1962464040455897325:2,neutral,neutral,neutral,negative,neutral
1962464040455897325:3,dont_know,dont_know,neutral,dont_know,dont_know
1962142754512990436:0,neutral,neutral,strongly_negative,negative,neutral
1961680849235263690:0,positive,positive,positive,neutral,neutral
1961677734356406735:0,negative,negative,negative,neutral,negative
1961611169745309711:0,negative,negative,negative,negative,negative
1961611012169502864:0,strongly_positive,strongly_positive,positive,positive,strongly_positive
1961610380733784199:0,dont_know,dont_know,dont_know,dont_know,dont_know
1961441298994663817:0,negative,negative,negative,negative,negative
1961441298994663817:1,neutral,neutral,neutral,neutral,neutral
1961419006839329026:0,neutral,neutral,neutral,neutral,neutral
1961419006839329026:1,neutral,neutral,neutral,neutral,neutral
1961419006839329026:2,positive,positive,positive,positive,positive
1961419006839329026:3,neutral,neutral,neutral,neutral,neutral
1961268699207536660:0,positive,positive,negative,strongly_negative,positive
1960901576249500062:0,neutral,neutral,neutral,neutral,neutral
1960901576249500062:1,neutral,neutral,dont_know,dont_know,neutral
1960720057371386066:0,positive,positive,positive,neutral,positive
1960713317699268693:0,neutral,neutral,dont_know,neutral,neutral
1959981912245576108:0,neutral,neutral,neutral,neutral,neutral
1959981912245576108:1,neutral,neutral,neutral,neutral,neutral
1959981912245576108:2,neutral,neutral,negative,neutral,neutral
1959933674960359885:0,negative,negative,negative,negative,negative
1959873244007428495:0,neutral,neutral,neutral,neutral,neutral
1959434208776237096:0,positive,positive,strongly_negative,negative,positive
1959432186605810091:0,dont_know,dont_know,dont_know,dont_know,neutral
1959125856644686139:0,neutral,neutral,neutral,neutral,neutral
1959125856644686139:1,neutral,neutral,neutral,neutral,neutral
1958889306539315238:0,negative,negative,negative,negative,negative
1958889306539315238:1,dont_know,neutral,positive,dont_know,neutral
1958888931795022166:0,negative,negative,dont_know,negative,negative
1958888226619261432:0,positive,positive,positive,positive,positive
1958888226619261432:1,dont_know,dont_know,dont_know,dont_know,dont_know
1958887722384294054:0,neutral,neutral,neutral,neutral,neutral
1958735754139771251:0,neutral,neutral,neutral,negative,neutral
1958735754139771251:1,dont_know,dont_know,dont_know,dont_know,neutral
1958560462297006487:0,negative,negative,negative,negative,negative
1958549191417839870:0,positive,positive,positive,positive,positive
1958504929506500807:0,neutral,neutral,neutral,neutral,positive
1958488319689699597:0,negative,negative,negative,negative,negative
1958173757669056709:0,neutral,neutral,neutral,negative,neutral
1958161928435761450:0,neutral,neutral,neutral,neutral,neutral
1958161928435761450:1,neutral,neutral,neutral,negative,neutral
1957828275067085273:0,neutral,neutral,neutral,neutral,neutral
1956362260567245050:0,neutral,neutral,neutral,neutral,neutral
1956362260567245050:1,dont_know,dont_know,dont_know,negative,neutral
1956328356145951115:0,strongly_negative,strongly_negative,strongly_negative,negative,negative
1956328356145951115:1,negative,negative,negative,negative,negative
1956319415202689322:0,positive,positive,dont_know,strongly_positive,strongly_positive
1956222353484005770:0,neutral,neutral,neutral,neutral,neutral
1956222353484005770:1,neutral,neutral,neutral,neutral,neutral
1956159504216719682:0,dont_know,dont_know,dont_know,neutral,neutral
1955617965136855372:0,neutral,neutral,dont_know,neutral,neutral
1954949199004569821:0,neutral,neutral,neutral,neutral,neutral
1953464012135702968:0,positive,positive,neutral,negative,positive
1953464012135702968:1,positive,positive,positive,neutral,positive
1953079163218477287:0,neutral,neutral,neutral,neutral,neutral
1953079163218477287:1,neutral,neutral,neutral,neutral,neutral
1953079163218477287:2,neutral,neutral,neutral,neutral,neutral
1952561409562427429:0,neutral,neutral,neutral,strongly_negative,neutral
1952561409562427429:1,negative,negative,negative,negative,neutral
1950909842354491679:0,dont_know,dont_know,neutral,dont_know,neutral
1950909683855950293:0,negative,negative,strongly_negative,strongly_negative,negative
1950909683855950293:1,neutral,neutral,negative,neutral,neutral
1950519197152276914:0,neutral,neutral,neutral,neutral,neutral
1950519170312896530:0,neutral,neutral,dont_know,neutral,neutral
1950170014444900741:0,neutral,neutral,neutral,negative,neutral
1949838461915033794:0,neutral,neutral,dont_know,strongly_negative,neutral
1949143003232178342:0,neutral,neutral,neutral,negative,positive
1949143003232178342:1,neutral,neutral,neutral,negative,neutral
1949143003232178342:2,strongly_positive,strongly_positive,strongly_positive,negative,positive
1947664517254811719:0,positive,positive,strongly_negative,strongly_negative,positive
1947595064890560913:0,neutral,neutral,neutral,neutral,neutral
1947097541205700694:0,strongly_positive,strongly_positive,strongly_positive,positive,strongly_positive
1946200975867564330:0,positive,positive,neutral,neutral,positive
1946023916973207756:0,negative,negative,strongly_negative,dont_know,negative
1945866534599221325:0,positive,positive,dont_know,neutral,positive
1945685762365903218:0,negative,negative,negative,negative,neutral
1945463886477713643:0,positive,positive,positive,neutral,positive
1944967706392059927:0,positive,positive,positive,positive,positive
1944404423859462437:0,neutral,neutral,neutral,negative,neutral
1943964653455126740:0,dont_know,dont_know,dont_know,negative,dont_know
1943964564074508478:0,positive,positive,positive,positive,positive
1943934425362051301:0,positive,dont_know,positive,strongly_positive,positive
1943623621940793659:0,neutral,neutral,neutral,neutral,neutral
1942544587370746228:0,positive,positive,positive,neutral,positive
1942223280523600063:0,neutral,neutral,neutral,neutral,neutral
1941343652380541054:0,neutral,neutral,neutral,negative,neutral
1941343652380541054:1,positive,positive,strongly_positive,strongly_positive,positive
1941343652380541054:3,strongly_positive,positive,positive,positive,positive
1941114055743377919:1,positive,positive,neutral,neutral,neutral
1941114055743377919:2,dont_know,dont_know,dont_know,dont_know,dont_know
1941005193182953541:0,dont_know,dont_know,neutral,neutral,neutral
1940962380160352475:0,neutral,dont_know,neutral,strongly_negative,neutral
1940781146436260164:0,neutral,neutral,negative,negative,neutral
1940781146436260164:1,neutral,neutral,neutral,neutral,neutral
1940597503457743144:0,negative,negative,dont_know,neutral,negative
1940389025678070267:0,neutral,neutral,neutral,neutral,neutral
1939532726849450099:0,negative,dont_know,negative,negative,negative
1938863905985737044:0,strongly_positive,positive,positive,positive,positive
1938863905985737044:1,neutral,neutral,positive,positive,neutral
1938863905985737044:2,neutral,neutral,neutral,neutral,neutral
1936812490219733347:0,positive,positive,neutral,neutral,neutral
1936805217993097644:0,neutral,neutral,neutral,neutral,neutral
1936805115387867379:0,strongly_positive,strongly_positive,strongly_positive,positive,strongly_positive
1936797553552691667:0,neutral,neutral,dont_know,neutral,neutral
1936257403495879139:0,neutral,neutral,neutral,neutral,neutral
1936035188196192432:0,negative,strongly_negative,strongly_negative,negative,negative
1935322837621047702:0,neutral,neutral,dont_know,neutral,neutral
1934206898724815086:0,positive,positive,dont_know,neutral,positive
1933416846902112284:0,strongly_negative,strongly_negative,strongly_negative,strongly_negative,negative
1932816388671819889:0,negative,negative,negative,negative,negative
1932816089974497644:0,dont_know,neutral,dont_know,dont_know,neutral
1932815342528512230:0,strongly_negative,strongly_negative,strongly_negative,strongly_negative,negative
1932815342528512230:1,strongly_negative,strongly_negative,strongly_negative,strongly_negative,strongly_negative
1931675834814812331:0,positive,positive,positive,neutral,positive
1931675834814812331:1,positive,positive,positive,positive,positive
1931352077109715286:0,neutral,neutral,neutral,neutral,neutral
1931352077109715286:2,neutral,neutral,dont_know,dont_know,neutral
1931322590875767079:0,positive,positive,positive,positive,neutral
1930636354582405293:0,neutral,neutral,neutral,neutral,neutral
1930636354582405293:1,positive,positive,positive,neutral,positive
1930627907124080782:1,dont_know,dont_know,negative,negative,neutral
1930624889699909800:0,negative,negative,negative,strongly_negative,negative
1589082535702966273:0,strongly_positive,strongly_positive,strongly_positive,strongly_positive,strongly_positive
2092845587846807876:0,positive,negative,positive,positive,negative
2092845587846807876:2,negative,strongly_negative,strongly_negative,negative,negative
2092845587846807876:4,negative,negative,negative,negative,negative
2091880074861838662:0,neutral,negative,strongly_negative,neutral,neutral
2091771538949509497:0,positive,positive,positive,positive,neutral
2091771538949509497:1,negative,negative,negative,negative,negative
2091771538949509497:3,negative,negative,negative,negative,negative
2091771538949509497:5,negative,strongly_negative,strongly_negative,strongly_negative,negative
2091767113610572249:0,dont_know,dont_know,dont_know,dont_know,neutral
2091716096948846760:0,dont_know,strongly_negative,dont_know,strongly_negative,negative
2091546716856299786:0,neutral,neutral,neutral,neutral,neutral
2091528093886529683:0,dont_know,dont_know,dont_know,dont_know,neutral
2091475868237640190:0,strongly_negative,strongly_negative,strongly_negative,strongly_negative,strongly_negative
2091383609882255828:0,dont_know,negative,strongly_negative,negative,negative
2091383609882255828:1,negative,negative,negative,negative,negative
2091383609882255828:3,neutral,neutral,neutral,neutral,neutral
2090370909538496848:0,strongly_positive,strongly_positive,strongly_positive,positive,positive
2090370909538496848:1,positive,positive,negative,negative,positive
2090370909538496848:2,negative,neutral,neutral,dont_know,dont_know
2090349105277219168:0,neutral,neutral,neutral,neutral,neutral
2090349105277219168:2,negative,positive,strongly_negative,strongly_negative,negative
2090322591508726032:0,strongly_positive,strongly_positive,strongly_positive,strongly_positive,positive
2090322591508726032:1,strongly_positive,strongly_positive,strongly_positive,strongly_positive,strongly_positive
2090279389732970744:0,negative,negative,negative,negative,negative
2090279389732970744:1,negative,negative,negative,negative,negative
2090279389732970744:2,negative,negative,strongly_negative,strongly_negative,negative
2090264539191476334:0,strongly_negative,strongly_negative,strongly_negative,negative,strongly_negative
2090264539191476334:1,negative,negative,negative,negative,negative
2090264539191476334:2,dont_know,dont_know,dont_know,negative,dont_know
2090091462528803215:0,negative,negative,strongly_negative,negative,neutral
2090091462528803215:1,negative,negative,strongly_negative,negative,neutral
2090091462528803215:2,positive,neutral,neutral,positive,positive
2090060049498681476:0,neutral,neutral,neutral,neutral,neutral
2090060049498681476:1,strongly_negative,strongly_negative,strongly_negative,neutral,negative
2090060049498681476:2,negative,negative,strongly_negative,strongly_negative,negative
2089723577855852560:0,strongly_positive,strongly_positive,strongly_positive,strongly_positive,strongly_positive
2089364807711355022:0,neutral,neutral,neutral,neutral,neutral
2089364807711355022:2,strongly_positive,strongly_positive,positive,neutral,positive
2089364807711355022:3,strongly_positive,strongly_positive,strongly_positive,strongly_negative,strongly_positive
2089215035109523589:0,strongly_negative,strongly_negative,strongly_negative,strongly_negative,strongly_negative
2089205402651275695:0,strongly_positive,positive,positive,strongly_positive,positive
2089194113774289299:0,strongly_negative,strongly_negative,strongly_negative,strongly_negative,strongly_negative
2089194113774289299:1,dont_know,dont_know,dont_know,dont_know,dont_know
2088964716504949239:0,strongly_negative,strongly_negative,strongly_negative,strongly_negative,strongly_negative
2088964716504949239:1,neutral,neutral,neutral,negative,negative
2088964716504949239:2,negative,strongly_negative,strongly_negative,strongly_negative,negative
2088964716504949239:3,dont_know,dont_know,dont_know,dont_know,dont_know
2088950722364932253:0,strongly_negative,strongly_negative,strongly_negative,strongly_negative,strongly_negative
2088950722364932253:1,strongly_negative,strongly_negative,strongly_negative,strongly_negative,strongly_negative
2088892439675429135:0,dont_know,dont_know,dont_know,negative,neutral
2088821425838985240:0,negative,neutral,neutral,neutral,negative
2088821425838985240:1,neutral,neutral,neutral,neutral,negative
2088821425838985240:2,negative,negative,dont_know,dont_know,negative
2088626418737639597:0,positive,positive,positive,positive,positive
2088457879082897515:0,positive,positive,positive,positive,positive
2088457879082897515:1,dont_know,dont_know,dont_know,dont_know,neutral
2088276598227353885:0,neutral,neutral,neutral,strongly_positive,neutral
2088268192838021341:0,strongly_positive,strongly_positive,strongly_positive,strongly_positive,positive
2088088896240484496:0,neutral,neutral,negative,negative,neutral
2088088896240484496:1,positive,positive,neutral,strongly_positive,neutral
2088088896240484496:2,dont_know,dont_know,dont_know,dont_know,dont_know
2087921402804646236:0,positive,positive,positive,positive,positive
2087921402804646236:1,neutral,neutral,neutral,neutral,neutral
2087880244070154511:0,neutral,neutral,dont_know,neutral,neutral
2087880244070154511:1,positive,positive,positive,strongly_positive,positive
2087868586924904815:0,positive,positive,neutral,neutral,neutral
2087868586924904815:1,positive,positive,dont_know,strongly_positive,positive
2087868586924904815:2,positive,positive,neutral,positive,positive
2089364807711355022:1,negative,negative,negative,negative,negative
2087868586924904815:3,dont_know,dont_know,dont_know,dont_know,dont_know
2087758862841716806:0,positive,positive,strongly_positive,strongly_negative,neutral
2087758862841716806:1,neutral,neutral,neutral,neutral,negative
2087758862841716806:2,neutral,neutral,neutral,negative,neutral
2086835646610763997:0,positive,positive,positive,positive,positive
2086835646610763997:1,strongly_positive,strongly_positive,strongly_positive,strongly_positive,strongly_positive
2086481328854495590:0,neutral,neutral,neutral,neutral,neutral
2086481328854495590:1,positive,positive,positive,strongly_positive,positive
2086481328854495590:2,dont_know,dont_know,dont_know,dont_know,dont_know
2086002185385762865:0,positive,positive,neutral,positive,positive
2086002185385762865:1,neutral,neutral,neutral,neutral,neutral
2086002185385762865:2,positive,neutral,neutral,negative,positive
2085984704160010577:0,neutral,negative,negative,negative,dont_know
2085942525328855399:0,neutral,neutral,neutral,neutral,neutral
2085936594700341624:0,neutral,positive,neutral,positive,neutral
2085579208257093915:0,neutral,neutral,neutral,neutral,neutral
2085322475676827850:0,strongly_positive,positive,positive,positive,positive
2085322475676827850:1,neutral,positive,positive,positive,positive
2085014512042975423:0,positive,positive,positive,positive,positive
2084843850678358156:0,strongly_negative,strongly_negative,strongly_negative,strongly_positive,negative
2084458979087032332:0,positive,positive,neutral,neutral,positive
2084458979087032332:1,positive,strongly_positive,positive,strongly_positive,strongly_positive
2084458979087032332:2,dont_know,dont_know,dont_know,neutral,neutral
2083877343479886284:0,neutral,neutral,neutral,neutral,neutral
2083877343479886284:1,positive,positive,positive,positive,neutral
2083877343479886284:2,neutral,neutral,neutral,neutral,neutral
2083850924745998722:0,neutral,neutral,positive,strongly_positive,neutral
2083573721605058812:0,strongly_negative,strongly_negative,strongly_negative,negative,strongly_negative
2083143166048469375:0,positive,positive,positive,positive,positive
2083143166048469375:1,negative,negative,negative,strongly_negative,strongly_positive
2083143166048469375:2,positive,negative,neutral,negative,neutral
2083124948608975295:0,negative,positive,dont_know,dont_know,dont_know
2083057064746918031:0,strongly_positive,strongly_positive,positive,strongly_negative,positive
2083057064746918031:1,neutral,neutral,neutral,neutral,neutral
2083057064746918031:2,negative,negative,strongly_negative,negative,negative
2083057064746918031:3,neutral,negative,neutral,neutral,negative
2083057064746918031:4,negative,negative,neutral,neutral,negative
2082849474477752523:0,neutral,neutral,positive,strongly_positive,positive
2082849474477752523:3,neutral,neutral,neutral,negative,positive
2082849474477752523:4,positive,positive,positive,positive,positive
2082841839833674160:0,neutral,neutral,neutral,neutral,neutral
2082726259642318877:0,positive,strongly_positive,strongly_negative,strongly_positive,positive
2082647900941914466:0,neutral,neutral,neutral,strongly_positive,neutral
2082647900941914466:1,negative,negative,neutral,negative,neutral
2082647900941914466:2,neutral,neutral,neutral,negative,neutral
2082647900941914466:3,neutral,neutral,neutral,negative,neutral
2082647900941914466:4,dont_know,dont_know,dont_know,dont_know,dont_know
2082485718358818857:0,neutral,neutral,neutral,strongly_negative,positive
2082485718358818857:1,neutral,neutral,neutral,neutral,neutral
2082485718358818857:2,dont_know,dont_know,dont_know,dont_know,dont_know
2082353728510968108:0,negative,negative,strongly_negative,strongly_negative,negative
2082347120426987994:0,negative,negative,strongly_negative,strongly_negative,negative
2082347120426987994:1,strongly_negative,negative,strongly_negative,strongly_negative,negative
2082347120426987994:2,negative,negative,strongly_negative,strongly_negative,negative
2082347120426987994:3,negative,negative,strongly_negative,negative,negative
2081925031425429731:0,negative,negative,neutral,neutral,neutral
2081925031425429731:1,neutral,neutral,positive,positive,neutral
2081925031425429731:2,strongly_negative,strongly_negative,strongly_negative,strongly_negative,negative
2082309401189490786:0,positive,positive,neutral,positive,positive
2082309401189490786:1,neutral,neutral,neutral,neutral,neutral
2082309401189490786:2,neutral,neutral,neutral,neutral,neutral
2082133313213682174:0,negative,negative,dont_know,negative,negative
2082133313213682174:1,dont_know,dont_know,dont_know,dont_know,dont_know
2082010643998331266:0,strongly_negative,negative,strongly_negative,neutral,negative
2081991204422775013:1,neutral,neutral,neutral,neutral,dont_know
2081991204422775013:3,neutral,neutral,neutral,neutral,neutral
2081991204422775013:4,negative,negative,negative,negative,negative
2081991204422775013:5,negative,negative,neutral,negative,negative
2081959615777165776:0,dont_know,dont_know,dont_know,dont_know,dont_know
2081762873014129108:0,strongly_negative,strongly_negative,strongly_negative,strongly_negative,strongly_negative
2081762873014129108:1,strongly_negative,strongly_negative,strongly_negative,negative,strongly_negative
2081725962581119334:0,strongly_negative,strongly_negative,strongly_negative,strongly_negative,strongly_negative
2081664042587034077:2,strongly_negative,strongly_negative,strongly_negative,strongly_negative,strongly_negative
2081658581913682142:0,positive,positive,positive,positive,positive
2081597437702254840:0,positive,positive,positive,positive,positive
2081597437702254840:1,neutral,neutral,neutral,neutral,neutral
2081597437702254840:2,positive,positive,neutral,neutral,positive
2081597437702254840:3,dont_know,dont_know,dont_know,dont_know,negative
2081354567103697251:0,neutral,neutral,neutral,neutral,neutral
2081354567103697251:1,neutral,neutral,neutral,neutral,positive
2081354567103697251:2,dont_know,dont_know,dont_know,dont_know,dont_know
2081308769171165499:0,strongly_positive,strongly_positive,positive,strongly_positive,positive
2081201236942995594:0,neutral,neutral,neutral,neutral,neutral
2080948032250740989:0,strongly_negative,strongly_negative,strongly_negative,strongly_negative,negative
2080948032250740989:1,negative,negative,strongly_negative,negative,negative
2080948032250740989:2,dont_know,dont_know,dont_know,neutral,negative
2080684601136337098:0,neutral,neutral,neutral,neutral,neutral
2080639607901946261:0,positive,strongly_positive,strongly_positive,strongly_negative,positive
2080639607901946261:2,neutral,neutral,dont_know,neutral,positive
2080639607901946261:3,positive,positive,positive,strongly_positive,positive
2080639607901946261:4,dont_know,dont_know,dont_know,neutral,positive
2080315288210317324:0,dont_know,dont_know,dont_know,dont_know,negative
2080242202983485813:0,neutral,positive,positive,positive,neutral
2080242202983485813:1,dont_know,dont_know,dont_know,neutral,neutral
2080120416354582760:0,strongly_positive,strongly_positive,strongly_positive,strongly_positive,strongly_positive
2080120416354582760:1,neutral,neutral,neutral,neutral,neutral
2080120416354582760:2,positive,positive,neutral,neutral,positive
2080120416354582760:3,dont_know,dont_know,dont_know,dont_know,neutral
2079943276292104474:0,negative,strongly_negative,negative,negative,negative
2079751367481258380:0,strongly_negative,strongly_negative,strongly_negative,strongly_negative,strongly_negative
2079220970854953328:0,positive,neutral,positive,positive,neutral
2079220970854953328:1,positive,negative,negative,positive,neutral
2079175371858276735:0,positive,neutral,neutral,positive,neutral
2079175371858276735:1,neutral,neutral,neutral,neutral,negative
2079175371858276735:2,negative,negative,negative,negative,negative
2079175371858276735:3,negative,negative,negative,negative,negative
2079050495398998231:0,positive,neutral,negative,negative,positive
2079050495398998231:1,positive,positive,positive,strongly_negative,positive
2079050495398998231:2,neutral,neutral,positive,strongly_positive,positive
2078603120968622254:0,strongly_positive,strongly_positive,strongly_positive,positive,positive
2078603120968622254:1,negative,negative,negative,negative,negative
2078603120968622254:2,negative,negative,dont_know,neutral,negative
2078603120968622254:3,positive,positive,strongly_positive,strongly_positive,positive
2078603120968622254:4,neutral,neutral,dont_know,strongly_negative,positive
2078493168191099277:0,neutral,neutral,positive,neutral,positive
2078493168191099277:1,positive,positive,positive,positive,positive
2078342791336235009:0,negative,negative,negative,negative,negative
2078324185936679062:6,positive,positive,positive,strongly_positive,positive
2078324185936679062:8,negative,negative,negative,negative,negative
2077635625373888608:0,negative,negative,negative,negative,negative
2077635625373888608:1,negative,negative,negative,negative,negative
2077578051425345866:0,negative,negative,strongly_negative,strongly_negative,negative
2077343185433756033:0,negative,negative,strongly_negative,negative,negative
2077343185433756033:1,negative,negative,negative,negative,negative
2077343185433756033:2,dont_know,dont_know,dont_know,strongly_negative,negative
2077333283143373310:0,positive,positive,neutral,strongly_negative,neutral
2076690310827327562:0,neutral,negative,neutral,negative,neutral
2076690310827327562:1,negative,negative,negative,strongly_negative,neutral
2076690310827327562:2,strongly_negative,strongly_negative,strongly_negative,strongly_negative,strongly_negative
2076690310827327562:3,dont_know,strongly_negative,strongly_negative,strongly_negative,negative
2076643834168213783:0,strongly_positive,strongly_positive,positive,strongly_positive,strongly_positive
2076502782883016891:0,negative,strongly_negative,strongly_negative,strongly_negative,negative
2076502782883016891:1,dont_know,dont_know,dont_know,negative,negative
2076502782883016891:2,negative,strongly_negative,negative,negative,negative
2076502782883016891:3,dont_know,dont_know,dont_know,neutral,dont_know
2075491390167851142:0,negative,negative,strongly_negative,negative,negative
2075491390167851142:1,negative,negative,negative,negative,negative
2075491390167851142:2,neutral,neutral,neutral,negative,neutral
2075491390167851142:3,dont_know,dont_know,dont_know,dont_know,dont_know
2074498933934481672:0,negative,negative,negative,strongly_positive,neutral
2074498933934481672:1,negative,negative,negative,negative,neutral
2074498933934481672:3,negative,neutral,neutral,negative,neutral
2074498933934481672:5,dont_know,dont_know,dont_know,dont_know,dont_know
2074421527802733053:0,positive,positive,positive,positive,positive
2074421527802733053:1,strongly_negative,strongly_negative,strongly_negative,strongly_negative,negative
2074421527802733053:2,negative,negative,negative,positive,negative
2074421527802733053:3,dont_know,dont_know,dont_know,dont_know,neutral
2074339258823798854:0,strongly_positive,strongly_positive,strongly_positive,strongly_positive,positive
2074339258823798854:1,dont_know,negative,positive,strongly_positive,positive
2073801898638131238:0,dont_know,negative,negative,negative,negative
2073407368046801395:0,neutral,neutral,neutral,neutral,neutral
2073407368046801395:1,neutral,neutral,neutral,neutral,neutral
2073407368046801395:3,dont_know,dont_know,dont_know,neutral,neutral
2073259405139952077:0,strongly_positive,positive,positive,strongly_positive,positive
2073259405139952077:1,neutral,neutral,positive,positive,neutral
2073259405139952077:2,positive,positive,dont_know,dont_know,positive
2073184380315672697:0,strongly_positive,strongly_positive,strongly_positive,strongly_positive,strongly_positive
2072511832322105843:0,positive,positive,positive,positive,positive
2072511832322105843:1,neutral,neutral,neutral,positive,neutral
2072511832322105843:2,positive,positive,positive,neutral,positive
2072511832322105843:3,dont_know,dont_know,dont_know,dont_know,dont_know
2072495594539741264:0,strongly_negative,strongly_negative,strongly_negative,strongly_negative,negative
2072495594539741264:5,neutral,negative,negative,neutral,negative
2072495594539741264:7,negative,negative,negative,neutral,negative
2071489758203961498:0,negative,negative,negative,positive,negative
2071489758203961498:1,strongly_positive,strongly_positive,positive,negative,positive
2071489758203961498:2,dont_know,dont_know,dont_know,neutral,neutral
2071442259384599038:0,neutral,neutral,neutral,strongly_positive,positive
2071442259384599038:1,strongly_positive,strongly_positive,strongly_positive,strongly_positive,strongly_positive
2071442259384599038:2,neutral,neutral,positive,neutral,neutral
2071253707812209004:0,negative,negative,negative,negative,negative
2071247456885723282:0,negative,neutral,neutral,neutral,negative
